nm_ema;fc_obsrvcion;tmp_mxma;tmp_mnma;hmd_rel_mdia;rdcion_slar
Bugalagrande;2011-01-01;31.4;18.7;83.0;406.0
La Paila;2011-01-01;30.6;18.1;81.0;449.0
Bugalagrande;2011-01-02;30.7;19.5;85.0;463.0
La Paila;2011-01-02;30.7;18.7;84.0;450.0
Bugalagrande;2011-01-03;30.5;17.5;82.0;536.0
La Paila;2011-01-03;29.3;16.5;80.0;394.0
Bugalagrande;2011-01-04;26.7;18.9;90.0;281.0
La Paila;2011-01-04;25.9;18.1;89.0;226.0
Bugalagrande;2011-01-05;29.4;17.8;91.0;388.0
La Paila;2011-01-05;29.1;17.7;90.0;338.0
Bugalagrande;2011-01-06;30.1;18.0;85.0;478.0
La Paila;2011-01-06;29.4;16.9;82.0;443.0
Bugalagrande;2011-01-07;28.1;18.7;91.0;462.0
La Paila;2011-01-07;26.6;18.4;90.0;287.0
Bugalagrande;2011-01-08;28.3;18.6;87.0;310.0
La Paila;2011-01-08;27.4;18.3;87.0;259.0
Bugalagrande;2011-01-09;29.4;18.8;92.0;295.0
La Paila;2011-01-09;28.9;18.4;90.0;306.0
Bugalagrande;2011-01-10;29.6;18.3;90.0;376.0
La Paila;2011-01-10;29.1;17.8;87.0;353.0
Bugalagrande;2011-01-11;30.6;19.3;86.0;270.0
La Paila;2011-01-11;30.6;18.4;81.0;443.0
Bugalagrande;2011-01-12;32.8;18.3;82.0;362.0
La Paila;2011-01-12;31.0;18.0;80.0;424.0
Bugalagrande;2011-01-13;29.9;19.2;87.0;346.0
La Paila;2011-01-13;29.7;18.4;83.0;338.0
Bugalagrande;2011-01-14;33.4;19.9;81.0;547.0
La Paila;2011-01-14;30.9;18.6;81.0;438.0
Bugalagrande;2011-01-15;31.9;18.3;82.0;339.0
La Paila;2011-01-15;31.7;17.5;80.0;374.0
Bugalagrande;2011-01-16;29.9;18.7;86.0;356.0
La Paila;2011-01-16;29.0;17.8;85.0;289.0
Bugalagrande;2011-01-17;31.8;18.5;81.0;346.0
La Paila;2011-01-17;30.3;17.7;79.0;393.0
Bugalagrande;2011-01-18;32.1;19.1;81.0;406.0
La Paila;2011-01-18;30.7;18.6;80.0;384.0
Bugalagrande;2011-01-19;30.8;19.4;83.0;369.0
La Paila;2011-01-19;30.8;18.7;82.0;392.0
Bugalagrande;2011-01-20;31.6;19.0;82.0;398.0
La Paila;2011-01-20;30.6;17.7;79.0;428.0
Bugalagrande;2011-01-21;31.2;18.3;81.0;503.0
La Paila;2011-01-21;30.4;18.0;79.0;397.0
Bugalagrande;2011-01-22;31.3;17.5;81.0;502.0
La Paila;2011-01-22;30.6;16.8;79.0;433.0
Bugalagrande;2011-01-23;31.5;16.9;80.0;524.0
La Paila;2011-01-23;30.6;17.0;79.0;384.0
Bugalagrande;2011-01-24;31.7;17.8;80.0;503.0
La Paila;2011-01-24;30.6;16.8;77.0;371.0
Bugalagrande;2011-01-25;31.9;18.8;80.0;532.0
La Paila;2011-01-25;30.1;16.8;76.0;350.0
Bugalagrande;2011-01-26;30.7;18.7;83.0;428.0
La Paila;2011-01-26;29.1;17.6;80.0;320.0
Bugalagrande;2011-01-27;30.6;18.1;89.0;396.0
La Paila;2011-01-27;29.2;16.9;87.0;304.0
Bugalagrande;2011-01-28;28.9;18.5;88.0;324.0
La Paila;2011-01-28;27.6;18.0;85.0;335.0
Bugalagrande;2011-01-29;30.5;18.3;85.0;351.0
La Paila;2011-01-29;29.1;17.8;83.0;331.0
Bugalagrande;2011-01-30;30.8;18.2;82.0;458.0
La Paila;2011-01-30;29.9;17.8;79.0;456.0
Bugalagrande;2011-01-31;31.3;18.8;79.0;499.0
La Paila;2011-01-31;30.3;18.2;80.0;411.0
Bugalagrande;2011-02-01;31.3;18.2;81.0;465.0
La Paila;2011-02-01;30.3;17.0;80.0;346.0
Bugalagrande;2011-02-02;32.8;18.5;80.0;585.0
La Paila;2011-02-02;31.8;16.8;78.0;445.0
Bugalagrande;2011-02-03;31.9;17.2;80.0;528.0
La Paila;2011-02-03;31.4;16.9;77.0;442.0
Bugalagrande;2011-02-04;31.9;18.5;84.0;490.0
La Paila;2011-02-04;30.9;18.0;82.0;405.0
Bugalagrande;2011-02-05;31.1;18.8;81.0;484.0
La Paila;2011-02-05;30.1;18.4;80.0;372.0
Bugalagrande;2011-02-06;29.0;20.2;84.0;334.0
La Paila;2011-02-06;28.1;19.1;79.0;288.0
Bugalagrande;2011-02-07;25.0;19.4;220.0;220.0
La Paila;2011-02-07;23.9;18.7;171.0;171.0
Bugalagrande;2011-02-08;30.2;19.4;87.0;511.0
La Paila;2011-02-08;28.8;18.9;82.0;389.0
Bugalagrande;2011-02-09;29.5;18.3;89.0;427.0
La Paila;2011-02-09;28.6;16.9;87.0;353.0
Bugalagrande;2011-02-10;28.8;18.7;90.0;345.0
La Paila;2011-02-10;28.5;18.0;87.0;323.0
Bugalagrande;2011-02-11;29.6;18.2;90.0;293.0
La Paila;2011-02-11;28.8;17.6;89.0;317.0
Bugalagrande;2011-02-12;31.5;18.5;82.0;546.0
La Paila;2011-02-12;30.9;18.2;81.0;470.0
Bugalagrande;2011-02-13;27.3;19.8;90.0;360.0
La Paila;2011-02-13;27.3;18.6;87.0;270.0
Bugalagrande;2011-02-14;30.0;19.2;85.0;473.0
La Paila;2011-02-14;28.4;18.0;83.0;343.0
Bugalagrande;2011-02-15;29.5;19.4;85.0;464.0
La Paila;2011-02-15;29.4;18.8;79.0;410.0
Bugalagrande;2011-02-16;28.1;19.0;91.0;325.0
La Paila;2011-02-16;26.2;18.5;89.0;251.0
Bugalagrande;2011-02-17;28.8;19.5;88.0;431.0
La Paila;2011-02-17;27.2;18.7;87.0;308.0
Bugalagrande;2011-02-18;30.2;19.5;86.0;480.0
La Paila;2011-02-18;29.5;18.6;82.0;426.0
Bugalagrande;2011-02-19;29.1;18.8;86.0;471.0
La Paila;2011-02-19;27.8;18.1;84.0;329.0
Bugalagrande;2011-02-20;30.9;18.3;82.0;534.0
La Paila;2011-02-20;29.7;16.7;81.0;323.0
Bugalagrande;2011-02-21;31.4;16.7;80.0;595.0
La Paila;2011-02-21;30.5;16.0;78.0;403.0
Bugalagrande;2011-02-22;29.8;17.7;82.0;456.0
La Paila;2011-02-22;29.3;17.2;80.0;322.0
Bugalagrande;2011-02-23;29.5;19.6;92.0;323.0
La Paila;2011-02-23;28.4;18.5;88.0;286.0
Bugalagrande;2011-02-24;25.8;19.2;280.0;280.0
La Paila;2011-02-24;25.3;18.4;192.0;192.0
Bugalagrande;2011-02-25;29.7;18.2;85.0;512.0
La Paila;2011-02-25;28.9;17.5;83.0;439.0
Bugalagrande;2011-02-26;31.9;18.3;82.0;509.0
La Paila;2011-02-26;29.6;17.5;81.0;387.0
Bugalagrande;2011-02-27;29.9;19.3;84.0;507.0
La Paila;2011-02-27;28.9;18.6;81.0;376.0
Bugalagrande;2011-02-28;29.5;18.6;87.0;415.0
La Paila;2011-02-28;29.4;17.6;88.0;358.0
Bugalagrande;2011-03-01;27.0;19.3;94.0;316.0
La Paila;2011-03-01;26.4;18.4;92.0;256.0
Bugalagrande;2011-03-02;25.1;18.7;93.0;274.0
La Paila;2011-03-02;24.8;18.0;88.0;269.0
Bugalagrande;2011-03-03;28.6;18.8;86.0;415.0
La Paila;2011-03-03;27.9;17.8;82.0;376.0
Bugalagrande;2011-03-04;31.1;16.3;82.0;586.0
La Paila;2011-03-04;29.9;16.4;79.0;468.0
Bugalagrande;2011-03-05;30.1;18.8;81.0;566.0
La Paila;2011-03-05;29.1;16.3;77.0;407.0
Bugalagrande;2011-03-06;26.7;19.6;91.0;309.0
La Paila;2011-03-06;27.6;18.6;86.0;254.0
Bugalagrande;2011-03-07;31.8;18.6;80.0;608.0
La Paila;2011-03-07;30.0;17.8;77.0;452.0
Bugalagrande;2011-03-08;29.1;19.7;87.0;381.0
La Paila;2011-03-08;27.7;19.0;85.0;290.0
Bugalagrande;2011-03-09;27.5;19.7;85.0;516.0
La Paila;2011-03-09;27.8;18.2;84.0;408.0
Bugalagrande;2011-03-10;29.0;18.7;86.0;358.0
La Paila;2011-03-10;28.0;17.6;82.0;288.0
Bugalagrande;2011-03-11;30.9;17.4;78.0;618.0
La Paila;2011-03-11;29.2;16.2;78.0;447.0
Bugalagrande;2011-03-12;30.7;18.6;81.0;488.0
La Paila;2011-03-12;29.7;17.7;79.0;447.0
Bugalagrande;2011-03-13;31.4;18.1;78.0;382.0
La Paila;2011-03-13;29.7;17.0;76.0;421.0
Bugalagrande;2011-03-14;31.6;15.3;77.0;411.0
La Paila;2011-03-14;30.2;15.2;74.0;482.0
Bugalagrande;2011-03-15;31.2;18.8;75.0;462.0
La Paila;2011-03-15;30.5;18.2;73.0;417.0
Bugalagrande;2011-03-16;30.7;18.9;79.0;436.0
La Paila;2011-03-16;30.8;18.6;74.0;438.0
Bugalagrande;2011-03-17;29.8;18.9;84.0;365.0
La Paila;2011-03-17;29.5;18.7;78.0;327.0
Bugalagrande;2011-03-18;30.0;19.0;84.0;378.0
La Paila;2011-03-18;28.5;18.2;81.0;301.0
Bugalagrande;2011-03-19;30.5;19.5;89.0;427.0
La Paila;2011-03-19;29.7;18.3;87.0;339.0
Bugalagrande;2011-03-20;26.9;18.9;94.0;287.0
La Paila;2011-03-20;25.5;17.4;93.0;246.0
Bugalagrande;2011-03-21;29.8;18.1;85.0;527.0
La Paila;2011-03-21;28.4;17.6;83.0;421.0
Bugalagrande;2011-03-22;29.6;18.7;90.0;452.0
La Paila;2011-03-22;28.5;18.0;86.0;358.0
Bugalagrande;2011-03-23;29.4;19.3;88.0;434.0
La Paila;2011-03-23;28.7;18.5;87.0;341.0
Bugalagrande;2011-03-24;29.7;19.4;89.0;417.0
La Paila;2011-03-24;28.6;18.8;87.0;317.0
Bugalagrande;2011-03-25;28.3;19.7;91.0;335.0
La Paila;2011-03-25;27.7;19.2;89.0;303.0
Bugalagrande;2011-03-26;29.9;19.4;88.0;366.0
La Paila;2011-03-26;28.5;18.7;87.0;244.0
Bugalagrande;2011-03-27;32.6;18.1;82.0;484.0
La Paila;2011-03-27;32.2;17.1;80.0;452.0
Bugalagrande;2011-03-28;30.4;18.2;91.0;359.0
La Paila;2011-03-28;29.7;17.6;90.0;303.0
Bugalagrande;2011-03-29;30.9;18.2;84.0;518.0
La Paila;2011-03-29;29.9;17.2;85.0;420.0
Bugalagrande;2011-03-30;31.6;18.2;84.0;455.0
La Paila;2011-03-30;30.4;17.8;80.0;471.0
Bugalagrande;2011-03-31;32.4;19.1;84.0;509.0
La Paila;2011-03-31;30.7;18.0;80.0;421.0
Bugalagrande;2011-04-01;31.8;20.2;82.0;542.0
La Paila;2011-04-01;31.1;19.0;79.0;450.0
Bugalagrande;2011-04-02;30.7;19.4;86.0;503.0
La Paila;2011-04-02;29.6;18.5;83.0;430.0
Bugalagrande;2011-04-03;31.0;17.9;82.0;461.0
La Paila;2011-04-03;29.7;17.8;82.0;388.0
Bugalagrande;2011-04-04;30.3;19.9;89.0;375.0
La Paila;2011-04-04;28.3;19.0;86.0;311.0
Bugalagrande;2011-04-05;25.7;19.6;187.0;187.0
La Paila;2011-04-05;25.2;18.0;95.0;233.0
Bugalagrande;2011-04-06;30.2;19.4;88.0;436.0
La Paila;2011-04-06;28.3;18.9;86.0;337.0
Bugalagrande;2011-04-07;28.2;19.8;89.0;445.0
La Paila;2011-04-07;27.3;18.5;86.0;370.0
Bugalagrande;2011-04-08;30.5;19.2;87.0;483.0
La Paila;2011-04-08;28.7;17.6;85.0;402.0
Bugalagrande;2011-04-09;28.9;19.0;93.0;410.0
La Paila;2011-04-09;27.3;17.8;92.0;292.0
Bugalagrande;2011-04-10;25.7;18.8;94.0;283.0
La Paila;2011-04-10;24.9;17.7;278.0;278.0
Bugalagrande;2011-04-11;28.2;19.6;92.0;414.0
La Paila;2011-04-11;27.7;18.8;87.0;385.0
Bugalagrande;2011-04-12;25.8;19.1;94.0;265.0
La Paila;2011-04-12;26.0;18.2;90.0;229.0
Bugalagrande;2011-04-13;30.4;19.1;86.0;525.0
La Paila;2011-04-13;28.7;18.1;83.0;408.0
Bugalagrande;2011-04-14;31.2;17.9;86.0;519.0
La Paila;2011-04-14;30.3;17.2;83.0;428.0
Bugalagrande;2011-04-15;25.7;19.6;257.0;257.0
La Paila;2011-04-15;25.3;18.4;94.0;187.0
Bugalagrande;2011-04-16;29.3;19.2;92.0;402.0
La Paila;2011-04-16;27.8;18.1;90.0;377.0
Bugalagrande;2011-04-17;29.0;19.2;91.0;410.0
La Paila;2011-04-17;27.8;18.2;89.0;319.0
Bugalagrande;2011-04-18;27.8;19.4;93.0;333.0
La Paila;2011-04-18;27.3;18.4;95.0;293.0
Bugalagrande;2011-04-19;28.4;19.3;89.0;364.0
La Paila;2011-04-19;27.5;18.2;88.0;340.0
Bugalagrande;2011-04-20;28.0;19.0;91.0;333.0
La Paila;2011-04-20;27.1;17.8;87.0;357.0
Bugalagrande;2011-04-21;29.6;18.5;87.0;523.0
La Paila;2011-04-21;28.7;17.8;84.0;428.0
Bugalagrande;2011-04-22;28.3;19.0;91.0;378.0
La Paila;2011-04-22;26.9;17.9;88.0;275.0
Bugalagrande;2011-04-23;30.8;17.4;88.0;459.0
La Paila;2011-04-23;29.5;16.5;87.0;367.0
Bugalagrande;2011-04-24;30.8;19.0;87.0;467.0
La Paila;2011-04-24;29.5;18.0;85.0;429.0
Bugalagrande;2011-04-25;28.4;19.8;90.0;340.0
La Paila;2011-04-25;26.4;19.4;90.0;251.0
Bugalagrande;2011-04-26;31.0;19.0;89.0;472.0
La Paila;2011-04-26;30.9;18.4;87.0;414.0
Bugalagrande;2011-04-27;30.0;19.2;85.0;498.0
La Paila;2011-04-27;28.6;17.9;83.0;411.0
Bugalagrande;2011-04-28;27.9;18.8;93.0;265.0
La Paila;2011-04-28;27.2;18.6;90.0;244.0
Bugalagrande;2011-04-29;30.4;19.0;88.0;140.0
La Paila;2011-04-29;29.3;18.6;85.0;360.0
Bugalagrande;2011-04-30;31.1;19.4;84.0;118.0
La Paila;2011-04-30;29.6;18.4;84.0;334.0
Bugalagrande;2011-05-01;31.6;19.7;90.0;105.0
La Paila;2011-05-01;29.6;19.2;87.0;278.0
Bugalagrande;2011-05-02;32.1;18.1;83.0;133.0
La Paila;2011-05-02;30.5;17.7;82.0;439.0
Bugalagrande;2011-05-03;23.4;20.1;66.1;66.1
La Paila;2011-05-03;23.0;19.4;67.4;67.4
Bugalagrande;2011-05-04;30.9;19.8;86.0;165.0
La Paila;2011-05-04;30.0;19.4;86.0;363.0
Bugalagrande;2011-05-05;30.0;18.4;86.0;109.0
La Paila;2011-05-05;28.9;17.9;84.0;319.0
Bugalagrande;2011-05-06;31.8;20.3;84.0;77.0
La Paila;2011-05-06;30.9;19.6;82.0;389.0
Bugalagrande;2011-05-07;32.0;19.9;88.0;81.0
La Paila;2011-05-07;30.8;19.4;83.0;354.0
Bugalagrande;2011-05-08;30.5;20.0;86.0;87.0
La Paila;2011-05-08;29.9;19.8;84.0;280.0
Bugalagrande;2011-05-09;30.7;19.9;88.0;196.0
La Paila;2011-05-09;29.2;19.2;87.0;360.0
Bugalagrande;2011-05-10;32.2;19.4;84.0;78.0
La Paila;2011-05-10;31.0;19.0;83.0;420.0
Bugalagrande;2011-05-11;28.7;20.0;95.0;219.0
La Paila;2011-05-11;27.4;19.5;93.0;212.0
Bugalagrande;2011-05-12;31.2;19.2;91.0;151.0
La Paila;2011-05-12;29.7;18.9;86.0;354.0
Bugalagrande;2011-05-13;29.1;20.2;90.0;205.0
La Paila;2011-05-13;28.0;19.4;89.0;305.0
Bugalagrande;2011-05-14;24.4;19.5;231.0;231.0
La Paila;2011-05-14;23.4;18.4;163.0;163.0
Bugalagrande;2011-05-15;28.6;19.1;91.0;177.0
La Paila;2011-05-15;27.8;18.4;89.0;300.0
Bugalagrande;2011-05-16;30.4;19.7;87.0;123.0
La Paila;2011-05-16;28.3;18.7;83.0;336.0
Bugalagrande;2011-05-17;31.1;19.1;82.0;123.0
La Paila;2011-05-17;29.3;18.8;79.0;376.0
Bugalagrande;2011-05-18;30.0;19.2;81.0;129.0
La Paila;2011-05-18;29.0;18.2;79.0;383.0
Bugalagrande;2011-05-19;29.4;18.7;85.0;151.0
La Paila;2011-05-19;26.4;17.9;83.0;220.0
Bugalagrande;2011-05-20;31.4;17.1;85.0;68.7
La Paila;2011-05-20;29.5;16.5;83.0;395.0
Bugalagrande;2011-05-21;28.3;18.5;91.0;269.0
La Paila;2011-05-21;26.6;17.9;87.0;298.0
Bugalagrande;2011-05-22;28.1;19.3;87.0;298.0
La Paila;2011-05-22;27.5;18.5;88.0;281.0
Bugalagrande;2011-05-23;30.7;18.7;83.0;104.0
La Paila;2011-05-23;29.4;17.9;81.0;426.0
Bugalagrande;2011-05-24;30.8;19.7;86.0;62.7
La Paila;2011-05-24;29.6;18.8;87.0;321.0
Bugalagrande;2011-05-25;28.8;19.8;91.0;28.8
La Paila;2011-05-25;27.2;18.0;88.0;334.0
Bugalagrande;2011-05-26;30.5;18.7;86.0;422.0
La Paila;2011-05-26;29.1;18.8;86.0;302.0
Bugalagrande;2011-05-27;30.5;20.3;85.0;382.0
La Paila;2011-05-27;29.3;19.5;82.0;356.0
Bugalagrande;2011-05-28;29.1;20.3;85.0;356.0
La Paila;2011-05-28;28.1;19.0;84.0;256.0
Bugalagrande;2011-05-29;29.9;19.4;87.0;410.0
La Paila;2011-05-29;29.2;18.6;84.0;332.0
Bugalagrande;2011-05-30;31.0;19.0;85.0;450.0
La Paila;2011-05-30;30.3;19.0;81.0;340.0
Bugalagrande;2011-05-31;30.2;20.0;88.0;328.0
La Paila;2011-05-31;29.6;19.2;79.0;363.0
Bugalagrande;2011-06-01;28.7;20.5;89.0;292.0
La Paila;2011-06-01;27.7;20.3;85.0;240.0
Bugalagrande;2011-06-02;23.6;19.0;181.0;181.0
La Paila;2011-06-02;23.4;18.4;145.0;145.0
Bugalagrande;2011-06-03;27.5;18.6;90.0;339.0
La Paila;2011-06-03;26.1;18.3;90.0;221.0
Bugalagrande;2011-06-04;25.2;18.5;93.0;217.0
La Paila;2011-06-04;24.6;17.8;92.0;176.0
Bugalagrande;2011-06-05;30.7;18.4;85.0;483.0
La Paila;2011-06-05;28.7;17.6;83.0;355.0
Bugalagrande;2011-06-06;30.8;19.3;85.0;514.0
La Paila;2011-06-06;28.6;18.8;82.0;387.0
Bugalagrande;2011-06-07;29.5;19.2;88.0;333.0
La Paila;2011-06-07;28.0;18.8;86.0;269.0
Bugalagrande;2011-06-08;32.1;18.1;82.0;495.0
La Paila;2011-06-08;30.3;18.0;81.0;374.0
Bugalagrande;2011-06-09;31.6;20.0;84.0;432.0
La Paila;2011-06-09;30.3;18.8;82.0;322.0
Bugalagrande;2011-06-10;33.2;19.1;82.0;462.0
La Paila;2011-06-10;31.3;19.0;82.0;379.0
Bugalagrande;2011-06-11;32.5;19.4;82.0;476.0
La Paila;2011-06-11;31.1;18.8;81.0;388.0
Bugalagrande;2011-06-12;32.2;18.4;81.0;506.0
La Paila;2011-06-12;30.4;17.8;79.0;313.0
Bugalagrande;2011-06-13;33.4;18.9;78.0;517.0
La Paila;2011-06-13;33.2;18.3;77.0;423.0
Bugalagrande;2011-06-14;30.0;20.4;87.0;302.0
La Paila;2011-06-14;29.2;19.7;82.0;284.0
Bugalagrande;2011-06-15;29.7;18.7;85.0;341.0
La Paila;2011-06-15;29.2;18.5;81.0;289.0
Bugalagrande;2011-06-16;28.3;18.4;85.0;306.0
La Paila;2011-06-16;27.9;17.9;82.0;254.0
Bugalagrande;2011-06-17;30.3;19.5;85.0;362.0
La Paila;2011-06-17;28.5;18.9;84.0;275.0
Bugalagrande;2011-06-18;28.9;20.1;87.0;306.0
La Paila;2011-06-18;27.9;18.5;87.0;237.0
Bugalagrande;2011-06-19;28.8;19.1;92.0;317.0
La Paila;2011-06-19;28.4;18.3;86.0;265.0
Bugalagrande;2011-06-20;32.1;19.3;84.0;386.0
La Paila;2011-06-20;29.9;18.1;83.0;352.0
Bugalagrande;2011-06-21;32.0;19.0;81.0;419.0
La Paila;2011-06-21;30.4;17.3;79.0;391.0
Bugalagrande;2011-06-22;31.7;19.0;82.0;403.0
La Paila;2011-06-22;30.3;17.9;83.0;329.0
Bugalagrande;2011-06-23;29.5;20.2;89.0;296.0
La Paila;2011-06-23;27.2;19.4;86.0;253.0
Bugalagrande;2011-06-24;29.0;19.1;85.0;369.0
La Paila;2011-06-24;29.0;18.1;86.0;328.0
Bugalagrande;2011-06-25;28.2;18.5;87.0;326.0
La Paila;2011-06-25;27.1;17.9;87.0;280.0
Bugalagrande;2011-06-26;29.2;17.2;84.0;432.0
La Paila;2011-06-26;27.8;17.0;84.0;343.0
Bugalagrande;2011-06-27;30.6;18.9;86.0;426.0
La Paila;2011-06-27;28.7;18.4;87.0;322.0
Bugalagrande;2011-06-28;31.7;16.8;82.0;539.0
La Paila;2011-06-28;30.6;16.5;80.0;397.0
Bugalagrande;2011-06-29;30.8;18.3;85.0;401.0
La Paila;2011-06-29;29.9;18.3;81.0;339.0
Bugalagrande;2011-06-30;29.2;18.3;90.0;319.0
La Paila;2011-06-30;27.7;17.6;86.0;280.0
Bugalagrande;2011-07-01;29.2;18.6;86.0;478.0
La Paila;2011-07-01;28.8;17.9;85.0;361.0
Bugalagrande;2011-07-02;29.7;18.6;87.0;366.0
La Paila;2011-07-02;28.0;18.1;89.0;247.0
Bugalagrande;2011-07-03;31.2;17.3;83.0;493.0
La Paila;2011-07-03;29.9;16.6;83.0;380.0
Bugalagrande;2011-07-04;30.7;18.6;83.0;472.0
La Paila;2011-07-04;29.5;17.6;85.0;342.0
Bugalagrande;2011-07-05;30.5;17.5;83.0;451.0
La Paila;2011-07-05;29.1;16.7;83.0;354.0
Bugalagrande;2011-07-06;29.1;18.7;91.0;332.0
La Paila;2011-07-06;28.8;17.7;90.0;299.0
Bugalagrande;2011-07-07;30.4;18.2;86.0;251.0
La Paila;2011-07-07;29.3;16.7;86.0;400.0
Bugalagrande;2011-07-08;31.8;18.0;82.0;314.0
La Paila;2011-07-08;30.0;17.3;81.0;379.0
Bugalagrande;2011-07-09;30.7;18.1;86.0;236.0
La Paila;2011-07-09;29.8;17.4;84.0;315.0
Bugalagrande;2011-07-10;30.6;18.6;82.0;296.0
La Paila;2011-07-10;29.2;18.0;80.0;342.0
Bugalagrande;2011-07-11;30.0;18.8;81.0;284.0
La Paila;2011-07-11;29.3;18.0;82.0;352.0
Bugalagrande;2011-07-12;29.9;19.5;88.0;286.0
La Paila;2011-07-12;28.8;18.4;86.0;349.0
Bugalagrande;2011-07-13;27.3;19.1;90.0;326.0
La Paila;2011-07-13;26.0;18.3;89.0;244.0
Bugalagrande;2011-07-14;28.9;18.8;86.0;445.0
La Paila;2011-07-14;28.1;17.6;84.0;314.0
Bugalagrande;2011-07-15;28.9;18.6;90.0;416.0
La Paila;2011-07-15;27.2;17.5;88.0;337.0
Bugalagrande;2011-07-16;29.5;18.9;84.0;516.0
La Paila;2011-07-16;28.9;18.2;83.0;364.0
Bugalagrande;2011-07-17;29.3;18.6;91.0;345.0
La Paila;2011-07-17;28.3;16.9;88.0;278.0
Bugalagrande;2011-07-18;30.1;19.0;86.0;449.0
La Paila;2011-07-18;28.8;17.5;84.0;364.0
Bugalagrande;2011-07-19;31.5;20.1;81.0;531.0
La Paila;2011-07-19;30.0;18.2;81.0;393.0
Bugalagrande;2011-07-20;32.9;19.8;82.0;502.0
La Paila;2011-07-20;31.3;18.2;82.0;387.0
Bugalagrande;2011-07-21;30.6;18.9;84.0;491.0
La Paila;2011-07-21;29.2;17.8;85.0;303.0
Bugalagrande;2011-07-22;31.8;17.6;81.0;525.0
La Paila;2011-07-22;30.3;17.4;82.0;384.0
Bugalagrande;2011-07-23;32.2;19.6;81.0;505.0
La Paila;2011-07-23;30.6;18.8;81.0;350.0
Bugalagrande;2011-07-24;31.9;17.7;82.0;484.0
La Paila;2011-07-24;30.0;16.9;82.0;356.0
Bugalagrande;2011-07-25;31.1;19.2;81.0;360.0
La Paila;2011-07-25;29.5;17.4;81.0;323.0
Bugalagrande;2011-07-26;31.4;19.2;80.0;431.0
La Paila;2011-07-26;29.8;18.2;80.0;302.0
Bugalagrande;2011-07-27;31.6;20.4;81.0;495.0
La Paila;2011-07-27;29.4;18.9;84.0;270.0
Bugalagrande;2011-07-28;26.7;18.8;92.0;235.0
La Paila;2011-07-28;26.0;17.7;93.0;233.0
Bugalagrande;2011-07-29;24.8;18.6;95.0;251.0
La Paila;2011-07-29;22.9;17.5;95.0;239.0
Bugalagrande;2011-07-30;25.9;18.5;94.0;236.0
La Paila;2011-07-30;24.4;17.4;93.0;241.0
Bugalagrande;2011-07-31;28.4;18.6;89.0;374.0
La Paila;2011-07-31;27.8;17.8;88.0;328.0
Bugalagrande;2011-08-01;30.3;17.5;86.0;464.0
La Paila;2011-08-01;28.8;16.1;85.0;386.0
Bugalagrande;2011-08-02;30.8;18.3;83.0;454.0
La Paila;2011-08-02;29.8;17.3;84.0;403.0
Bugalagrande;2011-08-03;30.4;19.1;88.0;417.0
La Paila;2011-08-03;29.9;18.0;87.0;395.0
Bugalagrande;2011-08-04;31.4;18.2;84.0;493.0
La Paila;2011-08-04;29.5;17.2;86.0;421.0
Bugalagrande;2011-08-05;33.9;20.4;78.0;538.0
La Paila;2011-08-05;31.6;19.1;79.0;473.0
Bugalagrande;2011-08-06;33.1;17.4;77.0;551.0
La Paila;2011-08-06;31.8;16.6;79.0;466.0
Bugalagrande;2011-08-07;32.6;17.6;77.0;489.0
La Paila;2011-08-07;31.9;16.8;77.0;451.0
Bugalagrande;2011-08-08;33.4;16.2;76.0;485.0
La Paila;2011-08-08;32.0;15.5;74.0;468.0
Bugalagrande;2011-08-09;30.5;16.8;81.0;406.0
La Paila;2011-08-09;29.6;15.7;80.0;404.0
Bugalagrande;2011-08-10;32.8;17.7;76.0;556.0
La Paila;2011-08-10;31.2;16.3;78.0;440.0
Bugalagrande;2011-08-11;32.1;17.8;77.0;521.0
La Paila;2011-08-11;30.7;16.6;77.0;422.0
Bugalagrande;2011-08-12;30.2;18.4;79.0;387.0
La Paila;2011-08-12;28.8;17.8;82.0;322.0
Bugalagrande;2011-08-13;31.5;17.4;78.0;450.0
La Paila;2011-08-13;30.4;16.9;78.0;410.0
Bugalagrande;2011-08-14;30.5;18.9;80.0;501.0
La Paila;2011-08-14;29.4;17.4;79.0;325.0
Bugalagrande;2011-08-15;27.7;18.5;84.0;285.0
La Paila;2011-08-15;28.0;17.0;80.0;326.0
Bugalagrande;2011-08-16;29.5;18.3;82.0;370.0
La Paila;2011-08-16;29.2;17.4;80.0;375.0
Bugalagrande;2011-08-17;31.9;17.8;79.0;396.0
La Paila;2011-08-17;30.1;17.2;79.0;382.0
Bugalagrande;2011-08-18;32.2;19.0;79.0;444.0
La Paila;2011-08-18;30.4;18.6;77.0;394.0
Bugalagrande;2011-08-19;29.3;18.8;90.0;244.0
La Paila;2011-08-19;28.4;17.3;88.0;263.0
Bugalagrande;2011-08-20;27.6;18.4;88.0;323.0
La Paila;2011-08-20;27.0;17.0;87.0;288.0
Bugalagrande;2011-08-21;30.1;18.5;82.0;441.0
La Paila;2011-08-21;29.2;18.0;84.0;408.0
Bugalagrande;2011-08-22;31.0;19.4;82.0;417.0
La Paila;2011-08-22;30.0;18.4;84.0;318.0
Bugalagrande;2011-08-23;31.5;18.5;85.0;478.0
La Paila;2011-08-23;30.3;16.6;86.0;408.0
Bugalagrande;2011-08-24;28.7;18.6;89.0;267.0
La Paila;2011-08-24;27.1;17.9;89.0;268.0
Bugalagrande;2011-08-25;31.4;17.4;80.0;421.0
La Paila;2011-08-25;30.1;16.2;82.0;447.0
Bugalagrande;2011-08-26;33.0;18.8;78.0;430.0
La Paila;2011-08-26;31.6;17.7;78.0;464.0
Bugalagrande;2011-08-27;33.3;19.0;77.0;474.0
La Paila;2011-08-27;31.9;17.6;75.0;457.0
Bugalagrande;2011-08-28;31.5;20.0;81.0;479.0
La Paila;2011-08-28;30.3;19.4;76.0;445.0
Bugalagrande;2011-08-29;32.9;19.2;78.0;512.0
La Paila;2011-08-29;31.0;18.0;77.0;440.0
Bugalagrande;2011-08-30;33.5;18.3;76.0;542.0
La Paila;2011-08-30;32.4;18.1;76.0;458.0
Bugalagrande;2011-08-31;33.7;19.2;76.0;489.0
La Paila;2011-08-31;32.8;18.1;73.0;428.0
Bugalagrande;2011-09-01;32.9;16.6;75.0;454.0
La Paila;2011-09-01;31.5;16.4;76.0;371.0
Bugalagrande;2011-09-02;31.9;16.8;76.0;513.0
La Paila;2011-09-02;30.8;16.0;75.0;440.0
Bugalagrande;2011-09-03;30.3;18.3;85.0;356.0
La Paila;2011-09-03;28.9;17.3;84.0;327.0
Bugalagrande;2011-09-04;31.3;16.7;82.0;372.0
La Paila;2011-09-04;29.6;15.9;80.0;384.0
Bugalagrande;2011-09-05;32.8;17.4;76.0;521.0
La Paila;2011-09-05;31.5;16.6;74.0;495.0
Bugalagrande;2011-09-06;31.1;17.1;77.0;355.0
La Paila;2011-09-06;30.0;16.5;77.0;326.0
Bugalagrande;2011-09-07;30.6;18.1;85.0;362.0
La Paila;2011-09-07;29.8;16.8;85.0;326.0
Bugalagrande;2011-09-08;27.4;19.1;92.0;299.0
La Paila;2011-09-08;26.8;18.6;93.0;269.0
Bugalagrande;2011-09-09;28.9;18.9;86.0;393.0
La Paila;2011-09-09;28.6;17.8;83.0;440.0
Bugalagrande;2011-09-10;31.1;17.6;83.0;514.0
La Paila;2011-09-10;30.9;16.9;80.0;478.0
Bugalagrande;2011-09-11;29.8;19.4;85.0;384.0
La Paila;2011-09-11;28.1;18.3;86.0;352.0
Bugalagrande;2011-09-12;32.5;19.0;79.0;433.0
La Paila;2011-09-12;30.8;18.2;79.0;392.0
Bugalagrande;2011-09-13;33.8;18.0;76.0;501.0
La Paila;2011-09-13;32.2;17.4;78.0;469.0
Bugalagrande;2011-09-14;33.2;17.6;82.0;481.0
La Paila;2011-09-14;31.8;16.3;81.0;476.0
Bugalagrande;2011-09-15;32.0;18.3;79.0;407.0
La Paila;2011-09-15;31.9;16.7;77.0;494.0
Bugalagrande;2011-09-16;30.5;19.3;81.0;312.0
La Paila;2011-09-16;30.0;17.7;80.0;402.0
Bugalagrande;2011-09-17;30.1;19.0;85.0;352.0
La Paila;2011-09-17;29.4;18.3;85.0;372.0
Bugalagrande;2011-09-18;27.9;19.5;90.0;280.0
La Paila;2011-09-18;26.5;18.3;91.0;292.0
Bugalagrande;2011-09-19;30.3;18.4;85.0;349.0
La Paila;2011-09-19;28.6;17.2;85.0;314.0
Bugalagrande;2011-09-20;30.7;19.2;84.0;453.0
La Paila;2011-09-20;29.2;18.2;83.0;351.0
Bugalagrande;2011-09-21;31.6;17.9;87.0;394.0
La Paila;2011-09-21;30.2;17.1;85.0;355.0
Bugalagrande;2011-09-22;32.1;18.9;88.0;462.0
La Paila;2011-09-22;31.9;18.0;83.0;405.0
Bugalagrande;2011-09-23;32.0;18.5;85.0;529.0
La Paila;2011-09-23;31.2;17.6;82.0;496.0
Bugalagrande;2011-09-24;29.5;19.8;91.0;359.0
La Paila;2011-09-24;30.1;18.7;86.0;335.0
Bugalagrande;2011-09-25;29.3;19.5;89.0;316.0
La Paila;2011-09-25;28.0;18.1;83.0;327.0
Bugalagrande;2011-09-26;31.9;19.4;83.0;457.0
La Paila;2011-09-26;31.0;17.8;80.0;404.0
Bugalagrande;2011-09-27;33.0;19.3;81.0;490.0
La Paila;2011-09-27;31.4;16.9;79.0;415.0
Bugalagrande;2011-09-28;32.2;17.8;85.0;360.0
La Paila;2011-09-28;31.5;16.5;81.0;361.0
Bugalagrande;2011-09-29;30.0;18.3;85.0;352.0
La Paila;2011-09-29;29.9;17.1;86.0;314.0
Bugalagrande;2011-09-30;31.5;18.3;83.0;451.0
La Paila;2011-09-30;29.5;16.7;85.0;396.0
Bugalagrande;2011-10-01;28.8;19.3;91.0;297.0
La Paila;2011-10-01;28.5;18.3;92.0;296.0
Bugalagrande;2011-10-02;29.3;19.0;92.0;351.0
La Paila;2011-10-02;29.0;17.8;91.0;378.0
Bugalagrande;2011-10-03;30.1;19.1;88.0;433.0
La Paila;2011-10-03;29.2;18.8;89.0;377.0
Bugalagrande;2011-10-04;28.2;18.8;93.0;373.0
La Paila;2011-10-04;26.7;17.8;91.0;326.0
Bugalagrande;2011-10-05;29.2;18.6;89.0;387.0
La Paila;2011-10-05;29.0;17.5;84.0;372.0
Bugalagrande;2011-10-06;30.7;20.1;88.0;472.0
La Paila;2011-10-06;29.4;18.8;87.0;431.0
Bugalagrande;2011-10-07;31.7;20.3;84.0;534.0
La Paila;2011-10-07;30.0;18.9;83.0;437.0
Bugalagrande;2011-10-08;26.1;19.6;94.0;221.0
La Paila;2011-10-08;24.8;18.3;93.0;185.0
Bugalagrande;2011-10-09;29.5;19.5;83.0;487.0
La Paila;2011-10-09;29.2;18.5;85.0;407.0
Bugalagrande;2011-10-10;28.7;19.3;91.0;426.0
La Paila;2011-10-10;28.9;18.0;90.0;330.0
Bugalagrande;2011-10-11;30.5;20.0;89.0;495.0
La Paila;2011-10-11;28.7;18.6;87.0;398.0
Bugalagrande;2011-10-12;29.4;19.5;84.0;464.0
La Paila;2011-10-12;27.9;18.8;83.0;395.0
Bugalagrande;2011-10-13;31.0;18.8;83.0;510.0
La Paila;2011-10-13;29.3;17.7;83.0;399.0
Bugalagrande;2011-10-14;24.3;19.3;167.0;167.0
La Paila;2011-10-14;24.7;17.9;180.0;180.0
Bugalagrande;2011-10-15;27.2;19.1;91.0;312.0
La Paila;2011-10-15;25.9;17.8;89.0;289.0
Bugalagrande;2011-10-16;26.5;18.5;95.0;322.0
La Paila;2011-10-16;24.3;17.8;93.0;246.0
Bugalagrande;2011-10-17;22.7;17.9;207.0;207.0
La Paila;2011-10-17;22.8;16.9;94.0;209.0
Bugalagrande;2011-10-18;25.6;14.9;92.0;367.0
La Paila;2011-10-18;24.1;13.9;90.0;320.0
Bugalagrande;2011-10-19;29.0;17.5;81.0;538.0
La Paila;2011-10-19;27.6;16.8;81.0;357.0
Bugalagrande;2011-10-20;29.0;17.6;80.0;385.0
La Paila;2011-10-20;27.5;16.2;80.0;279.0
Bugalagrande;2011-10-21;29.6;17.1;75.0;443.0
La Paila;2011-10-21;27.6;16.6;76.0;305.0
Bugalagrande;2011-10-22;30.4;17.5;76.0;549.0
La Paila;2011-10-22;28.6;16.3;78.0;419.0
Bugalagrande;2011-10-23;30.4;16.0;80.0;552.0
La Paila;2011-10-23;29.1;14.6;78.0;421.0
Bugalagrande;2011-10-24;28.8;18.9;89.0;400.0
La Paila;2011-10-24;27.7;18.4;88.0;349.0
Bugalagrande;2011-10-25;29.1;18.7;88.0;346.0
La Paila;2011-10-25;27.5;18.1;89.0;308.0
Bugalagrande;2011-10-26;30.1;19.4;85.0;461.0
La Paila;2011-10-26;28.8;18.1;83.0;416.0
Bugalagrande;2011-10-27;31.5;18.8;81.0;434.0
La Paila;2011-10-27;30.2;18.4;81.0;390.0
Bugalagrande;2011-10-28;26.3;19.5;219.0;219.0
La Paila;2011-10-28;26.4;18.0;95.0;167.0
Bugalagrande;2011-10-29;28.1;18.5;86.0;388.0
La Paila;2011-10-29;27.5;17.8;88.0;326.0
Bugalagrande;2011-10-30;23.4;18.7;142.0;142.0
La Paila;2011-10-30;23.6;17.6;166.0;166.0
Bugalagrande;2011-10-31;29.6;18.2;85.0;452.0
La Paila;2011-10-31;27.7;17.0;86.0;350.0
Bugalagrande;2011-11-01;30.3;17.1;82.0;484.0
La Paila;2011-11-01;29.9;15.9;83.0;369.0
Bugalagrande;2011-11-02;32.3;18.4;80.0;536.0
La Paila;2011-11-02;31.0;17.2;81.0;413.0
Bugalagrande;2011-11-03;29.1;19.4;86.0;330.0
La Paila;2011-11-03;28.1;18.8;86.0;271.0
Bugalagrande;2011-11-04;30.7;19.0;86.0;443.0
La Paila;2011-11-04;29.1;18.6;84.0;344.0
Bugalagrande;2011-11-05;32.1;18.6;82.0;503.0
La Paila;2011-11-05;30.8;17.6;83.0;373.0
Bugalagrande;2011-11-06;30.2;19.5;86.0;394.0
La Paila;2011-11-06;28.7;18.4;89.0;344.0
Bugalagrande;2011-11-07;31.7;18.5;84.0;534.0
La Paila;2011-11-07;29.5;18.5;87.0;361.0
Bugalagrande;2011-11-08;25.1;19.7;147.0;147.0
La Paila;2011-11-08;24.1;18.7;139.0;139.0
Bugalagrande;2011-11-09;28.9;19.2;89.0;471.0
La Paila;2011-11-09;27.9;17.8;87.0;309.0
Bugalagrande;2011-11-10;29.7;19.0;88.0;466.0
La Paila;2011-11-10;28.1;18.0;89.0;328.0
Bugalagrande;2011-11-11;29.3;18.7;92.0;373.0
La Paila;2011-11-11;27.3;17.6;90.0;283.0
Bugalagrande;2011-11-12;25.7;18.7;95.0;230.0
La Paila;2011-11-12;24.7;17.6;93.0;167.0
Bugalagrande;2011-11-13;27.2;18.4;91.0;330.0
La Paila;2011-11-13;25.6;17.3;91.0;247.0
Bugalagrande;2011-11-14;31.1;18.0;83.0;505.0
La Paila;2011-11-14;29.5;16.8;82.0;417.0
Bugalagrande;2011-11-15;30.8;19.7;82.0;516.0
La Paila;2011-11-15;29.3;18.6;82.0;379.0
Bugalagrande;2011-11-16;29.1;18.3;91.0;386.0
La Paila;2011-11-16;27.8;17.6;88.0;321.0
Bugalagrande;2011-11-17;29.4;19.7;85.0;454.0
La Paila;2011-11-17;28.2;18.2;84.0;368.0
Bugalagrande;2011-11-18;29.2;19.1;86.0;387.0
La Paila;2011-11-18;27.7;18.0;87.0;305.0
Bugalagrande;2011-11-19;32.8;17.8;84.0;508.0
La Paila;2011-11-19;28.0;17.2;84.0;401.0
Bugalagrande;2011-11-20;29.0;18.9;89.0;407.0
La Paila;2011-11-20;27.5;17.7;88.0;331.0
Bugalagrande;2011-11-21;30.3;17.8;87.0;466.0
La Paila;2011-11-21;28.2;16.5;86.0;387.0
Bugalagrande;2011-11-22;28.8;18.8;88.0;378.0
La Paila;2011-11-22;27.3;17.7;85.0;354.0
Bugalagrande;2011-11-23;30.4;18.2;83.0;493.0
La Paila;2011-11-23;29.1;16.8;83.0;389.0
Bugalagrande;2011-11-24;26.3;18.2;92.0;288.0
La Paila;2011-11-24;26.5;16.9;90.0;252.0
Bugalagrande;2011-11-25;30.4;16.2;82.0;511.0
La Paila;2011-11-25;30.1;15.5;83.0;400.0
Bugalagrande;2011-11-26;30.7;18.6;84.0;530.0
La Paila;2011-11-26;29.5;17.4;83.0;346.0
Bugalagrande;2011-11-27;29.0;19.2;88.0;379.0
La Paila;2011-11-27;28.4;17.9;88.0;336.0
Bugalagrande;2011-11-28;27.4;18.2;88.0;319.0
La Paila;2011-11-28;28.1;17.2;86.0;317.0
Bugalagrande;2011-11-29;26.5;19.1;94.0;260.0
La Paila;2011-11-29;25.7;18.4;91.0;247.0
Bugalagrande;2011-11-30;29.7;19.3;86.0;470.0
La Paila;2011-11-30;28.1;17.8;85.0;386.0
Bugalagrande;2011-12-01;29.6;18.8;89.0;404.0
La Paila;2011-12-01;27.9;17.9;88.0;323.0
Bugalagrande;2011-12-02;28.7;18.3;90.0;340.0
La Paila;2011-12-02;27.5;17.4;89.0;279.0
Bugalagrande;2011-12-03;29.1;19.4;89.0;395.0
La Paila;2011-12-03;27.0;18.1;88.0;235.0
Bugalagrande;2011-12-04;29.1;19.4;88.0;382.0
La Paila;2011-12-04;29.2;17.4;88.0;354.0
Bugalagrande;2011-12-05;28.9;19.4;88.0;460.0
La Paila;2011-12-05;27.5;18.6;86.0;310.0
Bugalagrande;2011-12-06;28.3;19.2;92.0;325.0
La Paila;2011-12-06;27.7;18.4;87.0;337.0
Bugalagrande;2011-12-07;28.4;19.2;94.0;263.0
La Paila;2011-12-07;27.4;18.0;93.0;202.0
Bugalagrande;2011-12-08;27.9;19.2;91.0;279.0
La Paila;2011-12-08;27.3;18.1;91.0;247.0
Bugalagrande;2011-12-09;30.7;19.0;86.0;412.0
La Paila;2011-12-09;29.1;17.9;85.0;289.0
Bugalagrande;2011-12-10;30.7;19.7;86.0;361.0
La Paila;2011-12-10;29.2;18.4;84.0;366.0
Bugalagrande;2011-12-11;30.8;19.7;88.0;356.0
La Paila;2011-12-11;29.1;18.8;86.0;260.0
Bugalagrande;2011-12-12;28.1;19.7;91.0;380.0
La Paila;2011-12-12;26.8;18.7;93.0;197.0
Bugalagrande;2011-12-13;28.7;19.2;91.0;411.0
La Paila;2011-12-13;27.3;18.4;91.0;196.0
Bugalagrande;2011-12-14;27.6;19.4;92.0;353.0
La Paila;2011-12-14;27.2;18.4;94.0;247.0
Bugalagrande;2011-12-15;27.5;19.8;94.0;310.0
La Paila;2011-12-15;25.5;18.4;94.0;202.0
Bugalagrande;2011-12-16;26.1;19.4;249.0;249.0
La Paila;2011-12-16;24.8;18.0;165.0;165.0
Bugalagrande;2011-12-17;30.0;19.1;88.0;468.0
La Paila;2011-12-17;28.3;18.1;86.0;342.0
Bugalagrande;2011-12-18;29.4;20.1;90.0;379.0
La Paila;2011-12-18;28.1;18.6;87.0;325.0
Bugalagrande;2011-12-19;28.0;19.6;95.0;296.0
La Paila;2011-12-19;26.9;18.5;93.0;257.0
Bugalagrande;2011-12-20;30.1;20.1;87.0;455.0
La Paila;2011-12-20;29.4;17.3;86.0;314.0
Bugalagrande;2011-12-21;30.8;19.0;86.0;353.0
La Paila;2011-12-21;29.4;17.2;84.0;299.0
Bugalagrande;2011-12-22;31.9;18.9;84.0;447.0
La Paila;2011-12-22;30.7;17.3;83.0;336.0
Bugalagrande;2011-12-23;32.4;18.2;82.0;459.0
La Paila;2011-12-23;31.1;17.6;81.0;349.0
Bugalagrande;2011-12-24;30.9;19.3;87.0;427.0
La Paila;2011-12-24;30.2;19.2;85.0;292.0
Bugalagrande;2011-12-25;31.7;20.3;83.0;437.0
La Paila;2011-12-25;31.1;18.4;82.0;346.0
Bugalagrande;2011-12-26;30.7;19.8;83.0;331.0
La Paila;2011-12-26;29.5;18.8;84.0;303.0
Bugalagrande;2011-12-27;31.3;19.6;83.0;288.0
La Paila;2011-12-27;30.2;18.4;80.0;307.0
Bugalagrande;2011-12-28;31.3;19.9;85.0;290.0
La Paila;2011-12-28;29.2;18.6;83.0;237.0
Bugalagrande;2011-12-29;31.8;19.3;82.0;379.0
La Paila;2011-12-29;30.4;18.1;80.0;338.0
Bugalagrande;2011-12-30;30.2;20.8;89.0;289.0
La Paila;2011-12-30;29.3;19.2;89.0;234.0
Bugalagrande;2011-12-31;32.0;19.0;83.0;333.0
La Paila;2011-12-31;30.4;19.0;81.0;310.0
Bugalagrande;2012-01-01;33.3;18.9;82.0;428.0
La Paila;2012-01-01;30.1;17.5;80.0;305.0
Bugalagrande;2012-01-02;25.5;18.7;95.0;95.0
La Paila;2012-01-02;24.8;17.7;93.0;102.0
Bugalagrande;2012-01-03;30.6;18.6;86.0;337.0
La Paila;2012-01-03;29.8;18.0;87.0;269.0
Bugalagrande;2012-01-04;29.1;19.3;90.0;321.0
La Paila;2012-01-04;28.4;18.0;88.0;264.0
Bugalagrande;2012-01-05;28.6;19.9;90.0;265.0
La Paila;2012-01-05;27.5;18.4;89.0;246.0
Bugalagrande;2012-01-06;29.4;19.1;90.0;421.0
La Paila;2012-01-06;28.1;18.1;88.0;336.0
Bugalagrande;2012-01-07;30.9;19.7;87.0;367.0
La Paila;2012-01-07;29.1;18.1;88.0;308.0
Bugalagrande;2012-01-08;29.5;20.3;88.0;358.0
La Paila;2012-01-08;28.7;18.9;86.0;293.0
Bugalagrande;2012-01-09;31.8;19.8;82.0;450.0
La Paila;2012-01-09;30.1;19.5;81.0;334.0
Bugalagrande;2012-01-10;32.0;20.0;83.0;386.0
La Paila;2012-01-10;30.7;19.5;81.0;340.0
Bugalagrande;2012-01-11;31.0;19.7;85.0;464.0
La Paila;2012-01-11;30.0;18.4;83.0;356.0
Bugalagrande;2012-01-12;30.7;19.1;85.0;415.0
La Paila;2012-01-12;29.4;18.2;84.0;302.0
Bugalagrande;2012-01-13;30.0;19.8;85.0;381.0
La Paila;2012-01-13;28.8;18.8;85.0;263.0
Bugalagrande;2012-01-14;31.0;19.2;84.0;363.0
La Paila;2012-01-14;29.7;18.4;83.0;266.0
Bugalagrande;2012-01-15;30.6;19.1;85.0;353.0
La Paila;2012-01-15;29.5;18.2;82.0;283.0
Bugalagrande;2012-01-16;30.5;18.1;85.0;424.0
La Paila;2012-01-16;28.8;17.2;81.0;272.0
Bugalagrande;2012-01-17;30.8;18.7;86.0;404.0
La Paila;2012-01-17;29.8;17.7;89.0;269.0
Bugalagrande;2012-01-18;29.5;18.2;86.0;467.0
La Paila;2012-01-18;27.7;17.3;85.0;309.0
Bugalagrande;2012-01-19;29.3;19.5;87.0;388.0
La Paila;2012-01-19;26.9;18.5;88.0;227.0
Bugalagrande;2012-01-20;30.8;19.2;85.0;416.0
La Paila;2012-01-20;29.2;18.2;83.0;314.0
Bugalagrande;2012-01-21;28.9;19.4;91.0;370.0
La Paila;2012-01-21;26.9;18.5;90.0;225.0
Bugalagrande;2012-01-22;28.8;18.4;92.0;306.0
La Paila;2012-01-22;28.2;17.8;90.0;272.0
Bugalagrande;2012-01-23;30.0;19.3;90.0;419.0
La Paila;2012-01-23;28.6;18.4;91.0;286.0
Bugalagrande;2012-01-24;25.3;18.7;178.0;178.0
La Paila;2012-01-24;24.9;17.7;93.0;189.0
Bugalagrande;2012-01-25;29.2;18.4;87.0;481.0
La Paila;2012-01-25;28.3;17.6;85.0;336.0
Bugalagrande;2012-01-26;30.4;18.6;83.0;468.0
La Paila;2012-01-26;29.5;17.6;81.0;346.0
Bugalagrande;2012-01-27;29.5;19.3;87.0;331.0
La Paila;2012-01-27;28.1;18.6;84.0;275.0
Bugalagrande;2012-01-28;31.4;17.6;80.0;519.0
La Paila;2012-01-28;30.3;17.1;80.0;370.0
Bugalagrande;2012-01-29;31.0;19.4;87.0;368.0
La Paila;2012-01-29;30.0;18.3;86.0;321.0
Bugalagrande;2012-01-30;29.3;19.7;83.0;455.0
La Paila;2012-01-30;28.4;19.0;83.0;309.0
Bugalagrande;2012-01-31;30.1;20.2;86.0;365.0
La Paila;2012-01-31;29.4;18.8;85.0;280.0
Bugalagrande;2012-02-01;31.3;19.8;82.0;444.0
La Paila;2012-02-01;28.9;17.8;80.0;304.0
Bugalagrande;2012-02-02;30.6;18.1;83.0;423.0
La Paila;2012-02-02;29.8;17.9;84.0;341.0
Bugalagrande;2012-02-03;30.7;19.2;81.0;435.0
La Paila;2012-02-03;29.3;19.2;82.0;326.0
Bugalagrande;2012-02-04;31.7;19.1;81.0;392.0
La Paila;2012-02-04;30.6;18.6;84.0;335.0
Bugalagrande;2012-02-05;29.8;19.6;85.0;361.0
La Paila;2012-02-05;28.5;18.5;83.0;248.0
Bugalagrande;2012-02-06;26.7;19.5;94.0;237.0
La Paila;2012-02-06;26.6;18.6;92.0;214.0
Bugalagrande;2012-02-07;31.1;18.4;82.0;448.0
La Paila;2012-02-07;30.1;18.2;82.0;393.0
Bugalagrande;2012-02-08;27.6;19.0;95.0;195.0
La Paila;2012-02-08;26.0;18.7;94.0;169.0
Bugalagrande;2012-02-09;30.6;18.1;84.0;458.0
La Paila;2012-02-09;29.1;17.9;83.0;350.0
Bugalagrande;2012-02-10;30.2;19.2;87.0;354.0
La Paila;2012-02-10;28.9;19.0;89.0;265.0
Bugalagrande;2012-02-11;29.2;19.5;91.0;331.0
La Paila;2012-02-11;28.6;18.9;87.0;307.0
Bugalagrande;2012-02-12;31.2;19.5;87.0;400.0
La Paila;2012-02-12;29.0;18.4;83.0;298.0
Bugalagrande;2012-02-13;31.0;19.1;82.0;489.0
La Paila;2012-02-13;29.8;18.2;79.0;400.0
Bugalagrande;2012-02-14;31.2;18.5;79.0;521.0
La Paila;2012-02-14;30.4;17.6;78.0;376.0
Bugalagrande;2012-02-15;31.2;18.3;81.0;555.0
La Paila;2012-02-15;30.1;18.1;78.0;346.0
Bugalagrande;2012-02-16;31.9;17.5;76.0;573.0
La Paila;2012-02-16;30.2;16.9;76.0;396.0
Bugalagrande;2012-02-17;30.9;18.7;82.0;510.0
La Paila;2012-02-17;29.6;17.8;83.0;354.0
Bugalagrande;2012-02-18;30.9;18.1;83.0;540.0
La Paila;2012-02-18;29.7;17.6;80.0;377.0
Bugalagrande;2012-02-19;30.0;18.5;87.0;435.0
La Paila;2012-02-19;29.8;18.0;82.0;363.0
Bugalagrande;2012-02-20;30.6;17.5;81.0;493.0
La Paila;2012-02-20;29.6;16.7;79.0;348.0
Bugalagrande;2012-02-21;31.6;17.2;80.0;553.0
La Paila;2012-02-21;30.7;15.9;77.0;419.0
Bugalagrande;2012-02-22;27.6;17.8;85.0;307.0
La Paila;2012-02-22;27.5;16.6;81.0;237.0
Bugalagrande;2012-02-23;31.2;16.9;81.0;488.0
La Paila;2012-02-23;30.1;16.5;79.0;314.0
Bugalagrande;2012-02-24;30.8;18.9;80.0;369.0
La Paila;2012-02-24;30.2;17.9;78.0;299.0
Bugalagrande;2012-02-25;28.3;19.6;85.0;295.0
La Paila;2012-02-25;27.7;18.6;87.0;243.0
Bugalagrande;2012-02-26;30.4;19.5;85.0;366.0
La Paila;2012-02-26;29.0;17.6;86.0;347.0
Bugalagrande;2012-02-27;31.2;19.6;85.0;409.0
La Paila;2012-02-27;29.7;18.6;86.0;348.0
Bugalagrande;2012-02-28;30.2;18.4;89.0;352.0
La Paila;2012-02-28;28.7;18.8;90.0;230.0
Bugalagrande;2012-02-29;30.8;18.4;83.0;568.0
La Paila;2012-02-29;29.6;17.5;86.0;398.0
Bugalagrande;2012-03-01;31.1;18.1;82.0;527.0
La Paila;2012-03-01;29.2;16.7;84.0;384.0
Bugalagrande;2012-03-02;33.0;17.4;80.0;527.0
La Paila;2012-03-02;31.7;16.7;80.0;400.0
Bugalagrande;2012-03-03;30.0;18.9;83.0;366.0
La Paila;2012-03-03;29.5;18.8;82.0;304.0
Bugalagrande;2012-03-04;32.4;20.1;85.0;451.0
La Paila;2012-03-04;30.8;19.0;86.0;339.0
Bugalagrande;2012-03-05;31.3;18.8;84.0;543.0
La Paila;2012-03-05;29.8;18.3;83.0;406.0
Bugalagrande;2012-03-06;29.8;18.7;90.0;374.0
La Paila;2012-03-06;28.5;17.9;86.0;263.0
Bugalagrande;2012-03-07;31.3;17.3;82.0;525.0
La Paila;2012-03-07;30.8;15.7;82.0;377.0
Bugalagrande;2012-03-08;31.8;19.2;81.0;410.0
La Paila;2012-03-08;30.1;18.4;81.0;332.0
Bugalagrande;2012-03-09;30.9;20.1;91.0;297.0
La Paila;2012-03-09;29.5;19.3;88.0;224.0
Bugalagrande;2012-03-10;26.4;18.6;90.0;293.0
La Paila;2012-03-10;25.6;17.9;90.0;217.0
Bugalagrande;2012-03-11;31.6;18.9;84.0;445.0
La Paila;2012-03-11;30.7;17.9;81.0;363.0
Bugalagrande;2012-03-12;31.8;18.5;84.0;392.0
La Paila;2012-03-12;30.4;17.6;80.0;321.0
Bugalagrande;2012-03-13;30.8;18.3;85.0;503.0
La Paila;2012-03-13;29.7;17.5;84.0;354.0
Bugalagrande;2012-03-14;28.7;19.2;91.0;267.0
La Paila;2012-03-14;27.8;18.0;87.0;221.0
Bugalagrande;2012-03-15;33.3;18.1;81.0;499.0
La Paila;2012-03-15;31.8;16.6;80.0;383.0
Bugalagrande;2012-03-16;28.9;19.8;88.0;273.0
La Paila;2012-03-16;28.8;18.8;84.0;215.0
Bugalagrande;2012-03-17;30.7;19.4;84.0;408.0
La Paila;2012-03-17;29.5;18.4;80.0;327.0
Bugalagrande;2012-03-18;30.9;19.6;86.0;427.0
La Paila;2012-03-18;30.0;19.0;82.0;330.0
Bugalagrande;2012-03-19;24.1;18.6;124.0;124.0
La Paila;2012-03-19;23.2;17.7;95.0;104.0
Bugalagrande;2012-03-20;29.5;17.4;90.0;355.0
La Paila;2012-03-20;28.2;16.5;85.0;243.0
Bugalagrande;2012-03-21;29.8;19.4;89.0;437.0
La Paila;2012-03-21;29.6;18.6;88.0;377.0
Bugalagrande;2012-03-22;26.1;18.9;95.0;250.0
La Paila;2012-03-22;24.7;18.0;94.0;185.0
Bugalagrande;2012-03-23;29.8;18.9;86.0;443.0
La Paila;2012-03-23;28.6;17.7;85.0;323.0
Bugalagrande;2012-03-24;26.9;17.9;92.0;361.0
La Paila;2012-03-24;25.7;17.2;91.0;273.0
Bugalagrande;2012-03-25;30.2;19.2;86.0;419.0
La Paila;2012-03-25;29.0;18.0;83.0;361.0
Bugalagrande;2012-03-26;24.6;19.9;155.0;155.0
La Paila;2012-03-26;24.4;18.8;95.0;151.0
Bugalagrande;2012-03-27;30.5;18.0;83.0;493.0
La Paila;2012-03-27;29.5;17.1;83.0;391.0
Bugalagrande;2012-03-28;29.1;19.6;86.0;353.0
La Paila;2012-03-28;28.6;18.4;85.0;281.0
Bugalagrande;2012-03-29;32.4;18.4;82.0;516.0
La Paila;2012-03-29;31.0;18.0;81.0;380.0
Bugalagrande;2012-03-30;31.6;20.7;84.0;444.0
La Paila;2012-03-30;30.9;20.0;82.0;340.6
Bugalagrande;2012-03-31;32.6;20.6;81.0;451.0
La Paila;2012-03-31;31.9;19.4;78.0;412.7
Bugalagrande;2012-04-01;31.4;20.0;85.0;382.0
La Paila;2012-04-01;30.3;19.5;84.0;308.8
Bugalagrande;2012-04-02;32.6;19.8;80.0;507.0
La Paila;2012-04-02;31.5;19.8;82.0;404.3
Bugalagrande;2012-04-03;31.9;19.5;85.0;441.0
La Paila;2012-04-03;31.3;18.2;88.0;350.2
Bugalagrande;2012-04-04;28.9;18.6;87.0;291.0
La Paila;2012-04-04;26.9;18.2;89.0;254.8
Bugalagrande;2012-04-05;29.9;19.3;86.0;393.0
La Paila;2012-04-05;28.9;18.2;87.0;281.0
Bugalagrande;2012-04-06;30.7;19.0;87.0;417.0
La Paila;2012-04-06;28.7;17.6;86.0;375.2
Bugalagrande;2012-04-07;25.1;18.7;92.0;243.0
La Paila;2012-04-07;23.4;17.8;93.0;216.3
Bugalagrande;2012-04-08;26.6;18.2;90.0;277.0
La Paila;2012-04-08;26.1;17.6;92.0;214.8
Bugalagrande;2012-04-09;29.8;18.7;87.0;412.0
La Paila;2012-04-09;28.5;18.0;86.0;413.1
Bugalagrande;2012-04-10;28.0;19.1;92.0;291.0
La Paila;2012-04-10;27.4;18.9;90.0;264.8
Bugalagrande;2012-04-11;30.5;18.9;88.0;448.0
La Paila;2012-04-11;29.4;17.9;81.0;398.2
Bugalagrande;2012-04-12;25.9;19.0;93.0;263.0
La Paila;2012-04-12;24.5;17.4;93.0;213.1
Bugalagrande;2012-04-13;30.2;16.9;86.0;485.0
La Paila;2012-04-13;28.5;17.0;85.0;364.2
Bugalagrande;2012-04-14;30.0;18.6;89.0;363.0
La Paila;2012-04-14;29.0;17.4;89.0;340.5
Bugalagrande;2012-04-15;30.6;17.0;86.0;507.0
La Paila;2012-04-15;30.1;16.0;84.0;413.3
Bugalagrande;2012-04-16;29.3;19.4;93.0;327.0
La Paila;2012-04-16;27.7;18.5;90.0;269.5
Bugalagrande;2012-04-17;26.5;19.1;92.0;247.8
La Paila;2012-04-17;27.0;18.8;90.0;265.8
Bugalagrande;2012-04-18;28.7;19.8;88.0;380.3
La Paila;2012-04-18;28.4;19.1;86.0;267.8
Bugalagrande;2012-04-19;29.6;19.3;90.0;409.3
La Paila;2012-04-19;27.3;18.7;90.0;339.9
Bugalagrande;2012-04-20;29.8;19.3;88.0;413.1
La Paila;2012-04-20;29.7;18.6;88.0;313.6
Bugalagrande;2012-04-21;28.1;20.0;91.0;338.9
La Paila;2012-04-21;26.7;18.8;91.0;194.7
Bugalagrande;2012-04-22;26.3;19.5;95.0;193.1
La Paila;2012-04-22;27.2;19.1;92.0;266.1
Bugalagrande;2012-04-23;31.4;18.7;83.0;560.9
La Paila;2012-04-23;30.2;17.8;81.0;395.5
Bugalagrande;2012-04-24;31.1;19.5;86.0;463.9
La Paila;2012-04-24;30.3;18.9;87.0;349.5
Bugalagrande;2012-04-25;31.3;17.8;84.0;511.9
La Paila;2012-04-25;30.0;17.0;84.0;412.6
Bugalagrande;2012-04-26;29.7;19.8;86.0;375.2
La Paila;2012-04-26;29.3;18.0;87.0;312.6
Bugalagrande;2012-04-27;32.1;19.3;88.0;467.9
La Paila;2012-04-27;;;;
Bugalagrande;2012-04-28;25.3;20.0;95.0;271.8
La Paila;2012-04-28;25.6;19.6;89.0;254.0
Bugalagrande;2012-04-29;30.1;19.6;89.0;365.3
La Paila;2012-04-29;28.8;19.3;81.0;374.0
Bugalagrande;2012-04-30;30.1;19.1;90.0;377.7
La Paila;2012-04-30;29.0;19.0;82.0;313.0
Bugalagrande;2012-05-01;27.1;18.7;95.0;290.4
La Paila;2012-05-01;27.6;19.4;86.0;307.0
Bugalagrande;2012-05-02;24.3;20.2;87.0;24.3
La Paila;2012-05-02;29.8;19.4;79.0;410.0
Bugalagrande;2012-05-03;31.4;19.3;78.0;573.0
La Paila;2012-05-03;30.7;20.0;77.0;478.0
Bugalagrande;2012-05-04;28.1;18.4;87.0;287.0
La Paila;2012-05-04;28.5;19.4;83.0;289.0
Bugalagrande;2012-05-05;29.9;18.4;86.0;432.0
La Paila;2012-05-05;29.8;19.3;84.0;393.0
Bugalagrande;2012-05-06;30.3;20.1;84.0;447.0
La Paila;2012-05-06;29.8;19.8;82.0;463.0
Bugalagrande;2012-05-07;27.2;19.5;88.0;365.0
La Paila;2012-05-07;27.8;19.7;86.0;294.0
Bugalagrande;2012-05-08;31.2;18.9;79.0;494.0
La Paila;2012-05-08;30.5;19.0;79.0;452.0
Bugalagrande;2012-05-09;29.7;18.8;85.0;384.0
La Paila;2012-05-09;30.1;19.2;82.0;342.0
Bugalagrande;2012-05-10;31.3;18.1;82.0;487.0
La Paila;2012-05-10;31.0;18.0;80.0;438.0
Bugalagrande;2012-05-11;28.7;19.3;90.0;275.0
La Paila;2012-05-11;28.6;19.8;88.0;240.0
Bugalagrande;2012-05-12;29.5;19.3;84.0;391.0
La Paila;2012-05-12;29.2;19.6;82.0;342.0
Bugalagrande;2012-05-13;29.9;19.8;85.0;450.0
La Paila;2012-05-13;29.6;19.6;83.0;323.0
Bugalagrande;2012-05-14;30.0;19.5;86.0;382.0
La Paila;2012-05-14;28.8;19.9;82.0;314.0
Bugalagrande;2012-05-15;31.0;18.6;78.0;505.0
La Paila;2012-05-15;31.1;19.2;76.0;459.0
Bugalagrande;2012-05-16;30.5;19.1;82.0;411.0
La Paila;2012-05-16;30.3;19.2;79.0;339.0
Bugalagrande;2012-05-17;31.4;18.4;80.0;497.0
La Paila;2012-05-17;31.6;18.7;74.0;427.0
Bugalagrande;2012-05-18;30.8;19.5;81.0;457.0
La Paila;2012-05-18;31.0;20.3;79.0;353.0
Bugalagrande;2012-05-19;24.5;19.2;92.0;191.0
La Paila;2012-05-19;25.4;19.5;87.0;217.0
Bugalagrande;2012-05-20;29.9;19.2;80.0;444.0
La Paila;2012-05-20;30.1;19.2;78.0;402.0
Bugalagrande;2012-05-21;30.1;18.9;80.0;466.0
La Paila;2012-05-21;31.1;19.0;79.0;424.0
Bugalagrande;2012-05-22;26.6;19.5;89.0;281.0
La Paila;2012-05-22;26.4;20.2;88.0;258.0
Bugalagrande;2012-05-23;30.9;18.8;79.0;521.0
La Paila;2012-05-23;31.0;19.1;78.0;436.0
Bugalagrande;2012-05-24;31.9;18.6;83.0;450.0
La Paila;2012-05-24;31.8;19.4;77.0;418.0
Bugalagrande;2012-05-25;30.1;18.7;84.0;371.0
La Paila;2012-05-25;30.0;18.7;80.0;353.0
Bugalagrande;2012-05-26;30.3;17.1;80.0;491.0
La Paila;2012-05-26;30.7;17.3;76.0;485.0
Bugalagrande;2012-05-27;32.1;17.3;78.0;249.0
La Paila;2012-05-27;32.0;17.6;75.0;451.0
Bugalagrande;2012-05-28;31.9;18.4;80.0;245.0
La Paila;2012-05-28;31.0;18.6;76.0;377.0
Bugalagrande;2012-05-29;31.0;18.7;77.0;263.0
La Paila;2012-05-29;30.9;19.2;75.0;402.0
Bugalagrande;2012-05-30;31.3;18.4;78.0;306.0
La Paila;2012-05-30;31.8;18.8;74.0;441.0
Bugalagrande;2012-05-31;32.0;18.1;76.0;271.0
La Paila;2012-05-31;32.2;18.8;73.0;494.0
Bugalagrande;2012-06-01;30.3;17.9;78.0;259.0
La Paila;2012-06-01;30.8;18.8;75.0;351.0
Bugalagrande;2012-06-02;32.5;19.1;75.0;331.0
La Paila;2012-06-02;31.8;19.4;73.0;408.0
Bugalagrande;2012-06-03;32.0;19.5;76.0;297.0
La Paila;2012-06-03;32.0;19.8;73.0;355.0
Bugalagrande;2012-06-04;32.3;19.1;72.0;375.0
La Paila;2012-06-04;32.6;19.2;70.0;452.0
Bugalagrande;2012-06-05;30.7;19.4;76.0;285.0
La Paila;2012-06-05;31.1;19.4;73.0;411.0
Bugalagrande;2012-06-06;32.4;17.9;76.0;339.0
La Paila;2012-06-06;32.4;17.8;72.0;429.0
Bugalagrande;2012-06-07;32.3;18.0;75.0;358.0
La Paila;2012-06-07;32.2;18.8;70.0;428.0
Bugalagrande;2012-06-08;30.9;19.2;82.0;259.0
La Paila;2012-06-08;31.0;18.6;74.0;321.0
Bugalagrande;2012-06-09;31.8;17.8;74.0;423.0
La Paila;2012-06-09;32.6;18.4;69.0;436.0
Bugalagrande;2012-06-10;33.3;19.1;73.0;460.0
La Paila;2012-06-10;33.4;19.5;73.0;443.0
Bugalagrande;2012-06-11;30.0;19.7;79.0;318.0
La Paila;2012-06-11;30.4;19.8;77.0;336.0
Bugalagrande;2012-06-12;28.7;19.7;80.0;353.0
La Paila;2012-06-12;30.3;19.6;75.0;346.0
Bugalagrande;2012-06-13;28.7;19.7;83.0;378.0
La Paila;2012-06-13;29.6;19.6;81.0;315.0
Bugalagrande;2012-06-14;30.7;17.9;78.0;372.0
La Paila;2012-06-14;30.8;18.3;75.0;319.0
Bugalagrande;2012-06-15;29.6;18.3;74.0;401.0
La Paila;2012-06-15;30.6;18.1;70.0;389.0
Bugalagrande;2012-06-16;26.9;19.5;91.0;258.0
La Paila;2012-06-16;28.5;19.8;83.0;285.0
Bugalagrande;2012-06-17;31.5;17.9;78.0;480.0
La Paila;2012-06-17;32.2;18.4;73.0;412.0
Bugalagrande;2012-06-18;29.8;19.3;75.0;390.0
La Paila;2012-06-18;30.6;19.4;68.0;343.0
Bugalagrande;2012-06-19;30.3;18.3;77.0;511.0
La Paila;2012-06-19;30.0;18.6;75.0;432.0
Bugalagrande;2012-06-20;31.5;18.6;77.0;477.0
La Paila;2012-06-20;31.8;18.5;71.0;444.0
Bugalagrande;2012-06-21;30.4;18.7;76.0;472.0
La Paila;2012-06-21;29.7;19.5;389.0;389.0
Bugalagrande;2012-06-22;31.7;17.3;74.0;516.0
La Paila;2012-06-22;32.4;18.1;70.0;469.0
Bugalagrande;2012-06-23;29.9;15.6;76.0;411.0
La Paila;2012-06-23;30.4;16.5;70.0;401.0
Bugalagrande;2012-06-24;31.1;16.9;73.0;483.0
La Paila;2012-06-24;31.7;17.2;70.0;427.0
Bugalagrande;2012-06-25;29.5;18.6;81.0;346.0
La Paila;2012-06-25;29.8;18.8;72.0;322.0
Bugalagrande;2012-06-26;29.6;18.1;76.0;428.0
La Paila;2012-06-26;30.8;18.0;73.0;327.0
Bugalagrande;2012-06-27;31.6;16.3;72.0;504.0
La Paila;2012-06-27;32.0;16.1;70.0;471.0
Bugalagrande;2012-06-28;31.3;19.2;71.0;499.0
La Paila;2012-06-28;32.0;18.3;67.0;480.0
Bugalagrande;2012-06-29;31.2;16.9;77.0;404.0
La Paila;2012-06-29;31.0;18.1;74.0;360.0
Bugalagrande;2012-06-30;29.1;18.2;80.0;439.0
La Paila;2012-06-30;28.8;18.4;81.0;307.0
Bugalagrande;2012-07-01;31.1;17.9;74.0;499.0
La Paila;2012-07-01;30.7;18.6;76.0;435.0
Bugalagrande;2012-07-02;31.8;18.1;72.0;470.0
La Paila;2012-07-02;32.4;17.7;74.0;447.0
Bugalagrande;2012-07-03;29.3;18.2;73.0;370.0
La Paila;2012-07-03;30.1;18.7;75.0;355.0
Bugalagrande;2012-07-04;31.1;18.4;72.0;413.0
La Paila;2012-07-04;30.3;18.6;72.0;329.0
Bugalagrande;2012-07-05;30.4;19.5;81.0;412.0
La Paila;2012-07-05;30.9;19.7;79.0;401.0
Bugalagrande;2012-07-06;30.2;19.1;76.0;407.0
La Paila;2012-07-06;30.7;18.6;76.0;379.0
Bugalagrande;2012-07-07;32.1;17.8;73.0;479.0
La Paila;2012-07-07;31.4;18.6;72.0;413.0
Bugalagrande;2012-07-08;32.9;17.7;71.0;513.0
La Paila;2012-07-08;33.5;18.1;70.0;438.0
Bugalagrande;2012-07-09;30.8;18.4;74.0;442.0
La Paila;2012-07-09;30.7;18.8;73.0;381.0
Bugalagrande;2012-07-10;32.7;18.2;77.0;510.0
La Paila;2012-07-10;31.3;18.4;76.0;420.0
Bugalagrande;2012-07-11;29.1;18.9;87.0;296.0
La Paila;2012-07-11;28.9;19.1;86.0;218.0
Bugalagrande;2012-07-12;28.7;19.3;84.0;428.0
La Paila;2012-07-12;28.2;19.2;83.0;309.0
Bugalagrande;2012-07-13;26.7;18.4;83.0;257.0
La Paila;2012-07-13;27.0;19.7;81.0;257.0
Bugalagrande;2012-07-14;29.2;17.5;83.0;387.0
La Paila;2012-07-14;29.9;17.4;81.0;371.0
Bugalagrande;2012-07-15;29.9;16.0;81.0;467.0
La Paila;2012-07-15;29.4;16.5;78.0;335.0
Bugalagrande;2012-07-16;32.0;16.9;74.0;494.0
La Paila;2012-07-16;32.0;17.8;73.0;428.0
Bugalagrande;2012-07-17;31.9;17.5;75.0;466.0
La Paila;2012-07-17;32.3;18.0;73.0;424.0
Bugalagrande;2012-07-18;32.5;19.1;74.0;471.0
La Paila;2012-07-18;32.3;19.7;74.0;388.0
Bugalagrande;2012-07-19;32.9;17.0;74.0;461.0
La Paila;2012-07-19;33.0;18.0;72.0;428.0
Bugalagrande;2012-07-20;30.3;18.5;76.0;337.0
La Paila;2012-07-20;30.1;19.0;72.0;320.0
Bugalagrande;2012-07-21;32.0;16.0;73.0;541.0
La Paila;2012-07-21;32.0;16.5;71.0;443.0
Bugalagrande;2012-07-22;32.0;19.0;73.0;465.0
La Paila;2012-07-22;32.6;18.6;70.0;423.0
Bugalagrande;2012-07-23;30.7;17.6;73.0;417.0
La Paila;2012-07-23;30.5;17.0;72.0;356.0
Bugalagrande;2012-07-24;30.7;17.7;73.0;431.0
La Paila;2012-07-24;31.5;17.8;71.0;380.0
Bugalagrande;2012-07-25;33.1;17.0;71.0;519.0
La Paila;2012-07-25;33.7;17.0;69.0;502.0
Bugalagrande;2012-07-26;32.9;17.3;70.0;514.0
La Paila;2012-07-26;32.6;17.4;69.0;441.0
Bugalagrande;2012-07-27;31.3;17.9;75.0;335.0
La Paila;2012-07-27;31.6;18.2;70.0;380.0
Bugalagrande;2012-07-28;30.1;18.0;77.0;354.0
La Paila;2012-07-28;30.5;17.8;71.0;350.0
Bugalagrande;2012-07-29;29.5;17.6;74.0;356.0
La Paila;2012-07-29;30.0;18.0;72.0;337.0
Bugalagrande;2012-07-30;28.1;18.4;83.0;260.0
La Paila;2012-07-30;28.4;18.8;81.0;214.0
Bugalagrande;2012-07-31;31.3;17.9;76.0;516.0
La Paila;2012-07-31;31.5;18.0;75.0;428.0
Bugalagrande;2012-08-01;31.1;18.1;80.0;357.0
La Paila;2012-08-01;30.6;18.6;80.0;300.0
Bugalagrande;2012-08-02;31.2;16.3;78.0;506.0
La Paila;2012-08-02;30.7;16.8;75.0;452.0
Bugalagrande;2012-08-03;32.3;18.8;72.0;519.0
La Paila;2012-08-03;31.6;19.0;71.0;438.0
Bugalagrande;2012-08-04;31.3;19.1;74.0;492.0
La Paila;2012-08-04;30.8;19.6;74.0;407.0
Bugalagrande;2012-08-05;30.5;19.1;75.0;382.0
La Paila;2012-08-05;30.6;18.7;71.0;399.0
Bugalagrande;2012-08-06;32.3;19.6;69.0;500.0
La Paila;2012-08-06;32.4;19.6;72.0;440.0
Bugalagrande;2012-08-07;32.3;17.6;70.0;530.0
La Paila;2012-08-07;32.5;17.7;69.0;437.0
Bugalagrande;2012-08-08;32.6;18.9;73.0;504.0
La Paila;2012-08-08;32.9;18.9;70.0;428.0
Bugalagrande;2012-08-09;31.5;19.8;69.0;396.0
La Paila;2012-08-09;31.4;18.9;67.0;375.0
Bugalagrande;2012-08-10;31.3;19.1;70.0;408.0
La Paila;2012-08-10;31.2;18.4;69.0;369.0
Bugalagrande;2012-08-11;32.0;19.9;71.0;457.0
La Paila;2012-08-11;32.0;19.6;71.0;378.0
Bugalagrande;2012-08-12;31.7;20.7;74.0;447.0
La Paila;2012-08-12;31.2;20.4;70.0;414.0
Bugalagrande;2012-08-13;28.9;18.7;80.0;372.0
La Paila;2012-08-13;29.3;19.0;75.0;355.0
Bugalagrande;2012-08-14;29.7;19.2;75.0;374.0
La Paila;2012-08-14;30.6;19.0;73.0;371.0
Bugalagrande;2012-08-15;32.4;17.8;73.0;477.0
La Paila;2012-08-15;33.1;17.8;70.0;492.0
Bugalagrande;2012-08-16;31.5;17.9;77.0;465.0
La Paila;2012-08-16;31.8;17.9;72.0;441.0
Bugalagrande;2012-08-17;27.5;18.7;85.0;297.0
La Paila;2012-08-17;28.2;18.8;77.0;299.0
Bugalagrande;2012-08-18;31.3;17.2;73.0;468.0
La Paila;2012-08-18;32.2;17.2;73.0;431.0
Bugalagrande;2012-08-19;31.9;18.5;71.0;529.0
La Paila;2012-08-19;32.8;18.1;70.0;481.0
Bugalagrande;2012-08-20;38.2;18.9;71.0;461.0
La Paila;2012-08-20;31.9;19.0;76.0;459.0
Bugalagrande;2012-08-21;33.1;19.3;69.0;460.0
La Paila;2012-08-21;32.6;18.5;72.0;469.0
Bugalagrande;2012-08-22;31.1;18.8;72.0;395.0
La Paila;2012-08-22;30.4;18.6;77.0;346.0
Bugalagrande;2012-08-23;32.6;19.0;79.0;495.0
La Paila;2012-08-23;31.5;18.4;77.0;473.0
Bugalagrande;2012-08-24;30.1;18.0;78.0;351.0
La Paila;2012-08-24;30.3;17.8;80.0;331.0
Bugalagrande;2012-08-25;31.8;17.9;76.0;446.0
La Paila;2012-08-25;32.1;17.6;75.0;416.0
Bugalagrande;2012-08-26;33.1;18.8;69.0;506.0
La Paila;2012-08-26;32.5;17.6;69.0;503.0
Bugalagrande;2012-08-27;32.9;18.4;69.0;407.0
La Paila;2012-08-27;32.2;18.4;69.0;394.0
Bugalagrande;2012-08-28;33.1;16.7;68.0;450.0
La Paila;2012-08-28;33.3;16.2;68.0;470.0
Bugalagrande;2012-08-29;31.3;20.0;69.0;332.0
La Paila;2012-08-29;33.1;19.8;67.0;363.0
Bugalagrande;2012-08-30;33.5;18.3;63.0;435.0
La Paila;2012-08-30;34.2;18.2;62.0;482.0
Bugalagrande;2012-08-31;32.2;17.9;66.0;469.0
La Paila;2012-08-31;32.5;17.4;67.0;433.0
Bugalagrande;2012-09-01;31.5;15.5;67.0;436.0
La Paila;2012-09-01;32.5;15.4;66.0;455.0
Bugalagrande;2012-09-02;29.7;15.5;67.0;320.0
La Paila;2012-09-02;32.2;15.0;64.0;481.0
Bugalagrande;2012-09-03;31.1;18.3;66.0;383.0
La Paila;2012-09-03;31.2;18.2;68.0;389.0
Bugalagrande;2012-09-04;30.9;18.6;69.0;372.0
La Paila;2012-09-04;30.1;18.2;71.0;335.0
Bugalagrande;2012-09-05;30.0;17.6;70.0;244.0
La Paila;2012-09-05;31.8;17.2;69.0;403.0
Bugalagrande;2012-09-06;33.0;16.3;65.0;496.0
La Paila;2012-09-06;33.9;16.4;66.0;526.0
Bugalagrande;2012-09-07;34.2;17.8;65.0;530.0
La Paila;2012-09-07;34.5;17.6;65.0;523.0
Bugalagrande;2012-09-08;32.5;18.9;67.0;411.0
La Paila;2012-09-08;33.2;18.7;67.0;449.0
Bugalagrande;2012-09-09;34.1;17.3;67.0;489.0
La Paila;2012-09-09;34.9;17.1;69.0;459.0
Bugalagrande;2012-09-10;33.7;17.2;64.0;460.0
La Paila;2012-09-10;34.1;17.0;65.0;473.0
Bugalagrande;2012-09-11;33.5;16.8;67.0;430.0
La Paila;2012-09-11;32.7;17.1;66.0;417.0
Bugalagrande;2012-09-12;31.3;18.9;70.0;389.0
La Paila;2012-09-12;31.0;18.8;70.0;361.0
Bugalagrande;2012-09-13;28.1;17.9;72.0;183.0
La Paila;2012-09-13;31.1;17.9;70.0;406.0
Bugalagrande;2012-09-14;33.5;14.9;66.0;491.0
La Paila;2012-09-14;34.1;15.2;65.0;522.0
Bugalagrande;2012-09-15;34.5;16.3;64.0;526.0
La Paila;2012-09-15;34.5;16.4;64.0;496.0
Bugalagrande;2012-09-16;32.9;16.8;66.0;475.0
La Paila;2012-09-16;33.1;17.0;65.0;459.0
Bugalagrande;2012-09-17;30.0;19.1;70.0;319.0
La Paila;2012-09-17;30.3;18.8;69.0;397.0
Bugalagrande;2012-09-18;33.1;19.0;73.0;396.0
La Paila;2012-09-18;33.1;18.3;72.0;476.0
Bugalagrande;2012-09-19;34.1;18.4;68.0;538.0
La Paila;2012-09-19;34.1;17.6;68.0;562.0
Bugalagrande;2012-09-20;29.5;19.1;72.0;371.0
La Paila;2012-09-20;29.8;18.6;70.0;348.0
Bugalagrande;2012-09-21;31.9;16.7;68.0;509.0
La Paila;2012-09-21;32.5;16.4;66.0;518.0
Bugalagrande;2012-09-22;36.2;19.3;68.0;346.0
La Paila;2012-09-22;32.1;19.4;64.0;429.0
Bugalagrande;2012-09-23;30.0;18.3;77.0;351.0
La Paila;2012-09-23;31.6;18.9;85.0;311.0
Bugalagrande;2012-09-24;30.7;18.1;76.0;416.0
La Paila;2012-09-24;30.8;18.4;78.0;487.0
Bugalagrande;2012-09-25;29.0;19.3;80.0;385.0
La Paila;2012-09-25;29.4;19.2;80.0;372.0
Bugalagrande;2012-09-26;33.0;17.6;73.0;529.0
La Paila;2012-09-26;32.7;17.7;71.0;522.0
Bugalagrande;2012-09-27;32.1;18.4;74.0;402.0
La Paila;2012-09-27;30.9;18.2;73.0;378.0
Bugalagrande;2012-09-28;31.4;19.6;77.0;495.0
La Paila;2012-09-28;30.7;19.4;75.0;394.0
Bugalagrande;2012-09-29;33.1;17.6;70.0;521.0
La Paila;2012-09-29;33.1;17.1;69.0;489.0
Bugalagrande;2012-09-30;28.9;18.8;76.0;246.0
La Paila;2012-09-30;29.6;19.3;75.0;272.0
Bugalagrande;2012-10-01;32.6;16.9;79.0;447.0
La Paila;2012-10-01;32.6;17.2;77.0;391.0
Bugalagrande;2012-10-02;30.1;17.8;84.0;402.0
La Paila;2012-10-02;31.0;17.4;79.0;425.0
Bugalagrande;2012-10-03;33.1;17.1;75.0;451.0
La Paila;2012-10-03;33.1;17.2;76.0;507.0
Bugalagrande;2012-10-04;30.5;19.5;73.0;379.0
La Paila;2012-10-04;30.3;18.8;71.0;365.0
Bugalagrande;2012-10-05;29.9;19.5;76.0;392.0
La Paila;2012-10-05;29.3;19.1;76.0;358.0
Bugalagrande;2012-10-06;29.1;19.3;78.0;387.0
La Paila;2012-10-06;28.9;18.9;78.0;371.0
Bugalagrande;2012-10-07;27.6;18.9;85.0;290.0
La Paila;2012-10-07;26.0;18.9;85.0;236.0
Bugalagrande;2012-10-08;29.9;18.3;80.0;371.0
La Paila;2012-10-08;30.6;19.2;78.0;303.0
Bugalagrande;2012-10-09;30.9;18.6;74.0;525.0
La Paila;2012-10-09;31.4;18.1;73.0;458.0
Bugalagrande;2012-10-10;31.3;18.5;71.0;528.0
La Paila;2012-10-10;31.8;19.0;70.0;491.0
Bugalagrande;2012-10-11;29.0;19.3;81.0;323.0
La Paila;2012-10-11;29.5;18.4;81.0;322.0
Bugalagrande;2012-10-12;30.6;17.9;75.0;461.0
La Paila;2012-10-12;29.9;17.5;72.0;458.0
Bugalagrande;2012-10-13;31.2;20.3;74.0;458.0
La Paila;2012-10-13;31.3;19.9;73.0;427.0
Bugalagrande;2012-10-14;26.7;18.8;86.0;247.0
La Paila;2012-10-14;26.6;18.8;84.0;252.0
Bugalagrande;2012-10-15;30.5;18.1;77.0;529.0
La Paila;2012-10-15;30.8;17.5;73.0;495.0
Bugalagrande;2012-10-16;22.0;19.1;93.0;138.0
La Paila;2012-10-16;22.8;19.4;87.0;177.0
Bugalagrande;2012-10-17;29.1;18.5;79.0;411.0
La Paila;2012-10-17;29.7;18.6;77.0;376.0
Bugalagrande;2012-10-18;25.8;19.0;89.0;239.0
La Paila;2012-10-18;26.3;18.9;87.0;244.0
Bugalagrande;2012-10-19;26.1;18.6;86.0;302.0
La Paila;2012-10-19;26.7;18.6;83.0;266.0
Bugalagrande;2012-10-20;29.7;17.6;78.0;415.0
La Paila;2012-10-20;29.7;18.0;77.0;388.0
Bugalagrande;2012-10-21;31.6;17.8;73.0;554.0
La Paila;2012-10-21;31.9;19.2;71.0;455.0
Bugalagrande;2012-10-22;25.9;18.9;87.0;224.0
La Paila;2012-10-22;25.2;18.7;83.0;196.0
Bugalagrande;2012-10-23;29.9;17.3;74.0;553.0
La Paila;2012-10-23;30.5;17.2;73.0;447.0
Bugalagrande;2012-10-24;28.9;19.1;84.0;300.0
La Paila;2012-10-24;28.9;19.0;80.0;312.0
Bugalagrande;2012-10-25;29.3;18.3;79.0;447.0
La Paila;2012-10-25;28.8;17.6;79.0;424.0
Bugalagrande;2012-10-26;29.3;17.5;78.0;375.0
La Paila;2012-10-26;29.9;17.6;77.0;376.0
Bugalagrande;2012-10-27;32.1;17.5;74.0;513.0
La Paila;2012-10-27;32.3;18.2;72.0;470.0
Bugalagrande;2012-10-28;31.3;17.9;75.0;440.0
La Paila;2012-10-28;32.5;18.2;72.0;444.0
Bugalagrande;2012-10-29;30.5;17.9;81.0;400.0
La Paila;2012-10-29;30.9;18.1;75.0;376.0
Bugalagrande;2012-10-30;29.3;18.3;79.0;375.0
La Paila;2012-10-30;28.9;17.9;76.0;339.0
Bugalagrande;2012-10-31;29.8;18.9;80.0;437.0
La Paila;2012-10-31;29.2;19.1;78.0;370.0
Bugalagrande;2012-11-01;30.3;17.7;78.0;443.0
La Paila;2012-11-01;30.2;18.0;76.0;416.0
Bugalagrande;2012-11-02;29.3;18.1;79.0;377.0
La Paila;2012-11-02;29.7;17.6;77.0;332.0
Bugalagrande;2012-11-03;31.3;18.6;73.0;504.0
La Paila;2012-11-03;30.9;18.4;75.0;443.0
Bugalagrande;2012-11-04;30.7;19.3;73.0;430.0
La Paila;2012-11-04;30.5;19.4;73.0;392.0
Bugalagrande;2012-11-05;28.1;18.9;82.0;294.0
La Paila;2012-11-05;27.5;19.4;82.0;302.0
Bugalagrande;2012-11-06;28.9;18.6;78.0;286.0
La Paila;2012-11-06;28.4;18.5;79.0;302.0
Bugalagrande;2012-11-07;29.3;17.3;75.0;345.0
La Paila;2012-11-07;29.5;17.3;75.0;392.0
Bugalagrande;2012-11-08;29.7;17.9;77.0;344.0
La Paila;2012-11-08;29.5;19.1;75.0;397.0
Bugalagrande;2012-11-09;30.0;17.9;76.0;360.0
La Paila;2012-11-09;30.3;17.7;76.0;360.0
Bugalagrande;2012-11-10;31.6;18.7;76.0;383.0
La Paila;2012-11-10;32.1;18.0;73.0;445.0
Bugalagrande;2012-11-11;26.4;18.7;89.0;226.0
La Paila;2012-11-11;26.1;18.7;86.0;218.0
Bugalagrande;2012-11-12;30.3;18.0;79.0;485.0
La Paila;2012-11-12;30.9;18.1;82.0;432.0
Bugalagrande;2012-11-13;28.9;19.1;83.0;445.0
La Paila;2012-11-13;28.3;19.8;83.0;291.0
Bugalagrande;2012-11-14;30.2;18.3;82.0;381.0
La Paila;2012-11-14;29.5;19.0;81.0;348.0
Bugalagrande;2012-11-15;23.9;18.3;88.0;241.0
La Paila;2012-11-15;24.1;18.2;87.0;188.0
Bugalagrande;2012-11-16;29.3;18.7;80.0;461.0
La Paila;2012-11-16;29.7;17.8;79.0;396.0
Bugalagrande;2012-11-17;29.8;19.4;83.0;414.0
La Paila;2012-11-17;29.5;19.8;81.0;338.0
Bugalagrande;2012-11-18;25.8;19.4;89.0;230.0
La Paila;2012-11-18;26.6;19.2;88.0;217.0
Bugalagrande;2012-11-19;30.7;19.2;78.0;480.0
La Paila;2012-11-19;30.8;19.8;76.0;422.0
Bugalagrande;2012-11-20;31.1;19.5;76.0;327.0
La Paila;2012-11-20;30.7;19.8;76.0;345.0
Bugalagrande;2012-11-21;30.2;19.2;86.0;304.0
La Paila;2012-11-21;30.1;19.3;82.0;341.0
Bugalagrande;2012-11-22;29.5;20.6;83.0;286.0
La Paila;2012-11-22;29.9;20.1;82.0;324.0
Bugalagrande;2012-11-23;28.9;19.2;80.0;318.0
La Paila;2012-11-23;28.9;19.8;79.0;297.0
Bugalagrande;2012-11-24;32.2;19.7;77.0;446.0
La Paila;2012-11-24;32.1;20.1;76.0;427.0
Bugalagrande;2012-11-25;31.5;19.1;76.0;429.0
La Paila;2012-11-25;31.9;19.6;73.0;411.0
Bugalagrande;2012-11-26;30.4;19.7;78.0;347.0
La Paila;2012-11-26;29.9;19.9;76.0;306.0
Bugalagrande;2012-11-27;32.7;18.9;76.0;361.0
La Paila;2012-11-27;31.7;19.2;72.0;418.0
Bugalagrande;2012-11-28;28.7;20.1;81.0;429.0
La Paila;2012-11-28;29.3;20.2;78.0;362.0
Bugalagrande;2012-11-29;30.0;20.1;82.0;375.0
La Paila;2012-11-29;29.7;19.8;79.0;363.0
Bugalagrande;2012-11-30;29.1;19.2;82.0;431.0
La Paila;2012-11-30;29.5;19.4;81.0;407.0
Bugalagrande;2012-12-01;29.2;19.5;82.0;291.0
La Paila;2012-12-01;27.8;19.1;82.0;310.0
Bugalagrande;2012-12-02;29.0;18.4;82.0;337.0
La Paila;2012-12-02;29.9;18.8;81.0;339.0
Bugalagrande;2012-12-03;30.2;19.3;76.0;466.0
La Paila;2012-12-03;30.7;19.1;76.0;446.0
Bugalagrande;2012-12-04;28.9;18.7;78.0;359.0
La Paila;2012-12-04;28.3;18.5;78.0;297.0
Bugalagrande;2012-12-05;29.8;16.7;79.0;363.0
La Paila;2012-12-05;30.2;17.0;78.0;363.0
Bugalagrande;2012-12-06;30.3;18.9;75.0;483.0
La Paila;2012-12-06;30.9;19.6;73.0;468.0
Bugalagrande;2012-12-07;31.1;18.7;77.0;456.0
La Paila;2012-12-07;30.6;19.2;77.0;403.0
Bugalagrande;2012-12-08;31.9;19.6;76.0;388.0
La Paila;2012-12-08;31.2;18.8;74.0;389.0
Bugalagrande;2012-12-09;32.4;18.7;75.0;448.0
La Paila;2012-12-09;32.3;18.6;74.0;447.0
Bugalagrande;2012-12-10;32.3;17.3;74.0;440.0
La Paila;2012-12-10;31.9;18.3;73.0;396.0
Bugalagrande;2012-12-11;31.9;18.8;75.0;434.0
La Paila;2012-12-11;31.8;19.2;73.0;411.0
Bugalagrande;2012-12-12;31.1;20.4;78.0;430.0
La Paila;2012-12-12;30.3;20.0;75.0;373.0
Bugalagrande;2012-12-13;27.1;19.5;86.0;292.0
La Paila;2012-12-13;27.5;19.4;85.0;267.0
Bugalagrande;2012-12-14;27.3;19.6;85.0;244.0
La Paila;2012-12-14;28.0;19.5;81.0;311.0
Bugalagrande;2012-12-15;30.3;19.0;80.0;342.0
La Paila;2012-12-15;30.7;19.2;75.0;410.0
Bugalagrande;2012-12-16;30.5;18.0;78.0;361.0
La Paila;2012-12-16;31.0;18.5;74.0;443.0
Bugalagrande;2012-12-17;29.5;19.2;80.0;364.0
La Paila;2012-12-17;29.8;18.1;80.0;371.0
Bugalagrande;2012-12-18;29.5;19.3;79.0;414.0
La Paila;2012-12-18;29.8;19.4;75.0;376.0
Bugalagrande;2012-12-19;30.3;19.1;82.0;394.0
La Paila;2012-12-19;30.8;19.6;78.0;386.0
Bugalagrande;2012-12-20;30.9;18.5;79.0;214.0
La Paila;2012-12-20;30.7;18.6;76.0;352.0
Bugalagrande;2012-12-21;30.2;18.8;79.0;232.0
La Paila;2012-12-21;30.5;19.0;74.0;372.0
Bugalagrande;2012-12-22;28.9;19.1;80.0;255.0
La Paila;2012-12-22;30.5;18.8;76.0;340.0
Bugalagrande;2012-12-23;26.5;18.1;86.0;138.0
La Paila;2012-12-23;27.3;18.4;83.0;172.0
Bugalagrande;2012-12-24;29.1;18.9;85.0;186.0
La Paila;2012-12-24;29.5;18.5;85.0;228.0
Bugalagrande;2012-12-25;30.3;18.3;83.0;324.0
La Paila;2012-12-25;30.3;18.3;82.0;363.0
Bugalagrande;2012-12-26;31.0;18.9;79.0;460.0
La Paila;2012-12-26;31.5;19.0;77.0;433.0
Bugalagrande;2012-12-27;32.1;18.4;79.0;384.0
La Paila;2012-12-27;30.9;19.2;76.0;321.0
Bugalagrande;2012-12-28;31.7;18.1;77.0;492.0
La Paila;2012-12-28;32.3;18.6;73.0;416.0
Bugalagrande;2012-12-29;31.7;18.6;74.0;522.0
La Paila;2012-12-29;31.9;18.6;72.0;450.0
Bugalagrande;2012-12-30;32.1;17.7;74.0;476.0
La Paila;2012-12-30;32.9;18.1;73.0;451.0
Bugalagrande;2012-12-31;31.5;18.0;74.0;488.0
La Paila;2012-12-31;31.7;17.9;72.0;449.0
Bugalagrande;2013-01-01;31.0;17.5;73.0;473.0
La Paila;2013-01-01;31.9;17.3;72.0;421.0
Bugalagrande;2013-01-02;31.1;17.2;74.0;464.0
La Paila;2013-01-02;31.9;17.3;71.0;422.0
Bugalagrande;2013-01-03;31.7;18.0;73.0;436.0
La Paila;2013-01-03;32.5;18.1;73.0;410.0
Bugalagrande;2013-01-04;32.5;18.1;75.0;471.0
La Paila;2013-01-04;32.2;17.8;74.0;432.0
Bugalagrande;2013-01-05;32.6;18.3;73.0;498.0
La Paila;2013-01-05;31.7;18.5;74.0;406.0
Bugalagrande;2013-01-06;29.1;17.6;76.0;273.0
La Paila;2013-01-06;29.1;18.4;86.0;232.0
Bugalagrande;2013-01-07;30.5;16.0;75.0;375.0
La Paila;2013-01-07;31.0;17.0;72.0;372.0
Bugalagrande;2013-01-08;32.7;14.7;72.0;507.0
La Paila;2013-01-08;33.9;15.8;70.0;465.0
Bugalagrande;2013-01-09;32.4;14.9;70.0;506.0
La Paila;2013-01-09;32.5;15.5;68.0;491.0
Bugalagrande;2013-01-10;31.9;18.7;73.0;451.0
La Paila;2013-01-10;32.6;18.6;70.0;357.0
Bugalagrande;2013-01-11;32.5;18.5;73.0;358.0
La Paila;2013-01-11;32.9;18.2;70.0;454.0
Bugalagrande;2013-01-12;26.1;18.5;82.0;149.0
La Paila;2013-01-12;27.1;18.3;76.0;196.0
Bugalagrande;2013-01-13;29.9;18.7;73.0;452.0
La Paila;2013-01-13;29.3;18.0;71.0;410.0
Bugalagrande;2013-01-14;30.8;19.3;75.0;356.0
La Paila;2013-01-14;30.7;18.8;72.0;313.0
Bugalagrande;2013-01-15;29.9;20.3;82.0;309.0
La Paila;2013-01-15;30.5;20.4;72.0;355.0
Bugalagrande;2013-01-16;30.9;20.3;76.0;438.0
La Paila;2013-01-16;30.6;19.2;69.0;343.0
Bugalagrande;2013-01-17;31.0;20.4;76.0;392.0
La Paila;2013-01-17;30.8;20.6;69.0;344.0
Bugalagrande;2013-01-18;28.3;20.1;77.0;274.0
La Paila;2013-01-18;28.9;20.2;70.0;250.0
Bugalagrande;2013-01-19;33.0;18.8;73.0;490.0
La Paila;2013-01-19;32.4;19.5;68.0;406.0
Bugalagrande;2013-01-20;30.2;17.7;73.0;393.0
La Paila;2013-01-20;31.9;18.4;70.0;413.0
Bugalagrande;2013-01-21;31.8;18.8;72.0;385.0
La Paila;2013-01-21;32.6;19.4;68.0;366.0
Bugalagrande;2013-01-22;32.5;18.3;72.0;462.0
La Paila;2013-01-22;33.0;18.5;67.0;401.0
Bugalagrande;2013-01-23;30.3;20.4;74.0;322.0
La Paila;2013-01-23;31.0;21.1;73.0;290.0
Bugalagrande;2013-01-24;27.8;19.5;77.0;300.0
La Paila;2013-01-24;28.3;20.4;73.0;302.0
Bugalagrande;2013-01-25;30.0;20.1;72.0;363.0
La Paila;2013-01-25;30.4;20.6;71.0;355.0
Bugalagrande;2013-01-26;33.6;20.5;71.0;471.0
La Paila;2013-01-26;33.7;20.6;69.0;454.0
Bugalagrande;2013-01-27;33.3;19.5;71.0;488.0
La Paila;2013-01-27;33.5;19.9;67.0;478.0
Bugalagrande;2013-01-28;32.3;19.6;71.0;405.0
La Paila;2013-01-28;32.8;20.0;67.0;444.0
Bugalagrande;2013-01-29;33.4;18.4;70.0;479.0
La Paila;2013-01-29;33.1;19.0;68.0;405.0
Bugalagrande;2013-01-30;32.8;18.3;72.0;473.0
La Paila;2013-01-30;32.7;18.8;68.0;444.0
Bugalagrande;2013-01-31;32.6;18.4;71.0;411.0
La Paila;2013-01-31;33.1;18.6;65.0;439.0
Bugalagrande;2013-02-01;30.7;20.3;78.0;347.0
La Paila;2013-02-01;31.0;20.9;70.0;330.0
Bugalagrande;2013-02-02;24.3;19.5;92.0;157.0
La Paila;2013-02-02;24.6;19.9;88.0;138.0
Bugalagrande;2013-02-03;30.6;19.5;83.0;406.0
La Paila;2013-02-03;31.1;20.0;79.0;401.0
Bugalagrande;2013-02-04;30.1;19.5;83.0;403.0
La Paila;2013-02-04;30.3;20.0;79.0;356.0
Bugalagrande;2013-02-05;27.3;19.5;89.0;265.0
La Paila;2013-02-05;26.8;19.8;83.0;254.0
Bugalagrande;2013-02-06;28.7;19.2;79.0;344.0
La Paila;2013-02-06;29.1;19.6;80.0;274.0
Bugalagrande;2013-02-07;30.7;19.7;76.0;415.0
La Paila;2013-02-07;30.8;20.2;76.0;344.0
Bugalagrande;2013-02-08;27.1;20.5;84.0;257.0
La Paila;2013-02-08;27.8;20.2;80.0;251.0
Bugalagrande;2013-02-09;27.7;19.7;82.0;313.0
La Paila;2013-02-09;28.9;20.0;78.0;343.0
Bugalagrande;2013-02-10;27.7;19.7;81.0;357.0
La Paila;2013-02-10;27.0;19.8;78.0;279.0
Bugalagrande;2013-02-11;30.1;18.4;73.0;536.0
La Paila;2013-02-11;31.3;18.7;71.0;492.0
Bugalagrande;2013-02-12;23.3;19.5;86.0;131.0
La Paila;2013-02-12;24.6;19.6;83.0;160.0
Bugalagrande;2013-02-13;30.7;18.9;75.0;486.0
La Paila;2013-02-13;30.3;18.1;72.0;479.0
Bugalagrande;2013-02-14;27.9;17.5;80.0;404.0
La Paila;2013-02-14;27.5;17.6;78.0;336.0
Bugalagrande;2013-02-15;30.9;15.3;75.0;442.0
La Paila;2013-02-15;31.8;15.8;70.0;476.0
Bugalagrande;2013-02-16;31.7;17.2;76.0;509.0
La Paila;2013-02-16;32.1;17.6;73.0;453.0
Bugalagrande;2013-02-17;27.3;19.0;89.0;264.0
La Paila;2013-02-17;27.1;18.6;84.0;208.0
Bugalagrande;2013-02-18;28.5;18.5;83.0;371.0
La Paila;2013-02-18;30.6;18.1;77.0;439.0
Bugalagrande;2013-02-19;31.6;17.7;75.0;504.0
La Paila;2013-02-19;32.3;17.7;73.0;484.0
Bugalagrande;2013-02-20;32.8;20.1;73.0;497.0
La Paila;2013-02-20;32.1;19.8;69.0;455.0
Bugalagrande;2013-02-21;29.8;20.3;78.0;324.0
La Paila;2013-02-21;30.6;20.4;76.0;359.0
Bugalagrande;2013-02-22;32.1;18.7;76.0;417.0
La Paila;2013-02-22;31.9;18.9;73.0;403.0
Bugalagrande;2013-02-23;32.3;19.0;75.0;437.0
La Paila;2013-02-23;32.5;19.2;71.0;376.0
Bugalagrande;2013-02-24;29.5;18.9;83.0;280.0
La Paila;2013-02-24;28.5;19.1;81.0;266.0
Bugalagrande;2013-02-25;32.1;18.5;77.0;455.0
La Paila;2013-02-25;32.1;18.8;73.0;388.0
Bugalagrande;2013-02-26;31.4;19.0;76.0;386.0
La Paila;2013-02-26;31.5;19.2;72.0;343.0
Bugalagrande;2013-02-27;30.9;19.5;78.0;369.0
La Paila;2013-02-27;31.1;19.4;75.0;326.0
Bugalagrande;2013-02-28;30.3;20.7;78.0;357.0
La Paila;2013-02-28;29.5;20.8;78.0;294.0
Bugalagrande;2013-03-01;30.4;19.9;82.0;362.0
La Paila;2013-03-01;30.7;20.3;81.0;302.0
Bugalagrande;2013-03-02;30.9;19.8;79.0;350.0
La Paila;2013-03-02;30.7;19.0;75.0;399.0
Bugalagrande;2013-03-03;30.4;19.8;79.0;325.0
La Paila;2013-03-03;30.4;20.2;73.0;326.0
Bugalagrande;2013-03-04;29.0;19.1;80.0;264.0
La Paila;2013-03-04;30.0;19.6;75.0;249.0
Bugalagrande;2013-03-05;33.3;18.5;75.0;529.0
La Paila;2013-03-05;33.7;19.2;73.0;477.0
Bugalagrande;2013-03-06;31.5;19.8;85.0;365.0
La Paila;2013-03-06;31.9;20.0;78.0;382.0
Bugalagrande;2013-03-07;30.5;18.3;81.0;467.0
La Paila;2013-03-07;30.1;18.6;78.0;408.0
Bugalagrande;2013-03-08;32.7;18.6;76.0;488.0
La Paila;2013-03-08;32.2;19.0;73.0;404.0
Bugalagrande;2013-03-09;29.7;19.6;80.0;256.0
La Paila;2013-03-09;30.3;19.8;76.0;249.0
Bugalagrande;2013-03-10;31.7;18.6;76.0;447.0
La Paila;2013-03-10;31.9;18.4;72.0;387.0
Bugalagrande;2013-03-11;32.1;19.3;77.0;478.0
La Paila;2013-03-11;32.9;20.0;72.0;442.0
Bugalagrande;2013-03-12;32.5;20.2;79.0;494.0
La Paila;2013-03-12;32.4;20.5;77.0;438.0
Bugalagrande;2013-03-13;28.7;20.4;87.0;322.0
La Paila;2013-03-13;28.2;20.9;85.0;219.0
Bugalagrande;2013-03-14;30.5;18.9;80.0;456.0
La Paila;2013-03-14;31.8;19.7;78.0;385.0
Bugalagrande;2013-03-15;25.0;18.1;90.0;204.0
La Paila;2013-03-15;25.4;18.3;87.0;178.0
Bugalagrande;2013-03-16;31.1;17.2;79.0;533.0
La Paila;2013-03-16;31.5;17.4;75.0;458.0
Bugalagrande;2013-03-17;30.6;18.6;83.0;438.0
La Paila;2013-03-17;31.1;18.7;79.0;374.0
Bugalagrande;2013-03-18;30.1;18.1;82.0;483.0
La Paila;2013-03-18;29.8;18.4;77.0;430.0
Bugalagrande;2013-03-19;30.7;20.2;78.0;401.0
La Paila;2013-03-19;30.6;20.7;73.0;337.0
Bugalagrande;2013-03-20;31.2;19.9;80.0;409.0
La Paila;2013-03-20;30.8;20.2;74.0;399.0
Bugalagrande;2013-03-21;23.9;19.4;90.0;105.0
La Paila;2013-03-21;23.8;19.5;86.0;104.0
Bugalagrande;2013-03-22;28.7;18.7;81.0;370.0
La Paila;2013-03-22;29.4;19.1;77.0;291.0
Bugalagrande;2013-03-23;28.9;19.5;82.0;335.0
La Paila;2013-03-23;28.7;19.4;76.0;274.0
Bugalagrande;2013-03-24;31.3;19.1;79.0;423.0
La Paila;2013-03-24;31.2;18.9;76.0;360.0
Bugalagrande;2013-03-25;32.1;19.4;80.0;520.0
La Paila;2013-03-25;31.4;19.5;75.0;393.0
Bugalagrande;2013-03-26;26.7;17.3;89.0;181.0
La Paila;2013-03-26;28.2;17.7;81.0;224.0
Bugalagrande;2013-03-27;31.0;16.5;78.0;518.0
La Paila;2013-03-27;31.8;16.4;73.0;458.0
Bugalagrande;2013-03-28;31.2;19.2;77.0;407.0
La Paila;2013-03-28;30.7;20.0;72.0;366.0
Bugalagrande;2013-03-29;32.7;18.6;75.0;482.0
La Paila;2013-03-29;32.5;18.7;70.0;454.0
Bugalagrande;2013-03-30;31.1;19.5;76.0;361.0
La Paila;2013-03-30;31.7;19.5;71.0;334.0
Bugalagrande;2013-03-31;33.8;18.5;74.0;473.0
La Paila;2013-03-31;33.9;19.3;69.0;449.0
Bugalagrande;2013-04-01;31.1;20.2;79.0;296.0
La Paila;2013-04-01;31.9;20.3;75.0;308.0
Bugalagrande;2013-04-02;28.9;20.4;83.0;270.0
La Paila;2013-04-02;28.8;20.2;79.0;258.0
Bugalagrande;2013-04-03;31.7;19.1;78.0;405.0
La Paila;2013-04-03;32.2;18.9;71.0;445.0
Bugalagrande;2013-04-04;30.5;20.1;81.0;275.0
La Paila;2013-04-04;30.8;20.7;74.0;293.0
Bugalagrande;2013-04-05;30.8;19.1;76.0;303.0
La Paila;2013-04-05;31.9;19.6;71.0;374.0
Bugalagrande;2013-04-06;33.0;19.4;75.0;358.0
La Paila;2013-04-06;33.4;20.2;70.0;443.0
Bugalagrande;2013-04-07;32.9;20.0;78.0;331.0
La Paila;2013-04-07;32.9;20.6;74.0;467.0
Bugalagrande;2013-04-08;31.1;19.3;77.0;271.0
La Paila;2013-04-08;30.5;20.4;72.0;306.0
Bugalagrande;2013-04-09;32.3;19.6;74.0;358.0
La Paila;2013-04-09;33.2;20.0;67.0;451.0
Bugalagrande;2013-04-10;31.5;19.7;74.0;298.0
La Paila;2013-04-10;32.1;20.3;71.0;367.0
Bugalagrande;2013-04-11;32.4;19.3;77.0;394.0
La Paila;2013-04-11;31.6;19.0;72.0;465.0
Bugalagrande;2013-04-12;32.8;19.4;77.0;322.0
La Paila;2013-04-12;32.6;19.2;72.0;407.0
Bugalagrande;2013-04-13;32.8;19.4;78.0;272.0
La Paila;2013-04-13;32.9;20.1;71.0;405.0
Bugalagrande;2013-04-14;31.6;20.4;78.0;263.0
La Paila;2013-04-14;30.9;20.3;72.0;294.0
Bugalagrande;2013-04-15;30.7;20.2;82.0;268.0
La Paila;2013-04-15;32.0;19.8;78.0;359.0
Bugalagrande;2013-04-16;32.2;19.3;78.0;370.0
La Paila;2013-04-16;32.9;18.4;72.0;483.0
Bugalagrande;2013-04-17;31.3;19.9;86.0;218.0
La Paila;2013-04-17;31.5;19.8;81.0;284.0
Bugalagrande;2013-04-18;29.8;19.3;81.0;269.0
La Paila;2013-04-18;29.5;20.0;77.0;340.0
Bugalagrande;2013-04-19;28.8;19.1;81.0;269.0
La Paila;2013-04-19;29.4;19.4;78.0;313.0
Bugalagrande;2013-04-20;28.3;19.3;84.0;253.0
La Paila;2013-04-20;28.9;19.5;83.0;337.0
Bugalagrande;2013-04-21;29.0;19.5;82.0;315.0
La Paila;2013-04-21;29.9;19.6;79.0;409.0
Bugalagrande;2013-04-22;29.9;19.5;80.0;328.0
La Paila;2013-04-22;30.0;19.2;76.0;393.0
Bugalagrande;2013-04-23;31.6;18.5;77.0;395.0
La Paila;2013-04-23;31.7;18.8;73.0;422.0
Bugalagrande;2013-04-24;33.6;19.2;77.0;456.0
La Paila;2013-04-24;32.3;19.4;71.0;429.0
Bugalagrande;2013-04-25;31.9;18.5;83.0;359.0
La Paila;2013-04-25;32.2;18.6;79.0;383.0
Bugalagrande;2013-04-26;30.3;19.6;84.0;334.0
La Paila;2013-04-26;30.7;19.3;85.0;379.0
Bugalagrande;2013-04-27;30.3;19.1;81.0;393.0
La Paila;2013-04-27;29.7;19.6;77.0;450.0
Bugalagrande;2013-04-28;30.0;18.5;80.0;474.0
La Paila;2013-04-28;30.6;18.7;77.0;472.0
Bugalagrande;2013-04-29;29.9;18.8;85.0;324.0
La Paila;2013-04-29;30.3;19.4;84.0;307.0
Bugalagrande;2013-04-30;30.1;19.9;79.0;399.0
La Paila;2013-04-30;29.7;19.6;78.0;439.0
Bugalagrande;2013-05-01;27.7;19.3;83.0;285.0
La Paila;2013-05-01;27.2;19.5;79.0;253.0
Bugalagrande;2013-05-02;30.0;19.1;83.0;400.0
La Paila;2013-05-02;29.7;19.2;81.0;385.0
Bugalagrande;2013-05-03;26.9;19.2;86.0;237.0
La Paila;2013-05-03;26.6;19.2;85.0;219.0
Bugalagrande;2013-05-04;31.1;17.3;79.0;420.0
La Paila;2013-05-04;31.3;17.9;76.0;414.0
Bugalagrande;2013-05-05;26.5;19.3;84.0;289.0
La Paila;2013-05-05;26.7;19.3;80.0;246.0
Bugalagrande;2013-05-06;30.2;19.9;77.0;401.0
La Paila;2013-05-06;30.6;19.8;74.0;428.0
Bugalagrande;2013-05-07;28.1;18.2;83.0;286.0
La Paila;2013-05-07;27.1;18.8;79.0;259.0
Bugalagrande;2013-05-08;31.0;17.9;75.0;438.0
La Paila;2013-05-08;30.5;18.6;74.0;415.0
Bugalagrande;2013-05-09;26.9;19.6;83.0;207.0
La Paila;2013-05-09;27.7;19.6;85.0;251.0
Bugalagrande;2013-05-10;31.0;19.9;80.0;432.0
La Paila;2013-05-10;30.4;20.0;79.0;436.0
Bugalagrande;2013-05-11;27.0;18.6;87.0;210.0
La Paila;2013-05-11;27.6;18.7;85.0;259.0
Bugalagrande;2013-05-12;31.0;17.7;77.0;411.0
La Paila;2013-05-12;31.0;18.0;77.0;396.0
Bugalagrande;2013-05-13;31.5;18.9;83.0;321.0
La Paila;2013-05-13;30.1;18.9;79.0;335.0
Bugalagrande;2013-05-14;28.9;19.7;88.0;301.0
La Paila;2013-05-14;29.8;19.4;87.0;355.0
Bugalagrande;2013-05-15;28.4;19.5;89.0;244.0
La Paila;2013-05-15;27.6;19.7;87.0;226.0
Bugalagrande;2013-05-16;27.2;19.0;88.0;287.0
La Paila;2013-05-16;28.9;18.9;87.0;313.0
Bugalagrande;2013-05-17;24.3;18.7;91.0;165.0
La Paila;2013-05-17;25.7;19.4;87.0;174.0
Bugalagrande;2013-05-18;30.1;17.6;80.0;452.0
La Paila;2013-05-18;30.3;18.2;78.0;458.0
Bugalagrande;2013-05-19;30.1;20.0;85.0;327.0
La Paila;2013-05-19;30.3;20.6;82.0;323.0
Bugalagrande;2013-05-20;30.1;18.7;81.0;402.0
La Paila;2013-05-20;30.1;19.0;83.0;315.0
Bugalagrande;2013-05-21;25.3;19.3;91.0;203.0
La Paila;2013-05-21;27.0;19.2;89.0;210.0
Bugalagrande;2013-05-22;29.3;19.4;84.0;349.0
La Paila;2013-05-22;29.9;19.2;83.0;356.0
Bugalagrande;2013-05-23;27.1;18.7;86.0;332.0
La Paila;2013-05-23;27.9;19.1;83.0;322.0
Bugalagrande;2013-05-24;28.7;19.2;85.0;381.0
La Paila;2013-05-24;29.2;19.5;81.0;374.0
Bugalagrande;2013-05-25;30.7;18.7;79.0;442.0
La Paila;2013-05-25;30.9;19.3;75.0;453.0
Bugalagrande;2013-05-26;30.3;19.1;82.0;372.0
La Paila;2013-05-26;29.3;19.3;81.0;320.0
Bugalagrande;2013-05-27;29.2;18.5;82.0;276.0
La Paila;2013-05-27;28.5;18.1;80.0;369.0
Bugalagrande;2013-05-28;27.3;19.4;85.0;215.0
La Paila;2013-05-28;28.1;19.6;85.0;284.0
Bugalagrande;2013-05-29;29.7;18.4;84.0;379.0
La Paila;2013-05-29;29.5;18.9;83.0;401.0
Bugalagrande;2013-05-30;28.5;18.5;82.0;327.0
La Paila;2013-05-30;29.2;19.7;79.0;308.0
Bugalagrande;2013-05-31;24.5;17.9;95.0;151.0
La Paila;2013-05-31;26.1;18.2;89.0;221.0
Bugalagrande;2013-06-01;29.4;17.5;80.0;451.0
La Paila;2013-06-01;28.8;17.1;78.0;442.0
Bugalagrande;2013-06-02;29.3;18.8;80.0;361.0
La Paila;2013-06-02;29.7;19.2;77.0;390.0
Bugalagrande;2013-06-03;30.3;17.6;79.0;423.0
La Paila;2013-06-03;30.1;17.9;76.0;381.0
Bugalagrande;2013-06-04;29.4;17.8;77.0;346.0
La Paila;2013-06-04;30.0;18.3;75.0;378.0
Bugalagrande;2013-06-05;29.0;17.7;79.0;349.0
La Paila;2013-06-05;29.4;17.6;75.0;352.0
Bugalagrande;2013-06-06;30.7;16.6;77.0;407.0
La Paila;2013-06-06;31.3;16.9;71.0;438.0
Bugalagrande;2013-06-07;28.9;18.0;79.0;324.0
La Paila;2013-06-07;29.2;18.8;74.0;291.0
Bugalagrande;2013-06-08;30.1;17.9;79.0;333.0
La Paila;2013-06-08;31.5;18.6;72.0;356.0
Bugalagrande;2013-06-09;31.7;16.7;74.0;460.0
La Paila;2013-06-09;32.2;17.4;70.0;450.0
Bugalagrande;2013-06-10;30.9;18.3;75.0;395.0
La Paila;2013-06-10;30.9;18.2;71.0;382.0
Bugalagrande;2013-06-11;29.5;19.2;81.0;325.0
La Paila;2013-06-11;29.4;19.8;76.0;314.0
Bugalagrande;2013-06-12;30.5;19.5;77.0;403.0
La Paila;2013-06-12;30.6;19.6;75.0;403.0
Bugalagrande;2013-06-13;31.5;18.4;74.0;462.0
La Paila;2013-06-13;31.6;19.0;72.0;439.0
Bugalagrande;2013-06-14;28.3;19.9;83.0;285.0
La Paila;2013-06-14;30.1;19.8;77.0;316.0
Bugalagrande;2013-06-15;29.5;19.1;79.0;369.0
La Paila;2013-06-15;30.1;18.2;77.0;371.0
Bugalagrande;2013-06-16;32.0;19.5;76.0;447.0
La Paila;2013-06-16;31.9;19.5;75.0;435.0
Bugalagrande;2013-06-17;31.3;18.9;73.0;476.0
La Paila;2013-06-17;31.3;19.4;70.0;433.0
Bugalagrande;2013-06-18;32.1;20.0;76.0;450.0
La Paila;2013-06-18;32.2;20.2;70.0;409.0
Bugalagrande;2013-06-19;29.7;20.2;77.0;323.0
La Paila;2013-06-19;30.3;20.2;73.0;346.0
Bugalagrande;2013-06-20;29.8;18.9;76.0;332.0
La Paila;2013-06-20;31.3;18.9;71.0;374.0
Bugalagrande;2013-06-21;31.7;18.0;73.0;443.0
La Paila;2013-06-21;31.1;18.0;69.0;417.0
Bugalagrande;2013-06-22;31.8;18.3;75.0;427.0
La Paila;2013-06-22;32.3;19.4;70.0;428.0
Bugalagrande;2013-06-23;31.5;19.6;75.0;406.0
La Paila;2013-06-23;32.7;19.5;71.0;385.0
Bugalagrande;2013-06-24;30.7;19.5;77.0;360.0
La Paila;2013-06-24;31.1;20.0;72.0;359.0
Bugalagrande;2013-06-25;30.4;19.4;73.0;436.0
La Paila;2013-06-25;31.0;19.4;70.0;432.0
Bugalagrande;2013-06-26;31.3;20.1;75.0;399.0
La Paila;2013-06-26;31.0;19.6;68.0;409.0
Bugalagrande;2013-06-27;30.6;19.1;84.0;260.0
La Paila;2013-06-27;29.8;20.0;76.0;266.0
Bugalagrande;2013-06-28;27.1;18.6;81.0;245.0
La Paila;2013-06-28;28.7;19.0;75.0;289.0
Bugalagrande;2013-06-29;30.3;18.7;82.0;402.0
La Paila;2013-06-29;30.0;19.4;72.0;365.0
Bugalagrande;2013-06-30;28.4;18.5;83.0;327.0
La Paila;2013-06-30;29.7;18.5;81.0;315.0
Bugalagrande;2013-07-01;29.2;17.9;85.0;378.0
La Paila;2013-07-01;30.3;17.9;83.0;330.0
Bugalagrande;2013-07-02;30.1;16.6;81.0;427.0
La Paila;2013-07-02;29.2;16.4;79.0;391.0
Bugalagrande;2013-07-03;29.5;16.9;75.0;404.0
La Paila;2013-07-03;29.2;17.4;75.0;355.0
Bugalagrande;2013-07-04;30.7;17.9;74.0;463.0
La Paila;2013-07-04;30.6;17.8;72.0;444.0
Bugalagrande;2013-07-05;29.1;18.1;77.0;416.0
La Paila;2013-07-05;29.0;18.2;76.0;379.0
Bugalagrande;2013-07-06;31.8;17.7;74.0;414.0
La Paila;2013-07-06;31.4;18.7;72.0;431.0
Bugalagrande;2013-07-07;31.8;17.1;74.0;450.0
La Paila;2013-07-07;31.2;17.8;74.0;460.0
Bugalagrande;2013-07-08;31.9;18.5;73.0;470.0
La Paila;2013-07-08;31.9;18.8;71.0;483.0
Bugalagrande;2013-07-09;30.2;17.9;73.0;361.0
La Paila;2013-07-09;31.0;18.2;73.0;368.0
Bugalagrande;2013-07-10;29.1;18.7;73.0;299.0
La Paila;2013-07-10;30.8;19.1;71.0;310.0
Bugalagrande;2013-07-11;30.5;18.4;71.0;413.0
La Paila;2013-07-11;30.9;18.6;70.0;432.0
Bugalagrande;2013-07-12;29.8;19.2;74.0;348.0
La Paila;2013-07-12;31.2;19.7;70.0;384.0
Bugalagrande;2013-07-13;31.7;17.1;73.0;445.0
La Paila;2013-07-13;31.3;17.3;72.0;445.0
Bugalagrande;2013-07-14;32.3;17.5;71.0;442.0
La Paila;2013-07-14;31.9;17.4;70.0;464.0
Bugalagrande;2013-07-15;28.5;18.5;78.0;277.0
La Paila;2013-07-15;28.5;17.9;75.0;337.0
Bugalagrande;2013-07-16;31.8;18.5;72.0;393.0
La Paila;2013-07-16;32.5;19.1;70.0;437.0
Bugalagrande;2013-07-17;31.4;18.3;70.0;378.0
La Paila;2013-07-17;31.7;18.6;69.0;378.0
Bugalagrande;2013-07-18;29.5;19.2;81.0;274.0
La Paila;2013-07-18;29.5;19.5;74.0;311.0
Bugalagrande;2013-07-19;27.8;16.7;80.0;279.0
La Paila;2013-07-19;28.9;17.4;74.0;299.0
Bugalagrande;2013-07-20;31.7;18.9;77.0;389.0
La Paila;2013-07-20;32.1;18.8;76.0;369.0
Bugalagrande;2013-07-21;32.2;18.7;73.0;474.0
La Paila;2013-07-21;31.2;19.2;72.0;434.0
Bugalagrande;2013-07-22;32.1;18.7;76.0;490.0
La Paila;2013-07-22;32.1;18.7;70.0;439.0
Bugalagrande;2013-07-23;29.5;18.9;79.0;394.0
La Paila;2013-07-23;29.6;18.2;77.0;381.0
Bugalagrande;2013-07-24;31.5;18.0;73.0;460.0
La Paila;2013-07-24;31.7;17.0;71.0;496.0
Bugalagrande;2013-07-25;33.3;16.3;70.0;488.0
La Paila;2013-07-25;33.1;16.8;68.0;496.0
Bugalagrande;2013-07-26;31.0;18.9;71.0;350.0
La Paila;2013-07-26;31.4;19.4;68.0;367.0
Bugalagrande;2013-07-27;32.2;17.0;71.0;461.0
La Paila;2013-07-27;31.8;17.1;69.0;461.0
Bugalagrande;2013-07-28;33.2;16.7;65.0;451.0
La Paila;2013-07-28;34.5;17.0;64.0;486.0
Bugalagrande;2013-07-29;33.0;17.7;67.0;485.0
La Paila;2013-07-29;33.8;17.6;63.0;491.0
Bugalagrande;2013-07-30;30.3;17.5;71.0;362.0
La Paila;2013-07-30;30.6;17.8;67.0;355.0
Bugalagrande;2013-07-31;31.7;18.5;69.0;480.0
La Paila;2013-07-31;32.6;19.3;66.0;491.0
Bugalagrande;2013-08-01;30.3;18.1;74.0;400.0
La Paila;2013-08-01;30.6;19.0;71.0;419.0
Bugalagrande;2013-08-02;31.4;19.1;72.0;454.0
La Paila;2013-08-02;31.8;19.2;71.0;448.0
Bugalagrande;2013-08-03;32.0;19.4;72.0;429.0
La Paila;2013-08-03;32.4;19.3;74.0;378.0
Bugalagrande;2013-08-04;32.3;19.2;70.0;354.0
La Paila;2013-08-04;31.7;19.1;71.0;373.0
Bugalagrande;2013-08-05;31.5;17.3;70.0;415.0
La Paila;2013-08-05;31.4;17.2;69.0;432.0
Bugalagrande;2013-08-06;32.6;18.2;75.0;386.0
La Paila;2013-08-06;32.2;18.6;73.0;414.0
Bugalagrande;2013-08-07;30.7;19.0;81.0;363.0
La Paila;2013-08-07;30.6;19.0;81.0;359.0
Bugalagrande;2013-08-08;28.0;18.6;80.0;358.0
La Paila;2013-08-08;28.2;19.2;81.0;311.0
Bugalagrande;2013-08-09;30.1;18.9;75.0;414.0
La Paila;2013-08-09;30.3;18.8;73.0;471.0
Bugalagrande;2013-08-10;29.1;19.2;77.0;387.0
La Paila;2013-08-10;28.5;19.6;74.0;347.0
Bugalagrande;2013-08-11;29.3;18.6;79.0;391.0
La Paila;2013-08-11;28.9;18.5;79.0;362.0
Bugalagrande;2013-08-12;29.6;18.5;78.0;392.0
La Paila;2013-08-12;30.1;18.9;79.0;427.0
Bugalagrande;2013-08-13;28.5;19.1;79.0;331.0
La Paila;2013-08-13;28.1;19.0;75.0;363.0
Bugalagrande;2013-08-14;32.2;18.1;73.0;489.0
La Paila;2013-08-14;31.8;17.8;70.0;489.0
Bugalagrande;2013-08-15;30.9;19.1;74.0;456.0
La Paila;2013-08-15;31.8;18.6;70.0;433.0
Bugalagrande;2013-08-16;30.9;19.7;74.0;345.0
La Paila;2013-08-16;31.7;19.2;71.0;415.0
Bugalagrande;2013-08-17;28.9;20.2;81.0;318.0
La Paila;2013-08-17;30.9;19.9;80.0;323.0
Bugalagrande;2013-08-18;30.1;19.3;82.0;413.0
La Paila;2013-08-18;30.3;19.3;79.0;384.0
Bugalagrande;2013-08-19;29.2;19.7;80.0;361.0
La Paila;2013-08-19;29.4;19.9;78.0;377.0
Bugalagrande;2013-08-20;30.5;18.3;76.0;436.0
La Paila;2013-08-20;31.6;18.5;73.0;488.0
Bugalagrande;2013-08-21;31.3;18.1;73.0;413.0
La Paila;2013-08-21;31.7;18.9;71.0;419.0
Bugalagrande;2013-08-22;30.3;19.1;73.0;364.0
La Paila;2013-08-22;30.8;19.3;71.0;367.0
Bugalagrande;2013-08-23;30.1;16.4;72.0;389.0
La Paila;2013-08-23;30.6;16.7;69.0;401.0
Bugalagrande;2013-08-24;27.9;18.1;81.0;292.0
La Paila;2013-08-24;27.2;18.2;78.0;289.0
Bugalagrande;2013-08-25;30.6;16.5;82.0;417.0
La Paila;2013-08-25;30.9;17.0;80.0;416.0
Bugalagrande;2013-08-26;29.1;19.3;79.0;404.0
La Paila;2013-08-26;29.4;18.6;77.0;425.0
Bugalagrande;2013-08-27;31.4;18.3;72.0;470.0
La Paila;2013-08-27;31.0;18.5;72.0;439.0
Bugalagrande;2013-08-28;29.0;18.7;73.0;326.0
La Paila;2013-08-28;30.5;18.8;72.0;354.0
Bugalagrande;2013-08-29;30.6;18.5;70.0;313.0
La Paila;2013-08-29;30.7;18.9;70.0;360.0
Bugalagrande;2013-08-30;31.9;16.7;65.0;453.0
La Paila;2013-08-30;32.5;17.3;64.0;476.0
Bugalagrande;2013-08-31;32.3;18.4;65.0;464.0
La Paila;2013-08-31;30.9;18.6;68.0;357.0
Bugalagrande;2013-09-01;32.5;17.3;68.0;465.0
La Paila;2013-09-01;32.0;17.4;69.0;470.0
Bugalagrande;2013-09-02;32.2;18.6;76.0;426.0
La Paila;2013-09-02;32.5;18.6;74.0;442.0
Bugalagrande;2013-09-03;30.3;18.8;72.0;404.0
La Paila;2013-09-03;30.1;18.6;71.0;481.0
Bugalagrande;2013-09-04;31.4;19.0;79.0;379.0
La Paila;2013-09-04;30.8;18.4;78.0;453.0
Bugalagrande;2013-09-05;31.9;18.0;79.0;442.0
La Paila;2013-09-05;31.8;18.1;77.0;461.0
Bugalagrande;2013-09-06;27.9;19.0;81.0;248.0
La Paila;2013-09-06;28.1;18.6;78.0;348.0
Bugalagrande;2013-09-07;31.7;18.9;75.0;437.0
La Paila;2013-09-07;31.6;19.0;73.0;481.0
Bugalagrande;2013-09-08;28.3;19.1;78.0;309.0
La Paila;2013-09-08;27.8;18.8;78.0;286.0
Bugalagrande;2013-09-09;31.3;18.1;77.0;446.0
La Paila;2013-09-09;31.6;17.9;76.0;488.0
Bugalagrande;2013-09-10;30.3;19.1;78.0;404.0
La Paila;2013-09-10;30.2;19.0;77.0;429.0
Bugalagrande;2013-09-11;28.2;18.2;80.0;296.0
La Paila;2013-09-11;29.1;19.6;75.0;430.0
Bugalagrande;2013-09-12;30.4;18.1;81.0;383.0
La Paila;2013-09-12;30.7;18.4;79.0;433.0
Bugalagrande;2013-09-13;31.1;19.0;77.0;410.0
La Paila;2013-09-13;30.9;19.7;74.0;461.0
Bugalagrande;2013-09-14;31.4;18.5;81.0;369.0
La Paila;2013-09-14;31.1;18.9;74.0;456.0
Bugalagrande;2013-09-15;32.0;19.4;81.0;366.0
La Paila;2013-09-15;31.3;19.6;73.0;412.0
Bugalagrande;2013-09-16;31.4;19.1;75.0;411.0
La Paila;2013-09-16;32.5;18.9;72.0;496.0
Bugalagrande;2013-09-17;28.7;19.2;80.0;273.0
La Paila;2013-09-17;28.8;19.4;79.0;303.0
Bugalagrande;2013-09-18;29.9;19.7;78.0;331.0
La Paila;2013-09-18;29.8;19.6;78.0;397.0
Bugalagrande;2013-09-19;30.5;19.9;77.0;353.0
La Paila;2013-09-19;30.3;19.3;76.0;385.0
Bugalagrande;2013-09-20;30.6;18.1;75.0;346.0
La Paila;2013-09-20;30.6;18.0;74.0;440.0
Bugalagrande;2013-09-21;32.1;15.7;70.0;467.0
La Paila;2013-09-21;32.7;15.8;68.0;545.0
Bugalagrande;2013-09-22;32.1;18.7;72.0;431.0
La Paila;2013-09-22;32.5;18.3;69.0;501.0
Bugalagrande;2013-09-23;32.3;18.4;70.0;464.0
La Paila;2013-09-23;33.0;19.1;69.0;546.0
Bugalagrande;2013-09-24;32.9;18.1;71.0;455.0
La Paila;2013-09-24;34.0;18.0;69.0;537.0
Bugalagrande;2013-09-25;32.5;18.5;73.0;392.0
La Paila;2013-09-25;33.1;18.7;70.0;473.0
Bugalagrande;2013-09-26;32.8;19.7;73.0;378.0
La Paila;2013-09-26;32.7;18.9;73.0;482.0
Bugalagrande;2013-09-27;32.1;19.4;78.0;368.0
La Paila;2013-09-27;32.2;18.9;79.0;491.0
Bugalagrande;2013-09-28;29.5;19.4;78.0;327.0
La Paila;2013-09-28;30.0;19.1;76.0;490.0
Bugalagrande;2013-09-29;28.1;19.9;81.0;340.0
La Paila;2013-09-29;29.2;19.8;76.0;434.0
Bugalagrande;2013-09-30;29.6;18.9;77.0;351.0
La Paila;2013-09-30;29.5;19.2;78.0;393.0
Bugalagrande;2013-10-01;31.3;17.9;74.0;378.0
La Paila;2013-10-01;30.2;18.2;75.0;451.0
Bugalagrande;2013-10-02;32.5;18.1;71.0;417.0
La Paila;2013-10-02;32.2;17.8;71.0;475.0
Bugalagrande;2013-10-03;28.5;19.1;75.0;252.0
La Paila;2013-10-03;29.4;19.9;72.0;361.0
Bugalagrande;2013-10-04;29.7;19.9;74.0;278.0
La Paila;2013-10-04;30.3;19.6;74.0;423.0
Bugalagrande;2013-10-05;32.3;18.8;71.0;460.0
La Paila;2013-10-05;32.1;18.1;71.0;522.0
Bugalagrande;2013-10-06;32.7;17.5;70.0;434.0
La Paila;2013-10-06;32.1;18.2;69.0;516.0
Bugalagrande;2013-10-07;32.0;16.7;75.0;393.0
La Paila;2013-10-07;32.2;17.7;70.0;420.0
Bugalagrande;2013-10-08;31.5;19.0;75.0;381.0
La Paila;2013-10-08;33.1;19.4;69.0;420.0
Bugalagrande;2013-10-09;32.8;17.3;70.0;419.0
La Paila;2013-10-09;33.2;17.0;67.0;517.0
Bugalagrande;2013-10-10;29.7;19.8;83.0;238.0
La Paila;2013-10-10;29.6;19.3;81.0;312.0
Bugalagrande;2013-10-11;30.5;19.4;75.0;404.0
La Paila;2013-10-11;30.1;18.8;75.0;516.0
Bugalagrande;2013-10-12;29.5;20.0;76.0;272.0
La Paila;2013-10-12;28.6;19.9;76.0;298.0
Bugalagrande;2013-10-13;30.2;19.6;80.0;344.0
La Paila;2013-10-13;30.1;19.6;79.0;416.0
Bugalagrande;2013-10-14;28.3;19.6;88.0;282.0
La Paila;2013-10-14;26.5;19.5;86.0;252.0
Bugalagrande;2013-10-15;30.1;19.3;81.0;347.0
La Paila;2013-10-15;29.9;19.0;80.0;404.0
Bugalagrande;2013-10-16;28.1;19.1;86.0;281.0
La Paila;2013-10-16;28.3;19.0;82.0;344.0
Bugalagrande;2013-10-17;29.4;19.0;83.0;325.0
La Paila;2013-10-17;28.7;19.1;78.0;376.0
Bugalagrande;2013-10-18;32.4;18.1;77.0;410.0
La Paila;2013-10-18;32.9;18.4;74.0;506.0
Bugalagrande;2013-10-19;31.7;18.4;71.0;447.0
La Paila;2013-10-19;31.7;18.1;70.0;513.0
Bugalagrande;2013-10-20;31.0;18.1;81.0;302.0
La Paila;2013-10-20;30.5;18.2;79.0;380.0
Bugalagrande;2013-10-21;28.2;19.5;85.0;264.0
La Paila;2013-10-21;27.9;19.7;86.0;284.0
Bugalagrande;2013-10-22;28.8;19.2;83.0;273.0
La Paila;2013-10-22;28.9;19.2;81.0;391.0
Bugalagrande;2013-10-23;31.5;19.3;78.0;435.0
La Paila;2013-10-23;31.0;19.3;76.0;484.0
Bugalagrande;2013-10-24;29.6;19.3;81.0;295.0
La Paila;2013-10-24;29.5;19.1;80.0;360.0
Bugalagrande;2013-10-25;30.2;18.3;77.0;345.0
La Paila;2013-10-25;30.6;18.5;74.0;420.0
Bugalagrande;2013-10-26;31.4;18.7;74.0;378.0
La Paila;2013-10-26;32.5;19.0;71.0;516.0
Bugalagrande;2013-10-27;29.6;18.4;83.0;286.0
La Paila;2013-10-27;29.9;18.8;78.0;358.0
Bugalagrande;2013-10-28;32.3;17.3;75.0;418.0
La Paila;2013-10-28;31.2;17.6;71.0;525.0
Bugalagrande;2013-10-29;30.8;18.6;81.0;293.0
La Paila;2013-10-29;31.1;18.6;77.0;387.0
Bugalagrande;2013-10-30;29.3;18.3;80.0;354.0
La Paila;2013-10-30;29.5;18.5;75.0;424.0
Bugalagrande;2013-10-31;26.3;18.9;85.0;225.0
La Paila;2013-10-31;26.7;18.6;80.0;283.0
Bugalagrande;2013-11-01;26.1;18.3;87.0;239.0
La Paila;2013-11-01;27.1;18.1;84.0;346.0
Bugalagrande;2013-11-02;27.1;17.5;82.0;312.0
La Paila;2013-11-02;27.5;17.2;77.0;329.0
Bugalagrande;2013-11-03;29.1;18.9;75.0;341.0
La Paila;2013-11-03;29.7;18.3;72.0;454.0
Bugalagrande;2013-11-04;26.9;18.6;81.0;240.0
La Paila;2013-11-04;26.8;19.3;75.0;284.0
Bugalagrande;2013-11-05;30.2;17.8;83.0;331.0
La Paila;2013-11-05;29.7;18.6;79.0;404.0
Bugalagrande;2013-11-06;29.6;17.5;85.0;343.0
La Paila;2013-11-06;30.5;17.5;81.0;440.0
Bugalagrande;2013-11-07;28.6;18.1;81.0;322.0
La Paila;2013-11-07;28.5;17.4;81.0;366.0
Bugalagrande;2013-11-08;30.3;16.7;74.0;447.0
La Paila;2013-11-08;30.3;17.0;71.0;512.0
Bugalagrande;2013-11-09;30.7;19.3;74.0;445.0
La Paila;2013-11-09;30.8;17.5;71.0;470.0
Bugalagrande;2013-11-10;29.9;19.2;78.0;386.0
La Paila;2013-11-10;29.9;19.0;77.0;452.0
Bugalagrande;2013-11-11;31.3;19.1;78.0;367.0
La Paila;2013-11-11;31.1;19.6;75.0;425.0
Bugalagrande;2013-11-12;31.6;19.7;77.0;377.0
La Paila;2013-11-12;31.0;19.0;74.0;390.0
Bugalagrande;2013-11-13;29.7;20.0;78.0;303.0
La Paila;2013-11-13;30.2;20.2;74.0;341.0
Bugalagrande;2013-11-14;30.8;18.7;77.0;302.0
La Paila;2013-11-14;30.6;19.1;75.0;342.0
Bugalagrande;2013-11-15;31.5;20.2;78.0;374.0
La Paila;2013-11-15;31.5;20.3;71.0;460.0
Bugalagrande;2013-11-16;32.4;18.4;81.0;354.0
La Paila;2013-11-16;32.7;18.8;77.0;393.0
Bugalagrande;2013-11-17;29.9;18.9;80.0;288.0
La Paila;2013-11-17;29.9;19.5;78.0;377.0
Bugalagrande;2013-11-18;29.9;19.3;79.0;338.0
La Paila;2013-11-18;30.1;20.0;78.0;408.0
Bugalagrande;2013-11-19;27.6;19.0;83.0;239.0
La Paila;2013-11-19;27.9;18.8;80.0;289.0
Bugalagrande;2013-11-20;29.8;18.5;78.0;394.0
La Paila;2013-11-20;29.7;18.4;76.0;444.0
Bugalagrande;2013-11-21;29.3;18.1;79.0;377.0
La Paila;2013-11-21;29.7;19.0;75.0;385.0
Bugalagrande;2013-11-22;29.2;18.7;79.0;346.0
La Paila;2013-11-22;28.1;18.6;79.0;334.0
Bugalagrande;2013-11-23;29.5;18.6;81.0;312.0
La Paila;2013-11-23;29.9;17.2;81.0;345.0
Bugalagrande;2013-11-24;28.2;19.5;89.0;199.0
La Paila;2013-11-24;27.3;19.4;86.0;266.0
Bugalagrande;2013-11-25;26.7;18.9;89.0;230.0
La Paila;2013-11-25;25.7;18.4;86.0;246.0
Bugalagrande;2013-11-26;29.0;18.7;80.0;361.0
La Paila;2013-11-26;29.1;18.6;77.0;375.0
Bugalagrande;2013-11-27;29.7;19.1;80.0;399.0
La Paila;2013-11-27;29.2;18.2;77.0;473.0
Bugalagrande;2013-11-28;28.5;18.7;82.0;336.0
La Paila;2013-11-28;29.0;19.1;77.0;353.0
Bugalagrande;2013-11-29;29.6;19.6;77.0;354.0
La Paila;2013-11-29;29.5;19.4;74.0;390.0
Bugalagrande;2013-11-30;28.4;18.5;81.0;383.0
La Paila;2013-11-30;29.1;19.2;73.0;416.0
Bugalagrande;2013-12-01;30.1;19.4;77.0;431.0
La Paila;2013-12-01;30.6;19.6;75.0;452.0
Bugalagrande;2013-12-02;27.8;19.1;86.0;265.0
La Paila;2013-12-02;28.5;19.2;81.0;291.0
Bugalagrande;2013-12-03;27.9;18.9;85.0;296.0
La Paila;2013-12-03;28.5;18.7;84.0;334.0
Bugalagrande;2013-12-04;31.2;19.1;78.0;421.0
La Paila;2013-12-04;31.0;19.0;76.0;444.0
Bugalagrande;2013-12-05;30.1;19.3;81.0;333.0
La Paila;2013-12-05;30.4;19.2;80.0;325.0
Bugalagrande;2013-12-06;30.1;18.7;82.0;363.0
La Paila;2013-12-06;30.4;19.1;81.0;368.0
Bugalagrande;2013-12-07;26.7;19.6;85.0;238.0
La Paila;2013-12-07;27.1;19.4;83.0;235.0
Bugalagrande;2013-12-08;26.6;19.1;88.0;212.0
La Paila;2013-12-08;26.4;19.0;83.0;256.0
Bugalagrande;2013-12-09;28.2;18.4;84.0;333.0
La Paila;2013-12-09;30.0;17.8;81.0;334.0
Bugalagrande;2013-12-10;30.5;18.8;82.0;405.0
La Paila;2013-12-10;31.7;19.1;77.0;417.0
Bugalagrande;2013-12-11;31.1;16.7;78.0;396.0
La Paila;2013-12-11;31.7;17.5;75.0;414.0
Bugalagrande;2013-12-12;30.5;18.0;77.0;368.0
La Paila;2013-12-12;31.1;18.2;75.0;375.0
Bugalagrande;2013-12-13;29.0;19.8;85.0;265.0
La Paila;2013-12-13;29.1;20.0;82.0;283.0
Bugalagrande;2013-12-14;29.7;18.9;80.0;350.0
La Paila;2013-12-14;30.2;19.2;78.0;363.0
Bugalagrande;2013-12-15;31.4;18.5;75.0;445.0
La Paila;2013-12-15;32.1;18.4;71.0;439.0
Bugalagrande;2013-12-16;31.1;18.8;77.0;446.0
La Paila;2013-12-16;31.9;19.3;73.0;422.0
Bugalagrande;2013-12-17;30.3;19.6;86.0;284.0
La Paila;2013-12-17;29.5;20.3;87.0;273.0
Bugalagrande;2013-12-18;29.4;19.5;85.0;370.0
La Paila;2013-12-18;28.7;19.5;82.0;368.0
Bugalagrande;2013-12-19;30.7;19.7;80.0;386.0
La Paila;2013-12-19;30.3;19.3;79.0;396.0
Bugalagrande;2013-12-20;28.1;19.6;80.0;313.0
La Paila;2013-12-20;28.4;19.8;78.0;345.0
Bugalagrande;2013-12-21;30.2;19.7;77.0;381.0
La Paila;2013-12-21;30.1;19.6;75.0;444.0
Bugalagrande;2013-12-22;25.3;20.2;90.0;175.0
La Paila;2013-12-22;26.6;20.0;86.0;253.0
Bugalagrande;2013-12-23;21.3;18.3;95.0;77.0
La Paila;2013-12-23;21.9;18.5;93.0;79.0
Bugalagrande;2013-12-24;27.8;17.8;84.0;297.0
La Paila;2013-12-24;27.4;17.9;84.0;316.0
Bugalagrande;2013-12-25;30.1;17.7;77.0;451.0
La Paila;2013-12-25;30.7;18.4;76.0;478.0
Bugalagrande;2013-12-26;29.0;18.6;82.0;334.0
La Paila;2013-12-26;30.0;18.3;80.0;383.0
Bugalagrande;2013-12-27;31.3;16.8;77.0;445.0
La Paila;2013-12-27;31.6;17.4;75.0;476.0
Bugalagrande;2013-12-28;31.4;17.5;76.0;438.0
La Paila;2013-12-28;32.1;17.8;75.0;458.0
Bugalagrande;2013-12-29;31.3;18.0;76.0;436.0
La Paila;2013-12-29;31.5;17.1;74.0;452.0
Bugalagrande;2013-12-30;31.1;18.0;78.0;392.0
La Paila;2013-12-30;31.7;18.4;74.0;447.0
Bugalagrande;2013-12-31;31.3;19.7;78.0;389.0
La Paila;2013-12-31;31.7;19.8;75.0;421.0
Bugalagrande;2014-01-01;30.5;19.0;83.0;327.0
La Paila;2014-01-01;31.1;19.7;80.0;373.0
Bugalagrande;2014-01-02;32.5;18.3;76.0;438.0
La Paila;2014-01-02;31.3;19.2;75.0;445.0
Bugalagrande;2014-01-03;31.3;19.7;78.0;389.0
La Paila;2014-01-03;31.3;18.6;74.0;453.0
Bugalagrande;2014-01-04;32.2;19.5;74.0;382.0
La Paila;2014-01-04;32.0;19.2;73.0;473.0
Bugalagrande;2014-01-05;31.9;18.5;77.0;391.0
La Paila;2014-01-05;31.7;18.5;74.0;406.0
Bugalagrande;2014-01-06;28.1;18.5;85.0;277.0
La Paila;2014-01-06;29.1;18.4;86.0;232.0
Bugalagrande;2014-01-07;26.3;20.1;76.0;200.0
La Paila;2014-01-07;26.5;18.0;82.0;309.0
Bugalagrande;2014-01-08;29.8;19.6;78.0;414.0
La Paila;2014-01-08;29.6;19.3;76.0;468.0
Bugalagrande;2014-01-09;26.7;19.4;86.0;199.0
La Paila;2014-01-09;26.7;19.0;85.0;265.0
Bugalagrande;2014-01-10;26.5;18.9;86.0;208.0
La Paila;2014-01-10;27.0;19.4;82.0;282.0
Bugalagrande;2014-01-11;29.8;19.4;82.0;376.0
La Paila;2014-01-11;30.6;19.4;78.0;429.0
Bugalagrande;2014-01-12;30.9;18.1;81.0;349.0
La Paila;2014-01-12;29.7;17.6;77.0;344.0
Bugalagrande;2014-01-13;30.7;17.8;76.0;354.0
La Paila;2014-01-13;32.0;18.2;73.0;439.0
Bugalagrande;2014-01-14;31.2;18.1;76.0;410.0
La Paila;2014-01-14;31.6;17.6;74.0;411.0
Bugalagrande;2014-01-15;30.9;18.1;73.0;429.0
La Paila;2014-01-15;31.7;18.8;71.0;466.0
Bugalagrande;2014-01-16;31.3;18.4;79.0;299.0
La Paila;2014-01-16;30.3;18.4;77.0;342.0
Bugalagrande;2014-01-17;28.6;18.4;77.0;288.0
La Paila;2014-01-17;31.6;18.8;74.0;469.0
Bugalagrande;2014-01-18;31.7;17.9;74.0;403.0
La Paila;2014-01-18;31.4;18.0;72.0;390.0
Bugalagrande;2014-01-19;31.0;19.6;80.0;342.0
La Paila;2014-01-19;30.2;19.0;74.0;342.0
Bugalagrande;2014-01-20;31.6;19.8;76.0;436.0
La Paila;2014-01-20;31.3;19.6;71.0;400.0
Bugalagrande;2014-01-21;28.5;20.3;80.0;260.0
La Paila;2014-01-21;29.3;20.1;74.0;292.0
Bugalagrande;2014-01-22;31.6;19.5;75.0;376.0
La Paila;2014-01-22;30.1;20.3;73.0;302.0
Bugalagrande;2014-01-23;30.9;18.7;77.0;435.0
La Paila;2014-01-23;32.1;18.2;76.0;458.0
Bugalagrande;2014-01-24;32.2;17.4;74.0;444.0
La Paila;2014-01-24;32.1;17.6;72.0;450.0
Bugalagrande;2014-01-25;28.0;19.3;77.0;245.0
La Paila;2014-01-25;28.4;19.4;72.0;277.0
Bugalagrande;2014-01-26;26.9;19.0;83.0;235.0
La Paila;2014-01-26;27.9;18.8;79.0;308.0
Bugalagrande;2014-01-27;31.4;18.1;74.0;436.0
La Paila;2014-01-27;31.6;18.3;72.0;426.0
Bugalagrande;2014-01-28;31.3;18.6;73.0;396.0
La Paila;2014-01-28;31.9;18.7;70.0;440.0
Bugalagrande;2014-01-29;29.7;19.5;78.0;367.0
La Paila;2014-01-29;31.0;19.4;71.0;467.0
Bugalagrande;2014-01-30;28.7;19.6;82.0;276.0
La Paila;2014-01-30;28.5;19.5;81.0;278.0
Bugalagrande;2014-01-31;29.7;18.1;80.0;337.0
La Paila;2014-01-31;30.1;18.4;79.0;403.0
Bugalagrande;2014-02-01;31.5;17.7;73.0;430.0
La Paila;2014-02-01;31.9;17.7;71.0;452.0
Bugalagrande;2014-02-02;30.0;17.6;75.0;376.0
La Paila;2014-02-02;30.8;17.7;71.0;397.0
Bugalagrande;2014-02-03;30.1;17.9;76.0;385.0
La Paila;2014-02-03;31.3;17.9;73.0;456.0
Bugalagrande;2014-02-04;31.5;17.5;75.0;414.0
La Paila;2014-02-04;31.9;17.6;70.0;466.0
Bugalagrande;2014-02-05;27.5;16.3;87.0;176.0
La Paila;2014-02-05;27.0;17.0;84.0;173.0
Bugalagrande;2014-02-06;29.1;18.4;69.0;336.0
La Paila;2014-02-06;29.1;19.1;69.0;206.0
Bugalagrande;2014-02-07;31.9;17.8;74.0;489.0
La Paila;2014-02-07;31.8;18.4;71.0;473.0
Bugalagrande;2014-02-08;32.7;17.9;72.0;425.0
La Paila;2014-02-08;32.7;18.4;73.0;472.0
Bugalagrande;2014-02-09;30.8;18.6;74.0;365.0
La Paila;2014-02-09;31.7;18.7;72.0;467.0
Bugalagrande;2014-02-10;32.9;17.3;72.0;470.0
La Paila;2014-02-10;33.1;18.2;72.0;495.0
Bugalagrande;2014-02-11;29.7;19.0;76.0;349.0
La Paila;2014-02-11;29.9;19.4;76.0;340.0
Bugalagrande;2014-02-12;32.6;19.3;73.0;403.0
La Paila;2014-02-12;32.6;18.2;72.0;481.0
Bugalagrande;2014-02-13;30.9;18.6;77.0;378.0
La Paila;2014-02-13;31.1;19.7;76.0;386.0
Bugalagrande;2014-02-14;28.8;18.3;83.0;340.0
La Paila;2014-02-14;29.7;19.0;80.0;291.0
Bugalagrande;2014-02-15;31.5;17.0;76.0;474.0
La Paila;2014-02-15;32.3;17.4;73.0;451.0
Bugalagrande;2014-02-16;31.3;18.3;79.0;447.0
La Paila;2014-02-16;32.7;18.8;76.0;478.0
Bugalagrande;2014-02-17;31.7;18.2;83.0;367.0
La Paila;2014-02-17;31.5;18.6;78.0;410.0
Bugalagrande;2014-02-18;31.1;16.8;76.0;424.0
La Paila;2014-02-18;40.0;18.4;75.0;462.0
Bugalagrande;2014-02-19;29.9;20.1;81.0;400.0
La Paila;2014-02-19;39.0;20.6;84.0;376.0
Bugalagrande;2014-02-20;30.4;19.6;76.0;384.0
La Paila;2014-02-20;33.0;20.7;75.0;479.0
Bugalagrande;2014-02-21;29.5;20.0;87.0;215.0
La Paila;2014-02-21;32.0;20.1;83.0;277.0
Bugalagrande;2014-02-22;29.1;19.5;81.0;356.0
La Paila;2014-02-22;32.5;19.9;76.0;282.0
Bugalagrande;2014-02-23;30.5;18.8;77.0;409.0
La Paila;2014-02-23;39.0;19.0;75.0;435.0
Bugalagrande;2014-02-24;32.1;19.6;79.0;430.0
La Paila;2014-02-24;38.9;19.4;77.0;499.0
Bugalagrande;2014-02-25;29.7;19.4;81.0;329.0
La Paila;2014-02-25;31.3;19.9;74.0;390.0
Bugalagrande;2014-02-26;31.3;19.4;74.0;452.0
La Paila;2014-02-26;31.6;20.7;70.0;435.0
Bugalagrande;2014-02-27;29.1;19.4;85.0;261.0
La Paila;2014-02-27;30.8;19.5;79.0;324.0
Bugalagrande;2014-02-28;29.7;18.8;83.0;292.0
La Paila;2014-02-28;33.6;19.2;84.0;307.0
Bugalagrande;2014-03-01;28.3;19.8;85.0;288.0
La Paila;2014-03-01;27.6;19.4;82.0;265.0
Bugalagrande;2014-03-02;30.1;18.8;80.0;478.0
La Paila;2014-03-02;30.2;19.0;76.0;471.0
Bugalagrande;2014-03-03;28.1;19.2;86.0;301.0
La Paila;2014-03-03;27.6;19.7;85.0;252.0
Bugalagrande;2014-03-04;30.3;19.6;79.0;463.0
La Paila;2014-03-04;29.9;19.4;77.0;395.0
Bugalagrande;2014-03-05;29.8;19.4;80.0;329.0
La Paila;2014-03-05;30.2;19.7;81.0;405.0
Bugalagrande;2014-03-06;30.2;19.8;82.0;377.0
La Paila;2014-03-06;30.5;19.7;82.0;389.0
Bugalagrande;2014-03-07;30.1;19.4;81.0;328.0
La Paila;2014-03-07;30.5;19.5;81.0;386.0
Bugalagrande;2014-03-08;29.5;19.8;83.0;325.0
La Paila;2014-03-08;29.9;19.8;81.0;368.0
Bugalagrande;2014-03-09;27.9;19.5;86.0;267.0
La Paila;2014-03-09;27.2;20.1;81.0;279.0
Bugalagrande;2014-03-10;29.3;19.2;79.0;420.0
La Paila;2014-03-10;29.5;19.4;79.0;409.0
Bugalagrande;2014-03-11;29.1;17.6;77.0;363.0
La Paila;2014-03-11;29.5;19.2;75.0;348.0
Bugalagrande;2014-03-12;30.3;19.8;81.0;340.0
La Paila;2014-03-12;32.0;20.2;74.0;401.0
Bugalagrande;2014-03-13;29.2;19.4;87.0;296.0
La Paila;2014-03-13;29.1;19.6;86.0;285.0
Bugalagrande;2014-03-14;31.9;18.4;79.0;448.0
La Paila;2014-03-14;30.9;19.0;77.0;451.0
Bugalagrande;2014-03-15;29.7;19.4;81.0;287.0
La Paila;2014-03-15;31.5;19.9;81.0;334.0
Bugalagrande;2014-03-16;30.5;18.7;85.0;313.0
La Paila;2014-03-16;30.3;18.9;80.0;390.0
Bugalagrande;2014-03-17;30.9;19.4;79.0;441.0
La Paila;2014-03-17;31.3;20.4;77.0;460.0
Bugalagrande;2014-03-18;29.9;19.8;80.0;298.0
La Paila;2014-03-18;30.1;20.3;79.0;386.0
Bugalagrande;2014-03-19;31.8;18.0;77.0;403.0
La Paila;2014-03-19;32.1;19.6;73.0;462.0
Bugalagrande;2014-03-20;32.0;19.6;76.0;391.0
La Paila;2014-03-20;31.5;19.6;72.0;416.0
Bugalagrande;2014-03-21;32.2;19.5;75.0;356.0
La Paila;2014-03-21;31.7;20.5;72.0;430.0
Bugalagrande;2014-03-22;32.7;19.1;74.0;443.0
La Paila;2014-03-22;32.9;19.4;71.0;444.0
Bugalagrande;2014-03-23;32.3;18.7;73.0;429.0
La Paila;2014-03-23;32.3;19.9;69.0;461.0
Bugalagrande;2014-03-24;30.1;19.5;85.0;278.0
La Paila;2014-03-24;30.8;20.2;81.0;321.0
Bugalagrande;2014-03-25;29.7;19.2;80.0;363.0
La Paila;2014-03-25;30.2;19.9;79.0;352.0
Bugalagrande;2014-03-26;27.3;19.1;86.0;242.0
La Paila;2014-03-26;27.4;20.1;86.0;250.0
Bugalagrande;2014-03-27;31.5;18.4;77.0;411.0
La Paila;2014-03-27;31.2;19.1;76.0;481.0
Bugalagrande;2014-03-28;32.5;18.1;76.0;384.0
La Paila;2014-03-28;32.4;18.5;73.0;436.0
Bugalagrande;2014-03-29;32.8;18.3;74.0;455.0
La Paila;2014-03-29;33.6;18.8;70.0;524.0
Bugalagrande;2014-03-30;30.3;20.0;75.0;282.0
La Paila;2014-03-30;30.8;20.3;70.0;387.0
Bugalagrande;2014-03-31;32.2;18.4;72.0;468.0
La Paila;2014-03-31;32.7;19.4;67.0;517.0
Bugalagrande;2014-04-01;33.3;17.2;73.0;434.0
La Paila;2014-04-01;33.9;17.8;69.0;501.0
Bugalagrande;2014-04-02;32.4;18.0;73.0;398.0
La Paila;2014-04-02;33.3;18.7;69.0;468.0
Bugalagrande;2014-04-03;30.9;19.8;76.0;342.0
La Paila;2014-04-03;31.9;20.2;69.0;401.0
Bugalagrande;2014-04-04;33.2;18.7;73.0;432.0
La Paila;2014-04-04;32.8;19.6;69.0;503.0
Bugalagrande;2014-04-05;33.4;18.9;74.0;416.0
La Paila;2014-04-05;33.8;19.6;67.0;524.0
Bugalagrande;2014-04-06;33.2;19.6;74.0;353.0
La Paila;2014-04-06;32.7;20.1;70.0;392.0
Bugalagrande;2014-04-07;33.0;20.1;73.0;340.0
La Paila;2014-04-07;32.9;20.2;68.0;432.0
Bugalagrande;2014-04-08;31.7;18.5;79.0;258.0
La Paila;2014-04-08;32.5;18.9;73.0;343.0
Bugalagrande;2014-04-09;33.4;18.1;79.0;394.0
La Paila;2014-04-09;33.5;19.3;76.0;478.0
Bugalagrande;2014-04-10;31.7;18.4;77.0;408.0
La Paila;2014-04-10;31.4;18.1;75.0;544.0
Bugalagrande;2014-04-11;33.4;18.4;76.0;424.0
La Paila;2014-04-11;33.1;19.0;76.0;517.0
Bugalagrande;2014-04-12;30.2;18.7;83.0;222.0
La Paila;2014-04-12;30.2;19.4;77.0;337.0
Bugalagrande;2014-04-13;32.0;17.2;76.0;398.0
La Paila;2014-04-13;32.1;17.8;73.0;506.0
Bugalagrande;2014-04-14;32.6;18.9;75.0;390.0
La Paila;2014-04-14;33.2;19.7;70.0;476.0
Bugalagrande;2014-04-15;28.1;20.0;88.0;171.0
La Paila;2014-04-15;28.1;20.1;84.0;259.0
Bugalagrande;2014-04-16;31.0;19.2;80.0;364.0
La Paila;2014-04-16;30.5;19.5;75.0;425.0
Bugalagrande;2014-04-17;30.2;19.2;81.0;241.0
La Paila;2014-04-17;29.3;19.5;79.0;333.0
Bugalagrande;2014-04-18;30.0;18.6;84.0;233.0
La Paila;2014-04-18;30.3;19.2;83.0;286.0
Bugalagrande;2014-04-19;32.1;17.9;78.0;369.0
La Paila;2014-04-19;31.4;18.3;77.0;472.0
Bugalagrande;2014-04-20;31.2;19.8;78.0;376.0
La Paila;2014-04-20;31.1;20.2;77.0;409.0
Bugalagrande;2014-04-21;31.9;18.9;81.0;322.0
La Paila;2014-04-21;32.1;19.2;78.0;417.0
Bugalagrande;2014-04-22;29.2;20.0;83.0;294.0
La Paila;2014-04-22;28.0;20.5;82.0;283.0
Bugalagrande;2014-04-23;29.9;19.4;85.0;219.0
La Paila;2014-04-23;30.3;20.1;85.0;282.0
Bugalagrande;2014-04-24;25.0;19.3;89.0;127.0
La Paila;2014-04-24;24.8;20.0;89.0;174.0
Bugalagrande;2014-04-25;31.5;17.9;80.0;354.0
La Paila;2014-04-25;30.7;18.1;81.0;421.0
Bugalagrande;2014-04-26;28.6;19.7;86.0;195.0
La Paila;2014-04-26;27.6;19.8;84.0;250.0
Bugalagrande;2014-04-27;30.5;19.0;80.0;277.0
La Paila;2014-04-27;30.3;20.0;76.0;426.0
Bugalagrande;2014-04-28;32.6;18.1;81.0;361.0
La Paila;2014-04-28;32.2;19.0;78.0;468.0
Bugalagrande;2014-04-29;30.2;19.0;82.0;277.0
La Paila;2014-04-29;28.9;20.3;79.0;354.0
Bugalagrande;2014-04-30;31.4;18.1;80.0;356.0
La Paila;2014-04-30;31.1;19.2;80.0;393.0
Bugalagrande;2014-05-01;29.8;18.5;87.0;289.0
La Paila;2014-05-01;29.2;19.1;84.0;332.0
Bugalagrande;2014-05-02;29.6;19.0;84.0;241.0
La Paila;2014-05-02;29.9;19.6;86.0;265.0
Bugalagrande;2014-05-03;31.9;19.4;80.0;352.0
La Paila;2014-05-03;30.5;19.8;79.0;419.0
Bugalagrande;2014-05-04;29.7;19.1;79.0;286.0
La Paila;2014-05-04;30.6;19.6;80.0;349.0
Bugalagrande;2014-05-05;32.6;17.9;76.0;404.0
La Paila;2014-05-05;31.6;18.6;76.0;442.0
Bugalagrande;2014-05-06;30.0;20.3;82.0;270.0
La Paila;2014-05-06;28.2;20.7;82.0;263.0
Bugalagrande;2014-05-07;30.0;20.6;88.0;243.0
La Paila;2014-05-07;29.0;20.5;86.0;273.0
Bugalagrande;2014-05-08;29.9;20.0;85.0;301.0
La Paila;2014-05-08;29.3;20.2;81.0;403.0
Bugalagrande;2014-05-09;26.9;19.2;85.0;224.0
La Paila;2014-05-09;26.9;19.3;82.0;240.0
Bugalagrande;2014-05-10;28.9;19.2;84.0;250.0
La Paila;2014-05-10;28.7;19.4;81.0;320.0
Bugalagrande;2014-05-11;30.1;18.1;82.0;327.0
La Paila;2014-05-11;29.5;19.2;81.0;387.0
Bugalagrande;2014-05-12;31.7;16.7;77.0;424.0
La Paila;2014-05-12;31.0;18.3;74.0;472.0
Bugalagrande;2014-05-13;32.9;17.6;76.0;410.0
La Paila;2014-05-13;32.3;18.4;73.0;499.0
Bugalagrande;2014-05-14;28.4;20.0;86.0;179.0
La Paila;2014-05-14;28.4;20.3;83.0;223.0
Bugalagrande;2014-05-15;29.8;19.1;82.0;286.0
La Paila;2014-05-15;30.9;19.4;81.0;355.0
Bugalagrande;2014-05-16;31.3;19.2;83.0;326.0
La Paila;2014-05-16;30.9;19.9;84.0;362.0
Bugalagrande;2014-05-17;30.9;19.8;79.0;319.0
La Paila;2014-05-17;29.8;19.9;81.0;393.0
Bugalagrande;2014-05-18;31.4;19.7;79.0;337.0
La Paila;2014-05-18;30.9;20.2;80.0;396.0
Bugalagrande;2014-05-19;31.3;18.9;79.0;301.0
La Paila;2014-05-19;32.1;19.4;78.0;463.0
Bugalagrande;2014-05-20;29.7;19.4;85.0;269.0
La Paila;2014-05-20;29.2;19.6;86.0;296.0
Bugalagrande;2014-05-21;31.4;18.9;80.0;350.0
La Paila;2014-05-21;29.9;19.3;80.0;443.0
Bugalagrande;2014-05-22;32.1;18.3;75.0;333.0
La Paila;2014-05-22;31.4;18.8;72.0;466.0
Bugalagrande;2014-05-23;30.3;17.4;75.0;317.0
La Paila;2014-05-23;30.0;17.6;75.0;397.0
Bugalagrande;2014-05-24;31.7;19.0;76.0;348.0
La Paila;2014-05-24;31.1;19.3;75.0;227.0
Bugalagrande;2014-05-25;32.0;19.0;75.0;355.0
La Paila;2014-05-25;30.8;19.6;74.0;319.0
Bugalagrande;2014-05-26;31.2;18.1;75.0;286.0
La Paila;2014-05-26;31.0;18.4;74.0;375.0
Bugalagrande;2014-05-27;30.0;19.5;85.0;227.0
La Paila;2014-05-27;28.5;20.2;78.0;285.0
Bugalagrande;2014-05-28;30.0;18.4;78.0;300.0
La Paila;2014-05-28;30.0;18.8;76.0;337.0
Bugalagrande;2014-05-29;25.3;19.0;91.0;161.0
La Paila;2014-05-29;27.0;19.3;90.0;166.0
Bugalagrande;2014-05-30;29.1;18.3;80.0;342.0
La Paila;2014-05-30;29.1;18.4;80.0;367.0
Bugalagrande;2014-05-31;31.0;20.0;78.0;324.0
La Paila;2014-05-31;31.3;20.7;76.0;380.0
Bugalagrande;2014-06-01;32.0;20.0;79.0;336.0
La Paila;2014-06-01;30.2;20.1;79.0;316.0
Bugalagrande;2014-06-02;29.4;18.7;81.0;286.0
La Paila;2014-06-02;29.5;20.0;82.0;277.0
Bugalagrande;2014-06-03;31.2;19.1;80.0;365.0
La Paila;2014-06-03;30.7;19.4;80.0;404.0
Bugalagrande;2014-06-04;30.5;19.5;77.0;349.0
La Paila;2014-06-04;31.1;19.9;75.0;417.0
Bugalagrande;2014-06-05;32.3;19.2;76.0;377.0
La Paila;2014-06-05;32.1;20.6;76.0;403.0
Bugalagrande;2014-06-06;30.4;20.4;80.0;274.0
La Paila;2014-06-06;29.6;20.7;78.0;299.0
Bugalagrande;2014-06-07;29.9;20.5;83.0;289.0
La Paila;2014-06-07;29.1;20.9;84.0;296.0
Bugalagrande;2014-06-08;30.5;20.3;78.0;313.0
La Paila;2014-06-08;31.1;20.4;77.0;393.0
Bugalagrande;2014-06-09;30.3;19.0;76.0;336.0
La Paila;2014-06-09;30.2;20.0;75.0;322.0
Bugalagrande;2014-06-10;32.5;19.0;79.0;431.0
La Paila;2014-06-10;32.0;19.2;77.0;416.0
Bugalagrande;2014-06-11;32.2;18.6;77.0;434.0
La Paila;2014-06-11;32.0;18.4;75.0;445.0
Bugalagrande;2014-06-12;32.7;18.9;76.0;394.0
La Paila;2014-06-12;33.1;19.6;74.0;440.0
Bugalagrande;2014-06-13;30.6;20.0;77.0;297.0
La Paila;2014-06-13;31.4;20.5;76.0;389.0
Bugalagrande;2014-06-14;30.7;19.7;79.0;342.0
La Paila;2014-06-14;30.9;19.4;78.0;364.0
Bugalagrande;2014-06-15;31.7;19.5;76.0;413.0
La Paila;2014-06-15;30.3;19.0;76.0;355.0
Bugalagrande;2014-06-16;31.7;18.9;70.0;449.0
La Paila;2014-06-16;31.9;19.4;70.0;417.0
Bugalagrande;2014-06-17;31.2;17.6;72.0;376.0
La Paila;2014-06-17;31.1;17.8;70.0;395.0
Bugalagrande;2014-06-18;29.9;19.4;75.0;284.0
La Paila;2014-06-18;30.3;19.6;74.0;323.0
Bugalagrande;2014-06-19;31.4;17.2;75.0;327.0
La Paila;2014-06-19;31.5;17.5;71.0;437.0
Bugalagrande;2014-06-20;31.6;16.1;72.0;366.0
La Paila;2014-06-20;31.3;16.8;69.0;380.0
Bugalagrande;2014-06-21;30.8;15.8;70.0;370.0
La Paila;2014-06-21;31.3;16.6;65.0;399.0
Bugalagrande;2014-06-22;32.1;17.4;73.0;394.0
La Paila;2014-06-22;31.7;17.8;68.0;386.0
Bugalagrande;2014-06-23;30.6;19.1;73.0;326.0
La Paila;2014-06-23;32.1;18.8;70.0;385.0
Bugalagrande;2014-06-24;28.5;19.8;86.0;214.0
La Paila;2014-06-24;28.9;20.2;84.0;242.0
Bugalagrande;2014-06-25;27.7;19.2;89.0;196.0
La Paila;2014-06-25;27.4;19.4;88.0;241.0
Bugalagrande;2014-06-26;29.5;17.9;83.0;371.0
La Paila;2014-06-26;29.9;18.2;81.0;376.0
Bugalagrande;2014-06-27;29.6;18.1;77.0;353.0
La Paila;2014-06-27;30.3;18.0;76.0;363.0
Bugalagrande;2014-06-28;31.2;18.4;77.0;414.0
La Paila;2014-06-28;31.1;18.8;76.0;431.0
Bugalagrande;2014-06-29;32.6;20.0;72.0;401.0
La Paila;2014-06-29;33.7;20.0;70.0;433.0
Bugalagrande;2014-06-30;30.1;19.4;76.0;332.0
La Paila;2014-06-30;30.7;19.4;74.0;350.0
Bugalagrande;2014-07-01;32.0;18.7;74.0;372.0
La Paila;2014-07-01;31.7;19.4;74.0;454.0
Bugalagrande;2014-07-02;30.8;19.2;79.0;337.0
La Paila;2014-07-02;30.5;20.0;75.0;408.0
Bugalagrande;2014-07-03;32.4;17.9;76.0;401.0
La Paila;2014-07-03;32.9;18.4;78.0;448.0
Bugalagrande;2014-07-04;30.3;18.9;76.0;315.0
La Paila;2014-07-04;30.1;19.0;78.0;378.0
Bugalagrande;2014-07-05;31.9;19.1;75.0;432.0
La Paila;2014-07-05;30.7;19.5;75.0;484.0
Bugalagrande;2014-07-06;31.3;19.2;74.0;392.0
La Paila;2014-07-06;31.1;19.7;75.0;403.0
Bugalagrande;2014-07-07;31.4;18.4;74.0;347.0
La Paila;2014-07-07;31.4;19.4;73.0;424.0
Bugalagrande;2014-07-08;31.7;19.6;74.0;419.0
La Paila;2014-07-08;31.3;20.3;72.0;435.0
Bugalagrande;2014-07-09;31.2;18.2;71.0;342.0
La Paila;2014-07-09;32.1;18.6;71.0;373.0
Bugalagrande;2014-07-10;31.0;18.0;74.0;306.0
La Paila;2014-07-10;31.5;18.7;75.0;352.0
Bugalagrande;2014-07-11;32.2;18.4;72.0;380.0
La Paila;2014-07-11;32.4;19.5;74.0;397.0
Bugalagrande;2014-07-12;19.3;19.3;70.0;389.0
La Paila;2014-07-12;32.7;19.5;72.0;427.0
Bugalagrande;2014-07-13;33.2;18.4;67.0;429.0
La Paila;2014-07-13;32.8;18.9;70.0;500.0
Bugalagrande;2014-07-14;32.6;17.5;68.0;382.0
La Paila;2014-07-14;32.2;18.3;69.0;455.0
Bugalagrande;2014-07-15;31.8;19.8;71.0;337.0
La Paila;2014-07-15;31.1;19.4;72.0;391.0
Bugalagrande;2014-07-16;33.8;19.5;70.0;405.0
La Paila;2014-07-16;34.1;19.5;67.0;483.0
Bugalagrande;2014-07-17;32.4;18.2;71.0;333.0
La Paila;2014-07-17;32.5;18.4;70.0;380.0
Bugalagrande;2014-07-18;33.5;19.1;68.0;394.0
La Paila;2014-07-18;34.2;19.0;66.0;450.0
Bugalagrande;2014-07-19;33.8;17.4;68.0;451.0
La Paila;2014-07-19;33.4;18.1;65.0;497.0
Bugalagrande;2014-07-20;31.8;18.1;70.0;381.0
La Paila;2014-07-20;32.5;18.6;72.0;378.0
Bugalagrande;2014-07-21;31.3;18.0;72.0;354.0
La Paila;2014-07-21;32.4;18.2;73.0;472.0
Bugalagrande;2014-07-22;32.8;18.1;75.0;400.0
La Paila;2014-07-22;31.9;18.0;69.0;417.0
Bugalagrande;2014-07-23;31.6;18.6;72.0;361.0
La Paila;2014-07-23;33.0;18.4;69.0;433.0
Bugalagrande;2014-07-24;34.2;17.4;69.0;479.0
La Paila;2014-07-24;34.6;17.8;70.0;503.0
Bugalagrande;2014-07-25;34.6;16.4;68.0;435.0
La Paila;2014-07-25;34.3;17.3;66.0;512.0
Bugalagrande;2014-07-26;32.1;18.5;71.0;382.0
La Paila;2014-07-26;32.2;19.0;67.0;439.0
Bugalagrande;2014-07-27;31.8;19.2;70.0;329.0
La Paila;2014-07-27;31.2;20.0;67.0;427.0
Bugalagrande;2014-07-28;33.6;17.8;67.0;481.0
La Paila;2014-07-28;34.1;18.1;67.0;524.0
Bugalagrande;2014-07-29;33.4;17.3;68.0;452.0
La Paila;2014-07-29;33.3;17.6;65.0;531.0
Bugalagrande;2014-07-30;32.0;17.0;70.0;321.0
La Paila;2014-07-30;33.7;17.8;68.0;444.0
Bugalagrande;2014-07-31;33.2;16.6;69.0;409.0
La Paila;2014-07-31;33.6;17.2;67.0;443.0
Bugalagrande;2014-08-01;29.8;16.6;72.0;264.0
La Paila;2014-08-01;30.1;16.9;68.0;347.0
Bugalagrande;2014-08-02;29.4;17.4;72.0;254.0
La Paila;2014-08-02;30.2;17.8;68.0;366.0
Bugalagrande;2014-08-03;31.4;16.5;67.0;404.0
La Paila;2014-08-03;31.7;17.0;66.0;404.0
Bugalagrande;2014-08-04;31.8;17.6;70.0;408.0
La Paila;2014-08-04;32.6;17.3;73.0;470.0
Bugalagrande;2014-08-05;29.7;16.8;74.0;289.0
La Paila;2014-08-05;28.9;17.6;76.0;275.0
Bugalagrande;2014-08-06;29.7;18.3;73.0;374.0
La Paila;2014-08-06;30.2;18.6;71.0;351.0
Bugalagrande;2014-08-07;31.4;18.7;70.0;429.0
La Paila;2014-08-07;31.4;18.2;70.0;431.0
Bugalagrande;2014-08-08;32.4;18.2;67.0;422.0
La Paila;2014-08-08;31.9;18.0;69.0;417.0
Bugalagrande;2014-08-09;32.1;19.6;67.0;467.0
La Paila;2014-08-09;32.7;19.0;68.0;465.0
Bugalagrande;2014-08-10;30.9;17.7;77.0;353.0
La Paila;2014-08-10;30.9;18.2;74.0;370.0
Bugalagrande;2014-08-11;30.9;18.4;80.0;400.0
La Paila;2014-08-11;31.7;18.8;77.0;380.0
Bugalagrande;2014-08-12;30.3;18.9;81.0;365.0
La Paila;2014-08-12;30.9;19.2;80.0;388.0
Bugalagrande;2014-08-13;29.9;17.7;77.0;393.0
La Paila;2014-08-13;30.9;18.4;74.0;108.0
Bugalagrande;2014-08-14;33.2;18.7;71.0;475.0
La Paila;2014-08-14;33.2;18.3;71.0;494.0
Bugalagrande;2014-08-15;33.4;16.3;69.0;477.0
La Paila;2014-08-15;34.2;16.4;67.0;462.0
Bugalagrande;2014-08-16;32.0;18.4;70.0;416.0
La Paila;2014-08-16;32.6;18.2;69.0;443.0
Bugalagrande;2014-08-17;31.7;18.9;70.0;419.0
La Paila;2014-08-17;32.6;18.4;69.0;407.0
Bugalagrande;2014-08-18;31.2;17.1;72.0;314.0
La Paila;2014-08-18;32.1;17.4;74.0;350.0
Bugalagrande;2014-08-19;33.0;17.3;70.0;445.0
La Paila;2014-08-19;32.6;17.6;69.0;502.0
Bugalagrande;2014-08-20;32.4;17.3;66.0;454.0
La Paila;2014-08-20;33.0;17.0;64.0;460.0
Bugalagrande;2014-08-21;31.2;16.4;67.0;405.0
La Paila;2014-08-21;32.1;16.8;69.0;438.0
Bugalagrande;2014-08-22;30.6;17.0;70.0;360.0
La Paila;2014-08-22;31.5;18.3;69.0;423.0
Bugalagrande;2014-08-23;30.8;18.9;75.0;385.0
La Paila;2014-08-23;29.9;18.7;71.0;367.0
Bugalagrande;2014-08-24;33.2;18.5;69.0;473.0
La Paila;2014-08-24;32.6;18.6;66.0;457.0
Bugalagrande;2014-08-25;29.2;18.5;80.0;270.0
La Paila;2014-08-25;28.9;19.0;79.0;239.0
Bugalagrande;2014-08-26;29.4;18.5;82.0;326.0
La Paila;2014-08-26;29.9;18.3;78.0;321.0
Bugalagrande;2014-08-27;28.2;18.9;82.0;299.0
La Paila;2014-08-27;30.2;19.7;83.0;285.0
Bugalagrande;2014-08-28;29.5;17.7;78.0;354.0
La Paila;2014-08-28;29.7;18.6;78.0;318.0
Bugalagrande;2014-08-29;32.8;17.9;73.0;478.0
La Paila;2014-08-29;32.9;18.4;71.0;460.0
Bugalagrande;2014-08-30;34.8;15.9;68.0;516.0
La Paila;2014-08-30;34.4;16.1;67.0;500.0
Bugalagrande;2014-08-31;33.3;14.9;69.0;479.0
La Paila;2014-08-31;34.5;15.2;66.0;493.0
Bugalagrande;2014-09-01;32.0;15.7;70.0;413.0
La Paila;2014-09-01;32.7;16.2;68.0;423.0
Bugalagrande;2014-09-02;30.7;18.3;77.0;334.0
La Paila;2014-09-02;30.8;18.1;75.0;289.0
Bugalagrande;2014-09-03;30.7;17.7;75.0;429.0
La Paila;2014-09-03;31.7;17.6;74.0;494.0
Bugalagrande;2014-09-04;31.9;18.6;72.0;495.0
La Paila;2014-09-04;32.3;19.2;71.0;480.0
Bugalagrande;2014-09-05;32.2;17.3;69.0;429.0
La Paila;2014-09-05;32.7;17.8;66.0;455.0
Bugalagrande;2014-09-06;31.9;17.0;68.0;425.0
La Paila;2014-09-06;32.9;17.6;66.0;441.0
Bugalagrande;2014-09-07;32.0;18.3;70.0;350.0
La Paila;2014-09-07;32.1;18.0;67.0;443.0
Bugalagrande;2014-09-08;30.0;18.6;72.0;290.0
La Paila;2014-09-08;31.2;18.4;70.0;333.0
Bugalagrande;2014-09-09;33.8;16.4;67.0;493.0
La Paila;2014-09-09;33.5;16.4;67.0;500.0
Bugalagrande;2014-09-10;32.2;18.9;77.0;349.0
La Paila;2014-09-10;31.3;19.0;68.0;323.0
Bugalagrande;2014-09-11;29.0;20.4;76.0;332.0
La Paila;2014-09-11;29.7;20.3;73.0;354.0
Bugalagrande;2014-09-12;30.6;18.7;76.0;390.0
La Paila;2014-09-12;30.6;18.6;77.0;414.0
Bugalagrande;2014-09-13;31.9;17.4;74.0;390.0
La Paila;2014-09-13;32.6;17.7;75.0;436.0
Bugalagrande;2014-09-14;29.6;19.7;78.0;325.0
La Paila;2014-09-14;30.2;19.0;78.0;68.0
Bugalagrande;2014-09-15;29.8;19.1;75.0;303.0
La Paila;2014-09-15;30.1;19.2;75.0;30.1
Bugalagrande;2014-09-16;33.0;17.5;72.0;431.0
La Paila;2014-09-16;33.4;18.4;71.0;341.0
Bugalagrande;2014-09-17;30.8;19.4;74.0;357.0
La Paila;2014-09-17;30.7;19.1;76.0;440.0
Bugalagrande;2014-09-18;28.9;18.3;80.0;379.0
La Paila;2014-09-18;29.6;18.2;81.0;398.0
Bugalagrande;2014-09-19;32.0;17.5;81.0;374.0
La Paila;2014-09-19;30.7;17.4;81.0;459.0
Bugalagrande;2014-09-20;27.4;18.1;85.0;236.0
La Paila;2014-09-20;27.6;19.0;84.0;253.0
Bugalagrande;2014-09-21;31.1;19.2;77.0;410.0
La Paila;2014-09-21;31.0;19.1;79.0;514.0
Bugalagrande;2014-09-22;28.3;18.1;81.0;272.0
La Paila;2014-09-22;28.5;18.6;81.0;326.0
Bugalagrande;2014-09-23;32.0;16.7;74.0;462.0
La Paila;2014-09-23;30.9;17.2;75.0;537.0
Bugalagrande;2014-09-24;32.5;18.7;70.0;472.0
La Paila;2014-09-24;32.6;19.1;71.0;540.0
Bugalagrande;2014-09-25;30.9;18.4;78.0;308.0
La Paila;2014-09-25;30.0;;81.0;325.0
Bugalagrande;2014-09-26;31.6;16.8;73.0;419.0
La Paila;2014-09-26;31.6;16.5;75.0;567.0
Bugalagrande;2014-09-27;32.8;16.7;72.0;485.0
La Paila;2014-09-27;32.3;17.0;72.0;595.0
Bugalagrande;2014-09-28;33.3;17.5;72.0;446.0
La Paila;2014-09-28;33.9;18.0;70.0;580.0
Bugalagrande;2014-09-29;32.5;18.1;70.0;445.0
La Paila;2014-09-29;32.9;;71.0;496.0
Bugalagrande;2014-09-30;34.0;15.9;69.0;459.0
La Paila;2014-09-30;33.7;16.2;69.0;593.0
Bugalagrande;2014-10-01;33.8;16.4;65.0;454.0
La Paila;2014-10-01;34.1;;66.0;503.0
Bugalagrande;2014-10-02;31.5;18.7;68.0;362.0
La Paila;2014-10-02;33.1;;70.0;379.0
Bugalagrande;2014-10-03;30.9;17.9;70.0;326.0
La Paila;2014-10-03;;;440.0;440.0
Bugalagrande;2014-10-04;33.8;18.6;69.0;451.0
La Paila;2014-10-04;33.2;18.9;77.0;560.0
Bugalagrande;2014-10-05;32.4;19.9;75.0;392.0
La Paila;2014-10-05;32.1;19.6;80.0;496.0
Bugalagrande;2014-10-06;31.7;19.7;78.0;379.0
La Paila;2014-10-06;30.2;20.1;80.0;390.0
Bugalagrande;2014-10-07;31.0;19.8;76.0;316.0
La Paila;2014-10-07;30.7;20.1;82.0;443.0
Bugalagrande;2014-10-08;28.1;19.3;86.0;271.0
La Paila;2014-10-08;28.3;19.5;91.0;345.0
Bugalagrande;2014-10-09;25.3;19.0;85.0;177.0
La Paila;2014-10-09;24.1;19.2;91.0;198.0
Bugalagrande;2014-10-10;29.3;19.2;82.0;317.0
La Paila;2014-10-10;29.1;19.6;86.0;349.0
Bugalagrande;2014-10-11;29.7;19.2;81.0;292.0
La Paila;2014-10-11;29.7;18.8;86.0;305.0
Bugalagrande;2014-10-12;30.6;18.6;78.0;353.0
La Paila;2014-10-12;30.7;18.6;83.0;431.0
Bugalagrande;2014-10-13;28.9;18.9;80.0;278.0
La Paila;2014-10-13;29.7;19.5;82.0;354.0
Bugalagrande;2014-10-14;31.3;18.9;73.0;371.0
La Paila;2014-10-14;31.6;19.0;78.0;465.0
Bugalagrande;2014-10-15;31.7;18.8;74.0;282.0
La Paila;2014-10-15;31.7;19.2;78.0;505.0
Bugalagrande;2014-10-16;32.6;17.1;79.0;397.0
La Paila;2014-10-16;32.4;17.8;82.0;461.0
Bugalagrande;2014-10-17;31.1;17.5;79.0;390.0
La Paila;2014-10-17;30.3;18.6;82.0;382.0
Bugalagrande;2014-10-18;28.1;18.9;84.0;305.0
La Paila;2014-10-18;27.3;19.2;86.0;321.0
Bugalagrande;2014-10-19;28.4;18.3;83.0;330.0
La Paila;2014-10-19;27.3;18.8;85.0;270.0
Bugalagrande;2014-10-20;31.1;18.4;82.0;363.0
La Paila;2014-10-20;30.2;18.8;81.0;236.0
Bugalagrande;2014-10-21;31.0;18.7;79.0;404.0
La Paila;2014-10-21;29.5;18.5;83.0;256.0
Bugalagrande;2014-10-22;30.2;18.8;86.0;268.0
La Paila;2014-10-22;31.1;19.0;89.0;214.0
Bugalagrande;2014-10-23;29.6;18.3;83.0;343.0
La Paila;2014-10-23;28.6;18.4;86.0;239.0
Bugalagrande;2014-10-24;31.3;18.3;80.0;358.0
La Paila;2014-10-24;30.2;19.1;85.0;317.0
Bugalagrande;2014-10-25;30.2;19.6;79.0;311.0
La Paila;2014-10-25;30.1;20.1;81.0;225.0
Bugalagrande;2014-10-26;24.3;18.1;92.0;173.0
La Paila;2014-10-26;22.8;18.8;94.0;22.8
Bugalagrande;2014-10-27;29.9;17.7;78.0;374.0
La Paila;2014-10-27;29.7;18.1;83.0;358.0
Bugalagrande;2014-10-28;31.4;16.5;75.0;471.0
La Paila;2014-10-28;30.7;17.3;79.0;30.7
Bugalagrande;2014-10-29;30.9;18.7;76.0;403.0
La Paila;2014-10-29;31.1;19.3;80.0;145.0
Bugalagrande;2014-10-30;29.5;19.6;78.0;336.0
La Paila;2014-10-30;30.2;19.0;85.0;70.0
Bugalagrande;2014-10-31;29.4;17.9;82.0;272.0
La Paila;2014-10-31;27.6;18.3;85.0;436.0
Bugalagrande;2014-11-01;31.4;17.0;76.0;421.0
La Paila;2014-11-01;31.1;17.6;80.0;578.0
Bugalagrande;2014-11-02;27.6;18.1;84.0;218.0
La Paila;2014-11-02;26.8;19.0;87.0;293.0
Bugalagrande;2014-11-03;31.6;17.3;77.0;404.0
La Paila;2014-11-03;31.4;17.7;80.0;544.0
Bugalagrande;2014-11-04;28.9;19.7;77.0;267.0
La Paila;2014-11-04;28.8;19.9;82.0;362.0
Bugalagrande;2014-11-05;30.6;19.0;80.0;364.0
La Paila;2014-11-05;30.3;19.0;81.0;459.0
Bugalagrande;2014-11-06;30.7;20.2;80.0;311.0
La Paila;2014-11-06;30.8;20.5;82.0;489.0
Bugalagrande;2014-11-07;32.0;18.4;81.0;353.0
La Paila;2014-11-07;31.8;19.3;82.0;475.0
Bugalagrande;2014-11-08;29.1;19.4;78.0;317.0
La Paila;2014-11-08;29.1;20.0;82.0;385.0
Bugalagrande;2014-11-09;31.1;18.2;77.0;374.0
La Paila;2014-11-09;30.9;18.2;78.0;493.0
Bugalagrande;2014-11-10;29.0;19.6;80.0;376.0
La Paila;2014-11-10;29.3;20.3;85.0;452.0
Bugalagrande;2014-11-11;29.6;19.7;84.0;313.0
La Paila;2014-11-11;28.8;20.0;87.0;318.0
Bugalagrande;2014-11-12;24.1;19.1;89.0;172.0
La Paila;2014-11-12;24.6;19.0;91.0;221.0
Bugalagrande;2014-11-13;27.8;17.7;81.0;321.0
La Paila;2014-11-13;29.5;17.5;82.0;443.0
Bugalagrande;2014-11-14;28.6;18.5;81.0;336.0
La Paila;2014-11-14;28.7;18.6;85.0;386.0
Bugalagrande;2014-11-15;30.5;17.1;76.0;417.0
La Paila;2014-11-15;30.7;17.2;78.0;489.0
Bugalagrande;2014-11-16;29.5;18.3;78.0;326.0
La Paila;2014-11-16;29.5;19.3;81.0;397.0
Bugalagrande;2014-11-17;31.0;17.7;76.0;355.0
La Paila;2014-11-17;30.3;18.2;79.0;509.0
Bugalagrande;2014-11-18;30.1;18.1;76.0;413.0
La Paila;2014-11-18;30.4;18.2;81.0;451.0
Bugalagrande;2014-11-19;24.8;17.9;86.0;194.0
La Paila;2014-11-19;25.2;18.5;87.0;259.0
Bugalagrande;2014-11-20;30.6;16.1;76.0;411.0
La Paila;2014-11-20;29.9;17.6;80.0;464.0
Bugalagrande;2014-11-21;29.9;18.5;76.0;376.0
La Paila;2014-11-21;29.1;18.8;80.0;382.0
Bugalagrande;2014-11-22;29.9;18.7;77.0;394.0
La Paila;2014-11-22;29.7;18.4;81.0;430.0
Bugalagrande;2014-11-23;30.0;19.2;77.0;339.0
La Paila;2014-11-23;31.4;19.5;80.0;472.0
Bugalagrande;2014-11-24;31.9;17.8;76.0;338.0
La Paila;2014-11-24;31.5;18.6;82.0;450.0
Bugalagrande;2014-11-25;28.3;18.7;83.0;251.0
La Paila;2014-11-25;28.6;19.1;82.0;315.0
Bugalagrande;2014-11-26;26.4;19.8;88.0;195.0
La Paila;2014-11-26;27.2;20.4;90.0;237.0
Bugalagrande;2014-11-27;30.6;18.7;79.0;408.0
La Paila;2014-11-27;30.5;19.2;81.0;481.0
Bugalagrande;2014-11-28;32.0;18.1;73.0;445.0
La Paila;2014-11-28;32.3;18.8;77.0;515.0
Bugalagrande;2014-11-29;31.4;18.9;74.0;384.0
La Paila;2014-11-29;31.5;18.6;78.0;482.0
Bugalagrande;2014-11-30;31.1;18.3;75.0;365.0
La Paila;2014-11-30;31.1;19.2;77.0;448.0
Bugalagrande;2014-12-01;33.0;19.6;73.0;423.0
La Paila;2014-12-01;32.7;19.7;76.0;457.0
Bugalagrande;2014-12-02;32.5;17.7;74.0;403.0
La Paila;2014-12-02;32.6;18.5;77.0;449.0
Bugalagrande;2014-12-03;32.0;18.3;72.0;400.0
La Paila;2014-12-03;32.2;18.7;77.0;445.0
Bugalagrande;2014-12-04;31.6;18.9;73.0;431.0
La Paila;2014-12-04;31.6;18.6;79.0;393.0
Bugalagrande;2014-12-05;28.8;20.2;85.0;227.0
La Paila;2014-12-05;29.7;19.5;88.0;289.0
Bugalagrande;2014-12-06;29.0;19.0;80.0;270.0
La Paila;2014-12-06;29.1;18.5;86.0;331.0
Bugalagrande;2014-12-07;29.1;18.5;78.0;263.0
La Paila;2014-12-07;28.9;19.4;81.0;356.0
Bugalagrande;2014-12-08;31.8;19.3;72.0;419.0
La Paila;2014-12-08;31.7;19.9;76.0;513.0
Bugalagrande;2014-12-09;26.7;19.6;86.0;227.0
La Paila;2014-12-09;26.6;19.7;91.0;219.0
Bugalagrande;2014-12-10;30.1;19.4;81.0;371.0
La Paila;2014-12-10;30.4;19.6;81.0;451.0
Bugalagrande;2014-12-11;27.5;18.7;83.0;328.0
La Paila;2014-12-11;27.4;18.9;86.0;362.0
Bugalagrande;2014-12-12;29.8;19.3;80.0;284.0
La Paila;2014-12-12;30.5;19.2;86.0;335.0
Bugalagrande;2014-12-13;26.3;18.4;87.0;253.0
La Paila;2014-12-13;26.7;18.9;89.0;256.0
Bugalagrande;2014-12-14;29.0;18.1;80.0;407.0
La Paila;2014-12-14;29.6;18.6;83.0;489.0
Bugalagrande;2014-12-15;30.3;17.3;75.0;454.0
La Paila;2014-12-15;30.9;16.4;78.0;519.0
Bugalagrande;2014-12-16;29.9;17.5;76.0;383.0
La Paila;2014-12-16;30.2;18.4;79.0;449.0
Bugalagrande;2014-12-17;28.8;19.6;81.0;273.0
La Paila;2014-12-17;29.1;19.2;85.0;311.0
Bugalagrande;2014-12-18;30.2;18.5;80.0;370.0
La Paila;2014-12-18;30.5;19.1;82.0;473.0
Bugalagrande;2014-12-19;30.0;18.9;77.0;371.0
La Paila;2014-12-19;30.9;18.8;81.0;397.0
Bugalagrande;2014-12-20;29.1;18.4;76.0;318.0
La Paila;2014-12-20;28.6;18.9;84.0;287.0
Bugalagrande;2014-12-21;29.9;18.5;77.0;306.0
La Paila;2014-12-21;31.3;18.5;81.0;476.0
Bugalagrande;2014-12-22;30.8;18.9;73.0;418.0
La Paila;2014-12-22;31.5;19.3;81.0;450.0
Bugalagrande;2014-12-23;31.9;17.0;72.0;434.0
La Paila;2014-12-23;31.8;16.8;78.0;493.0
Bugalagrande;2014-12-24;31.9;17.2;71.0;439.0
La Paila;2014-12-24;31.9;17.4;77.0;472.0
Bugalagrande;2014-12-25;31.7;18.0;80.0;370.0
La Paila;2014-12-25;32.5;18.3;81.0;392.0
Bugalagrande;2014-12-26;31.1;17.4;76.0;374.0
La Paila;2014-12-26;32.5;19.3;77.0;497.0
Bugalagrande;2014-12-27;31.5;18.8;73.0;350.0
La Paila;2014-12-27;31.9;18.8;76.0;476.0
Bugalagrande;2014-12-28;32.3;19.0;71.0;408.0
La Paila;2014-12-28;33.1;19.0;76.0;462.0
Bugalagrande;2014-12-29;32.8;18.1;70.0;427.0
La Paila;2014-12-29;32.7;18.1;75.0;452.0
Bugalagrande;2014-12-30;32.3;17.6;70.0;413.0
La Paila;2014-12-30;32.4;17.6;74.0;505.0
Bugalagrande;2014-12-31;33.0;17.8;71.0;450.0
La Paila;2014-12-31;32.5;17.6;75.0;502.0
Bugalagrande;2015-01-01;32.7;17.7;69.0;386.7
La Paila;2015-01-01;32.6;18.1;74.0;477.0
Bugalagrande;2015-01-02;32.4;16.9;71.0;386.0
La Paila;2015-01-02;33.3;17.2;73.0;528.0
Bugalagrande;2015-01-03;33.1;15.9;69.0;454.3
La Paila;2015-01-03;33.1;16.2;73.0;523.0
Bugalagrande;2015-01-04;32.8;15.7;69.0;462.7
La Paila;2015-01-04;32.9;16.0;73.0;521.0
Bugalagrande;2015-01-05;32.6;16.8;68.0;449.2
La Paila;2015-01-05;33.4;16.8;74.0;523.0
Bugalagrande;2015-01-06;32.7;16.0;68.0;451.2
La Paila;2015-01-06;32.8;16.2;72.0;518.0
Bugalagrande;2015-01-07;32.1;15.9;68.0;449.5
La Paila;2015-01-07;32.2;15.9;73.0;518.0
Bugalagrande;2015-01-08;29.9;16.8;70.0;328.8
La Paila;2015-01-08;31.3;17.1;74.0;441.0
Bugalagrande;2015-01-09;29.9;20.5;70.0;276.9
La Paila;2015-01-09;32.9;20.4;73.0;439.0
Bugalagrande;2015-01-10;33.3;20.2;68.0;416.5
La Paila;2015-01-10;33.5;20.1;72.0;511.0
Bugalagrande;2015-01-11;32.7;17.1;71.0;416.5
La Paila;2015-01-11;32.8;17.2;75.0;468.0
Bugalagrande;2015-01-12;33.5;18.0;67.0;456.0
La Paila;2015-01-12;33.3;18.2;71.0;521.0
Bugalagrande;2015-01-13;32.5;19.5;67.0;416.5
La Paila;2015-01-13;32.7;18.8;71.0;454.0
Bugalagrande;2015-01-14;32.3;19.8;75.0;362.0
La Paila;2015-01-14;32.5;19.4;74.0;413.0
Bugalagrande;2015-01-15;30.3;20.0;81.0;212.0
La Paila;2015-01-15;29.3;19.8;82.0;254.0
Bugalagrande;2015-01-16;30.6;17.6;75.0;315.0
La Paila;2015-01-16;31.0;18.1;77.0;392.0
Bugalagrande;2015-01-17;29.1;18.9;83.0;263.0
La Paila;2015-01-17;28.8;19.4;87.0;235.0
Bugalagrande;2015-01-18;30.3;18.2;81.0;408.0
La Paila;2015-01-18;31.1;18.4;82.0;436.0
Bugalagrande;2015-01-19;29.2;19.4;80.0;300.0
La Paila;2015-01-19;29.9;19.4;81.0;407.0
Bugalagrande;2015-01-20;30.4;18.9;80.0;330.0
La Paila;2015-01-20;31.3;19.4;81.0;373.0
Bugalagrande;2015-01-21;29.6;19.4;81.0;358.0
La Paila;2015-01-21;30.5;19.7;82.0;431.0
Bugalagrande;2015-01-22;25.9;19.2;89.0;176.0
La Paila;2015-01-22;25.5;19.2;91.0;169.0
Bugalagrande;2015-01-23;29.9;18.7;79.0;401.0
La Paila;2015-01-23;30.2;18.8;83.0;403.0
Bugalagrande;2015-01-24;29.3;18.3;78.0;339.0
La Paila;2015-01-24;30.7;18.6;80.0;423.0
Bugalagrande;2015-01-25;31.3;18.7;72.0;453.0
La Paila;2015-01-25;31.4;19.4;77.0;476.0
Bugalagrande;2015-01-26;31.8;17.5;74.0;458.0
La Paila;2015-01-26;32.2;18.3;78.0;481.0
Bugalagrande;2015-01-27;30.4;18.4;78.0;402.0
La Paila;2015-01-27;30.7;18.6;78.0;458.0
Bugalagrande;2015-01-28;30.9;17.7;73.0;406.0
La Paila;2015-01-28;32.1;18.6;77.0;488.0
Bugalagrande;2015-01-29;32.5;18.1;71.0;448.0
La Paila;2015-01-29;31.9;17.8;75.0;511.0
Bugalagrande;2015-01-30;31.6;18.6;75.0;314.0
La Paila;2015-01-30;31.0;18.9;76.0;443.0
Bugalagrande;2015-01-31;31.1;19.6;74.0;326.0
La Paila;2015-01-31;30.8;19.8;81.0;357.0
Bugalagrande;2015-02-01;32.3;19.6;70.0;450.0
La Paila;2015-02-01;32.1;19.6;74.0;500.0
Bugalagrande;2015-02-02;32.0;18.5;70.0;431.0
La Paila;2015-02-02;32.2;18.9;75.0;461.0
Bugalagrande;2015-02-03;30.8;19.9;73.0;334.0
La Paila;2015-02-03;31.8;20.4;77.0;381.0
Bugalagrande;2015-02-04;32.2;18.0;70.0;469.0
La Paila;2015-02-04;32.1;19.4;74.0;490.0
Bugalagrande;2015-02-05;29.2;19.1;77.0;295.0
La Paila;2015-02-05;30.4;19.9;76.0;338.0
Bugalagrande;2015-02-06;26.2;18.9;84.0;158.0
La Paila;2015-02-06;26.6;19.4;84.0;202.0
Bugalagrande;2015-02-07;27.6;19.7;87.0;273.0
La Paila;2015-02-07;27.5;20.4;86.0;282.0
Bugalagrande;2015-02-08;26.0;19.2;88.0;259.0
La Paila;2015-02-08;26.2;20.3;88.0;278.0
Bugalagrande;2015-02-09;29.2;19.3;78.0;420.0
La Paila;2015-02-09;28.7;19.8;81.0;467.0
Bugalagrande;2015-02-10;30.3;19.3;74.0;468.0
La Paila;2015-02-10;30.5;19.8;76.0;466.0
Bugalagrande;2015-02-11;31.3;19.8;73.0;366.0
La Paila;2015-02-11;31.7;20.8;75.0;462.0
Bugalagrande;2015-02-12;31.0;19.3;74.0;355.0
La Paila;2015-02-12;31.7;19.9;77.0;436.0
Bugalagrande;2015-02-13;33.7;19.8;70.0;461.0
La Paila;2015-02-13;33.7;20.7;73.0;548.0
Bugalagrande;2015-02-14;31.4;18.3;74.0;351.0
La Paila;2015-02-14;32.1;19.0;76.0;436.0
Bugalagrande;2015-02-15;32.5;19.6;73.0;429.0
La Paila;2015-02-15;33.1;20.5;74.0;510.0
Bugalagrande;2015-02-16;32.7;19.5;70.0;482.0
La Paila;2015-02-16;33.5;20.4;72.0;545.0
Bugalagrande;2015-02-17;32.1;19.6;70.0;467.0
La Paila;2015-02-17;32.9;19.7;71.0;493.0
Bugalagrande;2015-02-18;31.0;20.2;71.0;401.0
La Paila;2015-02-18;31.3;20.9;74.0;455.0
Bugalagrande;2015-02-19;31.4;20.2;69.0;452.0
La Paila;2015-02-19;31.9;20.5;71.0;489.0
Bugalagrande;2015-02-20;30.4;19.4;71.0;402.0
La Paila;2015-02-20;30.3;19.8;73.0;347.0
Bugalagrande;2015-02-21;32.2;17.4;69.0;479.0
La Paila;2015-02-21;32.7;18.6;71.0;497.0
Bugalagrande;2015-02-22;33.4;17.8;66.0;494.0
La Paila;2015-02-22;33.6;18.2;69.0;566.0
Bugalagrande;2015-02-23;32.0;17.6;69.0;437.0
La Paila;2015-02-23;32.9;18.4;70.0;536.0
Bugalagrande;2015-02-24;31.6;18.1;68.0;474.0
La Paila;2015-02-24;32.6;17.5;70.0;508.0
Bugalagrande;2015-02-25;30.1;20.6;71.0;392.0
La Paila;2015-02-25;30.3;20.2;76.0;447.0
Bugalagrande;2015-02-26;32.6;18.8;67.0;495.0
La Paila;2015-02-26;32.7;19.4;72.0;556.0
Bugalagrande;2015-02-27;31.9;19.1;73.0;418.0
La Paila;2015-02-27;32.1;20.0;73.0;494.0
Bugalagrande;2015-02-28;32.3;17.8;71.0;447.0
La Paila;2015-02-28;32.3;18.4;72.0;469.0
Bugalagrande;2015-03-01;31.8;18.8;81.0;430.0
La Paila;2015-03-01;33.1;19.6;80.0;491.0
Bugalagrande;2015-03-02;30.2;18.7;78.0;389.0
La Paila;2015-03-02;30.1;18.8;80.0;467.0
Bugalagrande;2015-03-03;31.7;20.0;73.0;442.0
La Paila;2015-03-03;31.9;20.7;74.0;541.0
Bugalagrande;2015-03-04;30.8;20.7;71.0;418.0
La Paila;2015-03-04;31.8;21.1;74.0;515.0
Bugalagrande;2015-03-05;32.0;19.1;71.0;447.0
La Paila;2015-03-05;32.7;19.0;72.0;528.0
Bugalagrande;2015-03-06;31.6;18.4;75.0;392.0
La Paila;2015-03-06;31.7;19.6;75.0;473.0
Bugalagrande;2015-03-07;32.6;19.9;71.0;422.0
La Paila;2015-03-07;33.1;19.9;74.0;526.0
Bugalagrande;2015-03-08;35.1;20.0;68.0;485.0
La Paila;2015-03-08;34.4;20.5;72.0;590.0
Bugalagrande;2015-03-09;33.8;19.0;69.0;457.0
La Paila;2015-03-09;34.0;19.6;70.0;520.0
Bugalagrande;2015-03-10;31.8;19.4;71.0;348.0
La Paila;2015-03-10;33.9;20.2;70.0;524.0
Bugalagrande;2015-03-11;34.3;19.9;70.0;475.0
La Paila;2015-03-11;34.4;20.7;73.0;537.0
Bugalagrande;2015-03-12;32.0;19.1;80.0;305.0
La Paila;2015-03-12;32.1;19.9;82.0;398.0
Bugalagrande;2015-03-13;31.7;19.7;78.0;384.0
La Paila;2015-03-13;31.3;20.7;83.0;407.0
Bugalagrande;2015-03-14;26.8;18.9;90.0;156.0
La Paila;2015-03-14;26.8;19.7;90.0;181.0
Bugalagrande;2015-03-15;33.4;18.3;76.0;462.0
La Paila;2015-03-15;32.5;19.0;79.0;561.0
Bugalagrande;2015-03-16;26.0;19.2;87.0;194.0
La Paila;2015-03-16;26.2;19.5;87.0;231.0
Bugalagrande;2015-03-17;31.3;18.9;75.0;493.0
La Paila;2015-03-17;31.7;19.4;78.0;537.0
Bugalagrande;2015-03-18;26.0;18.7;82.0;238.0
La Paila;2015-03-18;27.0;20.1;80.0;289.0
Bugalagrande;2015-03-19;29.5;18.5;84.0;348.0
La Paila;2015-03-19;29.5;18.4;85.0;407.0
Bugalagrande;2015-03-20;29.3;19.3;79.0;425.0
La Paila;2015-03-20;29.7;19.7;82.0;478.0
Bugalagrande;2015-03-21;28.8;18.4;79.0;266.0
La Paila;2015-03-21;28.5;19.4;81.0;364.0
Bugalagrande;2015-03-22;31.5;16.3;71.0;482.0
La Paila;2015-03-22;31.1;17.6;74.0;600.0
Bugalagrande;2015-03-23;31.5;18.2;74.0;417.0
La Paila;2015-03-23;32.3;18.1;76.0;593.0
Bugalagrande;2015-03-24;30.8;19.2;75.0;429.0
La Paila;2015-03-24;31.6;19.7;77.0;573.0
Bugalagrande;2015-03-25;31.3;18.0;77.0;434.0
La Paila;2015-03-25;32.3;18.8;78.0;552.0
Bugalagrande;2015-03-26;29.3;19.4;81.0;325.9
La Paila;2015-03-26;30.0;20.3;82.0;405.4
Bugalagrande;2015-03-27;31.9;18.5;72.0;453.6
La Paila;2015-03-27;32.5;19.0;75.0;560.4
Bugalagrande;2015-03-28;29.6;19.7;85.0;225.6
La Paila;2015-03-28;28.7;20.1;86.0;230.5
Bugalagrande;2015-03-29;25.7;18.4;87.0;218.7
La Paila;2015-03-29;26.0;19.1;88.0;284.0
Bugalagrande;2015-03-30;29.9;17.5;77.0;412.3
La Paila;2015-03-30;30.1;18.2;80.0;456.8
Bugalagrande;2015-03-31;30.9;19.1;77.0;414.0
La Paila;2015-03-31;31.0;19.5;76.0;499.9
Bugalagrande;2015-04-01;32.0;18.5;78.0;446.1
La Paila;2015-04-01;32.4;19.7;78.0;528.2
Bugalagrande;2015-04-02;31.3;19.9;80.0;364.8
La Paila;2015-04-02;31.5;20.5;80.0;442.5
Bugalagrande;2015-04-03;29.3;18.9;82.0;289.6
La Paila;2015-04-03;28.1;19.7;84.0;351.6
Bugalagrande;2015-04-04;30.7;19.7;84.0;325.6
La Paila;2015-04-04;31.0;20.1;86.0;419.7
Bugalagrande;2015-04-05;27.2;19.5;87.0;214.4
La Paila;2015-04-05;27.7;20.1;89.0;300.5
Bugalagrande;2015-04-06;32.8;18.0;77.0;427.0
La Paila;2015-04-06;32.6;19.3;79.0;499.1
Bugalagrande;2015-04-07;32.1;19.1;77.0;421.5
La Paila;2015-04-07;32.4;20.3;76.0;520.8
Bugalagrande;2015-04-08;28.2;18.8;85.0;235.4
La Paila;2015-04-08;29.7;20.4;81.0;373.0
Bugalagrande;2015-04-09;32.0;17.4;75.0;421.0
La Paila;2015-04-09;32.4;18.3;77.0;497.4
Bugalagrande;2015-04-10;33.3;19.5;74.0;442.3
La Paila;2015-04-10;33.8;20.9;73.0;533.8
Bugalagrande;2015-04-11;27.6;19.2;86.0;219.6
La Paila;2015-04-11;27.9;20.1;88.0;217.9
Bugalagrande;2015-04-12;31.9;19.4;75.0;393.0
La Paila;2015-04-12;32.9;19.7;75.0;573.0
Bugalagrande;2015-04-13;32.0;20.3;75.0;398.0
La Paila;2015-04-13;33.2;21.5;76.0;503.5
Bugalagrande;2015-04-14;30.3;20.3;79.0;279.3
La Paila;2015-04-14;29.7;20.9;82.0;384.0
Bugalagrande;2015-04-15;30.1;19.1;82.0;384.2
La Paila;2015-04-15;29.2;20.1;83.0;423.8
Bugalagrande;2015-04-16;30.6;19.1;79.0;381.0
La Paila;2015-04-16;29.9;19.5;81.0;520.3
Bugalagrande;2015-04-17;27.3;18.6;85.0;225.8
La Paila;2015-04-17;27.1;19.3;87.0;316.7
Bugalagrande;2015-04-18;32.0;18.3;77.0;418.2
La Paila;2015-04-18;31.6;19.8;78.0;517.0
Bugalagrande;2015-04-19;26.2;18.6;86.0;267.0
La Paila;2015-04-19;25.8;19.3;89.0;307.8
Bugalagrande;2015-04-20;30.9;18.5;81.0;374.7
La Paila;2015-04-20;32.7;19.2;87.0;437.2
Bugalagrande;2015-04-21;29.3;19.2;82.0;453.1
La Paila;2015-04-21;29.6;19.2;85.0;384.3
Bugalagrande;2015-04-22;31.9;18.6;76.0;578.4
La Paila;2015-04-22;31.7;19.0;79.0;488.4
Bugalagrande;2015-04-23;33.6;20.7;77.0;534.9
La Paila;2015-04-23;33.3;20.5;78.0;527.8
Bugalagrande;2015-04-24;31.1;20.0;79.0;411.6
La Paila;2015-04-24;31.0;19.9;80.0;409.3
Bugalagrande;2015-04-25;30.0;19.5;80.0;364.4
La Paila;2015-04-25;30.1;20.3;80.0;360.3
Bugalagrande;2015-04-26;32.8;18.3;76.0;530.5
La Paila;2015-04-26;33.1;19.7;78.0;533.0
Bugalagrande;2015-04-27;33.3;18.3;73.0;547.9
La Paila;2015-04-27;34.0;18.7;75.0;541.0
Bugalagrande;2015-04-28;32.3;20.2;81.0;400.6
La Paila;2015-04-28;32.6;21.0;77.0;419.1
Bugalagrande;2015-04-29;33.1;19.4;74.0;554.9
La Paila;2015-04-29;33.8;19.7;72.0;551.9
Bugalagrande;2015-04-30;29.8;18.9;76.0;344.7
La Paila;2015-04-30;30.9;19.7;75.0;353.8
Bugalagrande;2015-05-01;31.0;20.7;78.0;461.3
La Paila;2015-05-01;30.9;21.1;77.0;425.9
Bugalagrande;2015-05-02;31.3;19.3;76.0;368.6
La Paila;2015-05-02;31.5;20.0;79.0;397.1
Bugalagrande;2015-05-03;29.7;19.6;82.0;364.3
La Paila;2015-05-03;30.3;19.8;83.0;370.2
Bugalagrande;2015-05-04;31.9;18.4;75.0;538.9
La Paila;2015-05-04;31.6;18.9;78.0;554.9
Bugalagrande;2015-05-05;33.3;20.1;72.0;526.6
La Paila;2015-05-05;33.4;19.3;72.0;542.9
Bugalagrande;2015-05-06;32.1;19.2;76.0;449.8
La Paila;2015-05-06;32.8;19.8;77.0;490.0
Bugalagrande;2015-05-07;31.9;17.9;78.0;456.8
La Paila;2015-05-07;32.1;18.4;79.0;508.3
Bugalagrande;2015-05-08;33.5;18.8;77.0;438.4
La Paila;2015-05-08;32.8;20.3;76.0;476.1
Bugalagrande;2015-05-09;33.5;19.0;74.0;484.3
La Paila;2015-05-09;33.2;20.5;74.0;416.5
Bugalagrande;2015-05-10;32.6;20.3;74.0;461.6
La Paila;2015-05-10;32.5;20.8;75.0;370.7
Bugalagrande;2015-05-11;31.7;19.5;76.0;372.8
La Paila;2015-05-11;32.1;20.0;76.0;402.5
Bugalagrande;2015-05-12;32.0;17.5;72.0;451.1
La Paila;2015-05-12;33.4;18.4;71.0;494.3
Bugalagrande;2015-05-13;31.9;20.5;74.0;351.5
La Paila;2015-05-13;32.2;21.8;73.0;381.0
Bugalagrande;2015-05-14;32.3;19.3;82.0;361.0
La Paila;2015-05-14;32.4;20.1;82.0;390.8
Bugalagrande;2015-05-15;31.5;19.5;80.0;362.9
La Paila;2015-05-15;30.8;20.4;83.0;495.5
Bugalagrande;2015-05-16;32.3;19.8;77.0;404.6
La Paila;2015-05-16;30.1;20.7;80.0;348.5
Bugalagrande;2015-05-17;30.1;19.7;77.0;391.7
La Paila;2015-05-17;30.1;20.9;78.0;347.1
Bugalagrande;2015-05-18;32.6;19.5;76.0;435.2
La Paila;2015-05-18;32.7;20.3;74.0;487.6
Bugalagrande;2015-05-19;32.3;19.3;76.0;373.2
La Paila;2015-05-19;31.8;20.9;76.0;442.9
Bugalagrande;2015-05-20;32.5;19.5;71.0;470.5
La Paila;2015-05-20;32.6;20.9;72.0;401.9
Bugalagrande;2015-05-21;29.9;19.9;77.0;333.6
La Paila;2015-05-21;29.9;20.0;76.0;296.9
Bugalagrande;2015-05-22;30.4;18.1;79.0;416.0
La Paila;2015-05-22;30.0;18.9;78.0;420.4
Bugalagrande;2015-05-23;33.4;18.7;74.0;444.1
La Paila;2015-05-23;32.8;19.3;75.0;457.1
Bugalagrande;2015-05-24;30.7;19.1;74.0;364.5
La Paila;2015-05-24;31.8;19.9;76.0;413.3
Bugalagrande;2015-05-25;29.0;19.5;81.0;325.2
La Paila;2015-05-25;29.3;20.2;80.0;370.2
Bugalagrande;2015-05-26;32.9;18.7;78.0;528.1
La Paila;2015-05-26;33.0;18.3;78.0;528.0
Bugalagrande;2015-05-27;28.5;19.7;89.0;237.7
La Paila;2015-05-27;27.9;19.9;89.0;290.0
Bugalagrande;2015-05-28;29.8;20.6;83.0;381.9
La Paila;2015-05-28;29.3;20.8;79.0;360.8
Bugalagrande;2015-05-29;27.1;19.9;87.0;235.8
La Paila;2015-05-29;26.0;19.9;86.0;213.5
Bugalagrande;2015-05-30;31.1;18.9;80.0;493.1
La Paila;2015-05-30;31.6;18.4;77.0;467.2
Bugalagrande;2015-05-31;32.7;19.1;81.0;449.5
La Paila;2015-05-31;32.8;19.5;81.0;465.7
Bugalagrande;2015-06-01;31.9;19.6;79.0;445.3
La Paila;2015-06-01;32.0;20.4;79.0;506.3
Bugalagrande;2015-06-02;32.1;18.3;76.0;458.2
La Paila;2015-06-02;31.7;18.9;77.0;381.1
Bugalagrande;2015-06-03;30.5;20.7;79.0;367.2
La Paila;2015-06-03;30.8;20.5;77.0;397.6
Bugalagrande;2015-06-04;32.3;19.6;77.0;420.3
La Paila;2015-06-04;32.5;20.3;76.0;437.5
Bugalagrande;2015-06-05;30.7;19.1;79.0;375.3
La Paila;2015-06-05;31.3;20.2;79.0;331.2
Bugalagrande;2015-06-06;30.7;18.1;76.0;367.2
La Paila;2015-06-06;31.6;18.0;79.0;455.2
Bugalagrande;2015-06-07;30.8;19.2;81.0;411.8
La Paila;2015-06-07;32.7;19.5;82.0;435.0
Bugalagrande;2015-06-08;28.1;20.1;85.0;309.5
La Paila;2015-06-08;29.4;20.3;85.0;335.3
Bugalagrande;2015-06-09;27.8;19.8;78.0;307.7
La Paila;2015-06-09;28.4;20.0;81.0;331.5
Bugalagrande;2015-06-10;30.0;19.3;79.0;443.6
La Paila;2015-06-10;30.7;19.9;80.0;485.4
Bugalagrande;2015-06-11;31.5;18.7;74.0;471.6
La Paila;2015-06-11;32.9;19.3;75.0;487.5
Bugalagrande;2015-06-12;32.7;19.0;76.0;437.9
La Paila;2015-06-12;32.5;19.8;78.0;362.9
Bugalagrande;2015-06-13;18.9;18.9;80.0;284.7
La Paila;2015-06-13;29.5;19.3;81.0;299.3
Bugalagrande;2015-06-14;32.0;18.2;77.0;405.0
La Paila;2015-06-14;32.4;18.6;78.0;428.3
Bugalagrande;2015-06-15;32.1;19.5;82.0;320.0
La Paila;2015-06-15;32.4;20.5;78.0;429.6
Bugalagrande;2015-06-16;33.8;17.9;73.0;377.3
La Paila;2015-06-16;34.7;18.6;71.0;520.0
Bugalagrande;2015-06-17;32.1;19.0;76.0;319.5
La Paila;2015-06-17;31.8;19.7;76.0;314.8
Bugalagrande;2015-06-18;32.8;17.7;73.0;364.1
La Paila;2015-06-18;32.7;18.4;72.0;474.6
Bugalagrande;2015-06-19;34.4;17.9;66.0;463.4
La Paila;2015-06-19;35.7;17.8;64.0;542.1
Bugalagrande;2015-06-20;33.3;18.5;68.0;441.8
La Paila;2015-06-20;34.2;19.9;68.0;434.1
Bugalagrande;2015-06-21;32.4;17.1;70.0;328.1
La Paila;2015-06-21;31.8;18.2;69.0;382.9
Bugalagrande;2015-06-22;31.5;19.5;74.0;391.0
La Paila;2015-06-22;33.8;20.3;74.0;420.1
Bugalagrande;2015-06-23;33.5;17.4;68.0;448.7
La Paila;2015-06-23;36.7;17.8;63.0;547.1
Bugalagrande;2015-06-24;35.6;17.7;60.0;508.8
La Paila;2015-06-24;36.6;18.6;59.0;530.0
Bugalagrande;2015-06-25;32.4;16.3;67.0;386.9
La Paila;2015-06-25;34.1;17.4;63.0;418.6
Bugalagrande;2015-06-26;34.0;16.7;64.0;444.0
La Paila;2015-06-26;35.8;17.0;61.0;385.8
Bugalagrande;2015-06-27;32.0;19.7;69.0;336.6
La Paila;2015-06-27;32.1;20.6;67.0;286.0
Bugalagrande;2015-06-28;31.4;18.6;70.0;392.9
La Paila;2015-06-28;33.7;18.9;70.0;321.8
Bugalagrande;2015-06-29;30.5;19.3;76.0;350.1
La Paila;2015-06-29;32.8;19.1;77.0;371.5
Bugalagrande;2015-06-30;30.9;18.3;74.0;370.2
La Paila;2015-06-30;32.8;18.2;73.0;435.7
Bugalagrande;2015-07-01;34.9;16.6;67.0;494.5
La Paila;2015-07-01;35.8;17.4;67.0;480.3
Bugalagrande;2015-07-02;33.8;17.3;70.0;423.2
La Paila;2015-07-02;34.6;19.3;70.0;441.2
Bugalagrande;2015-07-03;33.7;17.3;68.0;484.5
La Paila;2015-07-03;35.6;18.8;64.0;528.2
Bugalagrande;2015-07-04;30.9;18.9;71.0;339.9
La Paila;2015-07-04;32.8;20.3;69.0;407.5
Bugalagrande;2015-07-05;28.9;19.9;74.0;265.6
La Paila;2015-07-05;30.5;21.3;71.0;282.9
Bugalagrande;2015-07-06;30.5;19.3;75.0;295.4
La Paila;2015-07-06;30.5;19.7;71.0;306.1
Bugalagrande;2015-07-07;29.0;19.9;81.0;334.9
La Paila;2015-07-07;31.8;21.0;81.0;295.6
Bugalagrande;2015-07-08;31.7;18.7;74.0;461.9
La Paila;2015-07-08;32.5;19.9;77.0;502.5
Bugalagrande;2015-07-09;32.2;17.4;71.0;419.0
La Paila;2015-07-09;33.9;18.9;73.0;458.5
Bugalagrande;2015-07-10;31.7;18.8;71.0;371.9
La Paila;2015-07-10;32.4;20.1;74.0;387.5
Bugalagrande;2015-07-11;28.7;19.0;77.0;200.0
La Paila;2015-07-11;30.4;20.1;77.0;269.7
Bugalagrande;2015-07-12;30.9;19.5;72.0;434.1
La Paila;2015-07-12;32.8;20.4;75.0;462.1
Bugalagrande;2015-07-13;32.1;17.9;69.0;535.9
La Paila;2015-07-13;33.3;19.5;74.0;542.1
Bugalagrande;2015-07-14;30.7;20.3;70.0;403.7
La Paila;2015-07-14;32.0;21.0;73.0;378.0
Bugalagrande;2015-07-15;30.1;19.3;76.0;292.6
La Paila;2015-07-15;31.7;20.5;80.0;316.9
Bugalagrande;2015-07-16;31.8;18.7;72.0;451.4
La Paila;2015-07-16;33.5;19.5;74.0;438.7
Bugalagrande;2015-07-17;32.6;18.6;67.0;499.3
La Paila;2015-07-17;34.2;19.5;68.0;488.7
Bugalagrande;2015-07-18;31.3;19.1;72.0;316.4
La Paila;2015-07-18;31.8;20.5;74.0;384.9
Bugalagrande;2015-07-19;31.9;19.1;76.0;423.8
La Paila;2015-07-19;34.0;20.1;80.0;418.0
Bugalagrande;2015-07-20;29.8;18.9;83.0;358.1
La Paila;2015-07-20;30.7;19.5;85.0;339.7
Bugalagrande;2015-07-21;31.1;17.8;79.0;528.8
La Paila;2015-07-21;32.2;19.1;81.0;533.7
Bugalagrande;2015-07-22;30.5;20.3;79.0;472.5
La Paila;2015-07-22;31.3;20.9;81.0;476.1
Bugalagrande;2015-07-23;31.1;17.1;80.0;429.4
La Paila;2015-07-23;31.6;18.8;86.0;422.1
Bugalagrande;2015-07-24;32.9;15.1;73.0;503.3
La Paila;2015-07-24;34.4;15.8;76.0;547.4
Bugalagrande;2015-07-25;33.8;16.2;68.0;489.6
La Paila;2015-07-25;36.0;18.6;74.0;504.4
Bugalagrande;2015-07-26;31.1;17.6;74.0;346.8
La Paila;2015-07-26;33.3;19.7;79.0;346.4
Bugalagrande;2015-07-27;31.3;18.2;74.0;366.4
La Paila;2015-07-27;32.2;19.8;77.0;356.1
Bugalagrande;2015-07-28;32.3;18.9;76.0;409.8
La Paila;2015-07-28;34.5;19.3;79.0;458.4
Bugalagrande;2015-07-29;31.1;19.5;75.0;362.7
La Paila;2015-07-29;33.9;20.5;79.0;457.3
Bugalagrande;2015-07-30;30.7;20.1;72.0;340.1
La Paila;2015-07-30;33.2;21.8;79.0;411.1
Bugalagrande;2015-07-31;31.3;17.3;73.0;407.0
La Paila;2015-07-31;34.3;19.1;78.0;393.7
Bugalagrande;2015-08-01;31.6;17.6;73.0;361.5
La Paila;2015-08-01;34.1;19.1;77.0;408.1
Bugalagrande;2015-08-02;31.1;19.1;72.0;377.3
La Paila;2015-08-02;34.2;19.7;75.0;462.2
Bugalagrande;2015-08-03;34.3;16.8;67.0;515.2
La Paila;2015-08-03;35.6;18.9;72.0;483.4
Bugalagrande;2015-08-04;34.4;17.2;67.0;498.3
La Paila;2015-08-04;36.6;19.1;69.0;532.0
Bugalagrande;2015-08-05;34.7;17.8;65.0;439.0
La Paila;2015-08-05;36.6;20.7;69.0;470.0
Bugalagrande;2015-08-06;34.4;16.4;64.0;513.1
La Paila;2015-08-06;37.3;18.6;67.0;511.2
Bugalagrande;2015-08-07;29.9;19.8;72.0;294.7
La Paila;2015-08-07;35.1;22.7;75.0;279.0
Bugalagrande;2015-08-08;30.0;19.1;80.0;281.0
La Paila;2015-08-08;36.4;21.3;83.0;256.2
Bugalagrande;2015-08-09;28.7;19.3;78.0;251.7
La Paila;2015-08-09;31.1;20.8;82.0;311.6
Bugalagrande;2015-08-10;31.7;17.1;70.0;430.8
La Paila;2015-08-10;36.6;18.6;74.0;473.0
Bugalagrande;2015-08-11;32.1;18.8;67.0;392.8
La Paila;2015-08-11;37.4;20.9;71.0;505.5
Bugalagrande;2015-08-12;33.9;18.2;69.0;475.0
La Paila;2015-08-12;38.8;19.4;71.0;460.8
Bugalagrande;2015-08-13;30.7;18.6;73.0;364.1
La Paila;2015-08-13;34.0;20.1;75.0;305.1
Bugalagrande;2015-08-14;29.1;19.3;74.0;289.8
La Paila;2015-08-14;32.1;20.5;76.0;313.7
Bugalagrande;2015-08-15;32.1;19.0;78.0;355.3
La Paila;2015-08-15;34.6;20.8;77.0;425.4
Bugalagrande;2015-08-16;31.1;18.4;77.0;388.9
La Paila;2015-08-16;36.6;19.7;77.0;407.0
Bugalagrande;2015-08-17;33.3;18.7;75.0;495.3
La Paila;2015-08-17;36.7;20.2;76.0;461.6
Bugalagrande;2015-08-18;33.9;19.1;67.0;541.2
La Paila;2015-08-18;38.2;20.8;70.0;506.6
Bugalagrande;2015-08-19;34.1;18.5;66.0;504.3
La Paila;2015-08-19;37.5;20.0;68.0;445.6
Bugalagrande;2015-08-20;34.8;18.8;65.0;513.9
La Paila;2015-08-20;21.1;21.1;67.0;518.5
Bugalagrande;2015-08-21;32.2;19.0;67.0;461.9
La Paila;2015-08-21;35.4;21.1;70.0;419.3
Bugalagrande;2015-08-22;32.7;19.1;69.0;376.1
La Paila;2015-08-22;36.4;20.5;75.0;386.6
Bugalagrande;2015-08-23;32.4;18.5;70.0;434.6
La Paila;2015-08-23;37.9;20.0;76.0;460.4
Bugalagrande;2015-08-24;32.1;19.1;77.0;475.3
La Paila;2015-08-24;19.5;19.5;76.0;451.6
Bugalagrande;2015-08-25;31.9;19.3;75.0;439.3
La Paila;2015-08-25;35.6;20.9;73.0;417.3
Bugalagrande;2015-08-26;30.9;18.9;73.0;397.1
La Paila;2015-08-26;33.7;20.5;78.0;401.4
Bugalagrande;2015-08-27;32.7;19.3;73.0;392.8
La Paila;2015-08-27;21.3;21.3;73.0;422.2
Bugalagrande;2015-08-28;33.4;19.4;70.0;513.4
La Paila;2015-08-28;20.8;20.8;76.0;490.7
Bugalagrande;2015-08-29;34.2;16.9;68.0;468.2
La Paila;2015-08-29;18.3;18.3;71.0;554.5
Bugalagrande;2015-08-30;30.1;16.5;71.0;291.1
La Paila;2015-08-30;18.9;18.9;72.0;424.7
Bugalagrande;2015-08-31;32.0;18.7;68.0;339.1
La Paila;2015-08-31;21.3;21.3;70.0;411.4
Bugalagrande;2015-09-01;32.0;18.7;69.0;367.1
La Paila;2015-09-01;30.5;19.5;69.0;30.5
Bugalagrande;2015-09-02;33.6;17.1;66.0;454.9
La Paila;2015-09-02;34.1;17.9;68.0;468.3
Bugalagrande;2015-09-03;32.8;19.7;65.0;449.0
La Paila;2015-09-03;33.9;20.1;65.0;441.6
Bugalagrande;2015-09-04;34.0;17.4;65.0;504.3
La Paila;2015-09-04;33.8;17.6;65.0;523.5
Bugalagrande;2015-09-05;30.8;18.4;69.0;326.4
La Paila;2015-09-05;32.6;19.1;67.0;435.4
Bugalagrande;2015-09-06;33.1;18.7;72.0;354.8
La Paila;2015-09-06;33.1;19.3;69.0;417.4
Bugalagrande;2015-09-07;31.9;19.1;68.0;362.8
La Paila;2015-09-07;32.8;19.2;68.0;457.5
Bugalagrande;2015-09-08;32.7;18.3;66.0;474.0
La Paila;2015-09-08;34.0;18.8;66.0;493.3
Bugalagrande;2015-09-09;32.1;18.9;77.0;386.6
La Paila;2015-09-09;33.6;19.2;77.0;412.2
Bugalagrande;2015-09-10;29.5;19.4;86.0;333.4
La Paila;2015-09-10;30.1;19.2;85.0;358.6
Bugalagrande;2015-09-11;26.1;18.1;85.0;244.0
La Paila;2015-09-11;27.1;17.9;85.0;231.6
Bugalagrande;2015-09-12;33.9;16.7;72.0;532.4
La Paila;2015-09-12;35.0;15.8;74.0;585.9
Bugalagrande;2015-09-13;33.2;16.3;69.0;515.2
La Paila;2015-09-13;34.3;16.8;69.0;527.8
Bugalagrande;2015-09-14;34.4;14.9;64.0;510.7
La Paila;2015-09-14;36.1;15.5;66.0;573.6
Bugalagrande;2015-09-15;34.8;15.8;65.0;540.4
La Paila;2015-09-15;35.7;16.4;66.0;567.7
Bugalagrande;2015-09-16;33.8;17.1;67.0;485.9
La Paila;2015-09-16;34.8;18.9;69.0;532.2
Bugalagrande;2015-09-17;33.0;19.7;72.0;488.3
La Paila;2015-09-17;34.0;19.4;72.0;488.6
Bugalagrande;2015-09-18;30.9;19.9;79.0;369.1
La Paila;2015-09-18;31.1;19.8;77.0;395.0
Bugalagrande;2015-09-19;31.1;18.7;78.0;460.8
La Paila;2015-09-19;32.2;19.1;82.0;540.4
Bugalagrande;2015-09-20;30.6;19.6;75.0;389.2
La Paila;2015-09-20;30.9;20.5;76.0;432.6
Bugalagrande;2015-09-21;32.3;18.7;71.0;441.3
La Paila;2015-09-21;33.0;18.9;73.0;512.6
Bugalagrande;2015-09-22;33.7;19.9;69.0;462.4
La Paila;2015-09-22;35.6;19.5;71.0;507.8
Bugalagrande;2015-09-23;31.9;18.8;71.0;413.6
La Paila;2015-09-23;32.6;18.5;72.0;379.7
Bugalagrande;2015-09-24;34.1;19.0;68.0;501.1
La Paila;2015-09-24;34.9;19.5;69.0;503.7
Bugalagrande;2015-09-25;34.9;17.1;65.0;537.4
La Paila;2015-09-25;35.3;17.8;66.0;580.0
Bugalagrande;2015-09-26;34.3;17.3;66.0;447.7
La Paila;2015-09-26;35.3;18.0;66.0;515.4
Bugalagrande;2015-09-27;34.1;19.9;65.0;440.9
La Paila;2015-09-27;35.8;20.1;65.0;558.6
Bugalagrande;2015-09-28;35.0;17.3;64.0;491.9
La Paila;2015-09-28;35.9;18.3;64.0;537.4
Bugalagrande;2015-09-29;31.5;19.4;68.0;343.1
La Paila;2015-09-29;31.9;20.1;67.0;363.4
Bugalagrande;2015-09-30;31.6;19.1;77.0;429.1
La Paila;2015-09-30;30.1;19.5;77.0;450.6
Bugalagrande;2015-10-01;30.3;19.5;87.0;334.4
La Paila;2015-10-01;29.6;20.4;88.0;375.5
Bugalagrande;2015-10-02;30.8;19.5;77.0;392.0
La Paila;2015-10-02;31.9;20.1;84.0;443.9
Bugalagrande;2015-10-03;32.2;20.1;74.0;400.7
La Paila;2015-10-03;32.5;20.4;75.0;432.4
Bugalagrande;2015-10-04;33.3;19.7;72.0;414.0
La Paila;2015-10-04;34.2;19.7;72.0;511.9
Bugalagrande;2015-10-05;33.1;18.5;70.0;454.7
La Paila;2015-10-05;33.5;18.6;71.0;508.5
Bugalagrande;2015-10-06;33.3;17.9;68.0;459.9
La Paila;2015-10-06;32.8;18.3;70.0;472.2
Bugalagrande;2015-10-07;31.3;18.3;71.0;373.6
La Paila;2015-10-07;31.8;19.4;71.0;384.3
Bugalagrande;2015-10-08;33.7;18.2;68.0;500.7
La Paila;2015-10-08;33.6;18.5;75.0;488.9
Bugalagrande;2015-10-09;29.9;18.9;76.0;243.3
La Paila;2015-10-09;28.9;19.5;80.0;276.6
Bugalagrande;2015-10-10;31.8;19.0;72.0;355.5
La Paila;2015-10-10;32.4;19.1;76.0;442.0
Bugalagrande;2015-10-11;30.3;19.9;79.0;334.4
La Paila;2015-10-11;31.0;20.6;78.0;422.1
Bugalagrande;2015-10-12;28.5;20.3;79.0;220.0
La Paila;2015-10-12;28.8;20.7;72.0;289.7
Bugalagrande;2015-10-13;31.3;19.6;86.0;267.0
La Paila;2015-10-13;31.6;19.9;85.0;333.7
Bugalagrande;2015-10-14;29.1;19.3;81.0;330.7
La Paila;2015-10-14;28.7;19.3;85.0;350.5
Bugalagrande;2015-10-15;31.7;19.7;83.0;349.9
La Paila;2015-10-15;31.4;19.9;85.0;393.9
Bugalagrande;2015-10-16;27.7;19.3;86.0;256.1
La Paila;2015-10-16;27.5;19.9;91.0;238.9
Bugalagrande;2015-10-17;33.1;17.6;74.0;442.5
La Paila;2015-10-17;32.6;18.9;79.0;528.5
Bugalagrande;2015-10-18;31.9;18.6;78.0;357.8
La Paila;2015-10-18;30.4;19.2;82.0;369.6
Bugalagrande;2015-10-19;32.7;19.3;74.0;511.1
La Paila;2015-10-19;32.5;19.2;77.0;535.6
Bugalagrande;2015-10-20;32.3;18.3;72.0;346.6
La Paila;2015-10-20;33.0;19.3;74.0;512.0
Bugalagrande;2015-10-21;33.5;16.6;70.0;455.3
La Paila;2015-10-21;32.7;17.4;74.0;469.8
Bugalagrande;2015-10-22;32.8;18.5;72.0;420.7
La Paila;2015-10-22;33.2;19.1;75.0;503.1
Bugalagrande;2015-10-23;30.7;19.4;82.0;317.6
La Paila;2015-10-23;30.5;19.9;83.0;348.7
Bugalagrande;2015-10-24;30.5;19.7;76.0;302.6
La Paila;2015-10-24;30.5;20.1;78.0;409.6
Bugalagrande;2015-10-25;29.9;20.1;81.0;223.9
La Paila;2015-10-25;29.6;20.1;78.0;290.9
Bugalagrande;2015-10-26;30.9;19.1;75.0;277.3
La Paila;2015-10-26;31.6;19.7;77.0;446.6
Bugalagrande;2015-10-27;27.6;18.3;86.0;191.1
La Paila;2015-10-27;28.9;18.3;88.0;277.2
Bugalagrande;2015-10-28;30.8;17.3;79.0;289.5
La Paila;2015-10-28;31.2;17.6;81.0;444.2
Bugalagrande;2015-10-29;31.9;17.7;76.0;313.8
La Paila;2015-10-29;31.5;18.4;76.0;447.2
Bugalagrande;2015-10-30;31.7;19.1;78.0;357.1
La Paila;2015-10-30;31.3;19.1;77.0;443.6
Bugalagrande;2015-10-31;30.9;20.1;79.0;278.0
La Paila;2015-10-31;30.8;19.7;79.0;402.6
Bugalagrande;2015-11-01;28.7;19.7;83.0;249.7
La Paila;2015-11-01;29.5;19.5;83.0;361.7
Bugalagrande;2015-11-02;27.3;19.8;88.0;213.1
La Paila;2015-11-02;27.7;19.5;89.0;270.7
Bugalagrande;2015-11-03;30.9;19.1;76.0;371.5
La Paila;2015-11-03;30.5;19.3;81.0;496.4
Bugalagrande;2015-11-04;30.1;18.3;81.0;263.1
La Paila;2015-11-04;29.3;18.2;87.0;309.7
Bugalagrande;2015-11-05;28.5;18.7;84.0;225.8
La Paila;2015-11-05;28.1;19.1;87.0;277.6
Bugalagrande;2015-11-06;31.3;19.4;76.0;393.3
La Paila;2015-11-06;31.1;20.1;79.0;487.7
Bugalagrande;2015-11-07;24.3;20.2;93.0;110.7
La Paila;2015-11-07;24.6;20.1;94.0;140.3
Bugalagrande;2015-11-08;31.1;19.5;81.0;291.1
La Paila;2015-11-08;31.2;19.8;86.0;431.2
Bugalagrande;2015-11-09;27.6;18.3;83.0;224.5
La Paila;2015-11-09;28.0;18.9;64.0;287.7
Bugalagrande;2015-11-10;31.4;18.2;78.0;335.5
La Paila;2015-11-10;30.9;18.2;498.6;498.6
Bugalagrande;2015-11-11;29.9;19.3;76.0;231.3
La Paila;2015-11-11;30.5;19.5;384.8;384.8
Bugalagrande;2015-11-12;32.7;17.9;72.0;366.4
La Paila;2015-11-12;32.4;19.2;464.4;464.4
Bugalagrande;2015-11-13;32.3;20.3;73.0;290.3
La Paila;2015-11-13;31.5;20.8;414.9;414.9
Bugalagrande;2015-11-14;31.5;19.1;75.0;259.6
La Paila;2015-11-14;31.6;19.8;416.8;416.8
Bugalagrande;2015-11-15;28.9;20.3;77.0;168.5
La Paila;2015-11-15;29.2;21.1;277.0;277.0
Bugalagrande;2015-11-16;31.4;19.3;85.0;264.1
La Paila;2015-11-16;30.7;19.9;326.6;326.6
Bugalagrande;2015-11-17;24.8;19.7;92.0;131.6
La Paila;2015-11-17;22.8;19.5;48.0;22.8
Bugalagrande;2015-11-18;28.9;19.5;84.0;314.1
La Paila;2015-11-18;28.5;19.3;51.0;330.3
Bugalagrande;2015-11-19;31.3;20.0;77.0;408.0
La Paila;2015-11-19;30.5;19.7;51.0;446.1
Bugalagrande;2015-11-20;31.4;19.3;76.0;360.5
La Paila;2015-11-20;30.8;19.4;80.0;463.2
Bugalagrande;2015-11-21;30.7;20.1;84.0;360.0
La Paila;2015-11-21;29.8;19.9;83.0;394.1
Bugalagrande;2015-11-22;30.1;19.9;80.0;327.1
La Paila;2015-11-22;29.0;19.9;83.0;403.2
Bugalagrande;2015-11-23;31.1;17.4;78.0;400.2
La Paila;2015-11-23;30.2;17.6;81.0;418.5
Bugalagrande;2015-11-24;31.6;20.1;78.0;426.3
La Paila;2015-11-24;30.7;20.4;80.0;443.3
Bugalagrande;2015-11-25;30.9;19.5;76.0;494.3
La Paila;2015-11-25;30.1;19.7;79.0;449.0
Bugalagrande;2015-11-26;30.3;18.5;78.0;312.2
La Paila;2015-11-26;29.3;18.7;80.0;287.0
Bugalagrande;2015-11-27;30.7;19.4;77.0;340.6
La Paila;2015-11-27;30.2;19.6;80.0;361.9
Bugalagrande;2015-11-28;28.3;19.2;84.0;202.9
La Paila;2015-11-28;28.7;19.3;83.0;239.6
Bugalagrande;2015-11-29;33.4;18.7;76.0;453.9
La Paila;2015-11-29;30.9;18.2;79.0;442.7
Bugalagrande;2015-11-30;32.3;18.6;75.0;220.3
La Paila;2015-11-30;31.6;19.0;77.0;455.4
Bugalagrande;2015-12-01;32.9;19.2;77.0;201.8
La Paila;2015-12-01;31.4;19.5;77.0;361.3
Bugalagrande;2015-12-02;32.5;20.5;75.0;221.3
La Paila;2015-12-02;31.6;20.3;75.0;416.0
Bugalagrande;2015-12-03;29.9;17.7;75.0;188.6
La Paila;2015-12-03;28.9;17.6;77.0;299.8
Bugalagrande;2015-12-04;28.3;20.6;81.0;183.8
La Paila;2015-12-04;27.9;20.2;83.0;259.1
Bugalagrande;2015-12-05;30.9;19.6;76.0;259.9
La Paila;2015-12-05;31.2;18.4;78.0;402.2
Bugalagrande;2015-12-06;32.3;18.2;72.0;313.8
La Paila;2015-12-06;32.4;17.9;74.0;439.9
Bugalagrande;2015-12-07;29.8;19.9;75.0;260.6
La Paila;2015-12-07;29.1;19.5;78.0;317.6
Bugalagrande;2015-12-08;33.6;17.7;72.0;368.2
La Paila;2015-12-08;32.6;17.8;75.0;433.3
Bugalagrande;2015-12-09;31.9;19.3;72.0;330.1
La Paila;2015-12-09;32.0;19.5;74.0;406.3
Bugalagrande;2015-12-10;32.3;19.2;72.0;380.8
La Paila;2015-12-10;31.3;19.3;75.0;392.4
Bugalagrande;2015-12-11;32.9;17.5;75.0;367.4
La Paila;2015-12-11;31.8;17.8;75.0;401.5
Bugalagrande;2015-12-12;32.7;17.3;71.0;427.5
La Paila;2015-12-12;32.3;17.4;73.0;417.8
Bugalagrande;2015-12-13;31.1;18.9;71.0;329.0
La Paila;2015-12-13;31.1;18.5;75.0;362.5
Bugalagrande;2015-12-14;31.5;18.7;73.0;333.6
La Paila;2015-12-14;30.3;18.6;75.0;344.4
Bugalagrande;2015-12-15;30.8;19.7;77.0;393.9
La Paila;2015-12-15;30.7;19.0;76.0;403.3
Bugalagrande;2015-12-16;31.8;18.8;73.0;411.8
La Paila;2015-12-16;32.0;19.0;75.0;421.9
Bugalagrande;2015-12-17;26.1;19.6;90.0;144.0
La Paila;2015-12-17;26.0;19.5;87.0;140.7
Bugalagrande;2015-12-18;30.9;17.1;77.0;393.0
La Paila;2015-12-18;32.1;16.8;76.0;405.8
Bugalagrande;2015-12-19;31.6;19.1;75.0;416.0
La Paila;2015-12-19;31.6;18.3;77.0;436.8
Bugalagrande;2015-12-20;32.4;19.1;75.0;444.5
La Paila;2015-12-20;33.0;19.5;76.0;457.3
Bugalagrande;2015-12-21;32.7;18.2;73.0;487.7
La Paila;2015-12-21;32.2;17.8;75.0;491.4
Bugalagrande;2015-12-22;32.7;17.0;71.0;489.1
La Paila;2015-12-22;32.4;16.6;73.0;494.7
Bugalagrande;2015-12-23;32.1;19.2;72.0;428.8
La Paila;2015-12-23;32.0;18.7;74.0;420.2
Bugalagrande;2015-12-24;33.4;17.7;71.0;456.0
La Paila;2015-12-24;33.2;17.9;72.0;477.0
Bugalagrande;2015-12-25;33.1;17.5;71.0;436.7
La Paila;2015-12-25;32.6;17.6;72.0;441.6
Bugalagrande;2015-12-26;32.1;17.1;71.0;390.8
La Paila;2015-12-26;32.4;17.4;72.0;437.6
Bugalagrande;2015-12-27;33.6;18.2;69.0;465.7
La Paila;2015-12-27;33.4;18.2;70.0;485.3
Bugalagrande;2015-12-28;33.6;19.0;69.0;430.2
La Paila;2015-12-28;33.3;19.1;70.0;410.3
Bugalagrande;2015-12-29;34.2;18.7;68.0;496.6
La Paila;2015-12-29;34.2;19.1;69.0;496.7
Bugalagrande;2015-12-30;35.1;17.5;68.0;500.6
La Paila;2015-12-30;34.3;18.6;69.0;484.4
Bugalagrande;2015-12-31;34.4;17.9;69.0;482.9
La Paila;2015-12-31;33.7;18.2;70.0;479.2
Bugalagrande;2016-01-01;33.4;19.7;68.0;390.9
La Paila;2016-01-01;32.0;18.9;70.0;363.1
Bugalagrande;2016-01-02;31.3;18.0;72.0;291.7
La Paila;2016-01-02;31.6;18.0;72.0;340.3
Bugalagrande;2016-01-03;31.9;17.9;71.0;384.4
La Paila;2016-01-03;32.9;17.2;73.0;413.2
Bugalagrande;2016-01-04;28.7;18.7;80.0;260.8
La Paila;2016-01-04;29.3;18.4;78.0;299.3
Bugalagrande;2016-01-05;33.1;16.8;70.0;489.8
La Paila;2016-01-05;33.0;16.6;70.0;485.7
Bugalagrande;2016-01-06;30.2;19.9;79.0;301.1
La Paila;2016-01-06;29.5;19.9;79.0;343.3
Bugalagrande;2016-01-07;32.9;18.5;73.0;480.2
La Paila;2016-01-07;32.4;18.9;74.0;471.1
Bugalagrande;2016-01-08;31.5;20.3;74.0;356.4
La Paila;2016-01-08;32.4;20.1;75.0;373.4
Bugalagrande;2016-01-09;33.0;20.6;72.0;437.3
La Paila;2016-01-09;32.8;20.1;72.0;474.6
Bugalagrande;2016-01-10;30.7;20.8;81.0;279.9
La Paila;2016-01-10;30.5;20.8;79.0;223.0
Bugalagrande;2016-01-11;29.2;20.5;78.0;296.0
La Paila;2016-01-11;29.4;20.6;75.0;288.8
Bugalagrande;2016-01-12;36.6;19.3;73.0;480.3
La Paila;2016-01-12;31.2;18.7;72.0;398.5
Bugalagrande;2016-01-13;32.1;19.5;70.0;470.2
La Paila;2016-01-13;32.2;18.9;70.0;492.7
Bugalagrande;2016-01-14;32.1;18.3;70.0;430.4
La Paila;2016-01-14;32.5;18.0;70.0;483.3
Bugalagrande;2016-01-15;33.9;17.3;68.0;501.8
La Paila;2016-01-15;33.2;17.8;70.0;487.4
Bugalagrande;2016-01-16;34.3;18.0;69.0;476.0
La Paila;2016-01-16;33.6;18.3;69.0;496.2
Bugalagrande;2016-01-17;34.4;18.7;68.0;490.1
La Paila;2016-01-17;34.0;19.3;69.0;502.0
Bugalagrande;2016-01-18;34.1;20.4;57.0;248.0
La Paila;2016-01-18;34.1;19.7;68.0;503.1
Bugalagrande;2016-01-19;33.7;18.9;67.0;559.8
La Paila;2016-01-19;33.4;18.4;68.0;498.7
Bugalagrande;2016-01-20;32.3;18.3;67.0;497.6
La Paila;2016-01-20;32.1;18.4;69.0;442.5
Bugalagrande;2016-01-21;33.1;20.2;65.0;526.7
La Paila;2016-01-21;32.4;18.9;68.0;425.8
Bugalagrande;2016-01-22;33.8;20.6;66.0;525.2
La Paila;2016-01-22;33.3;20.4;66.0;460.6
Bugalagrande;2016-01-23;33.7;20.1;67.0;514.7
La Paila;2016-01-23;33.6;19.6;67.0;444.7
Bugalagrande;2016-01-24;34.3;19.7;66.0;492.1
La Paila;2016-01-24;34.2;19.7;67.0;489.0
Bugalagrande;2016-01-25;32.9;18.9;69.0;467.3
La Paila;2016-01-25;33.1;18.3;70.0;408.3
Bugalagrande;2016-01-26;33.8;19.8;66.0;493.1
La Paila;2016-01-26;33.4;20.1;68.0;422.4
Bugalagrande;2016-01-27;34.4;18.7;66.0;526.2
La Paila;2016-01-27;33.8;18.5;67.0;495.0
Bugalagrande;2016-01-28;33.9;17.3;66.0;523.4
La Paila;2016-01-28;33.8;17.6;66.0;453.2
Bugalagrande;2016-01-29;32.8;18.4;69.0;513.7
La Paila;2016-01-29;32.8;18.9;73.0;405.6
Bugalagrande;2016-01-30;33.1;20.3;71.0;545.7
La Paila;2016-01-30;32.2;19.7;73.0;479.5
Bugalagrande;2016-01-31;33.1;19.3;64.0;491.4
La Paila;2016-01-31;32.8;19.3;67.0;466.4
Bugalagrande;2016-02-01;33.5;17.7;65.0;534.3
La Paila;2016-02-01;33.4;18.2;66.0;507.1
Bugalagrande;2016-02-02;33.7;17.1;65.0;553.9
La Paila;2016-02-02;33.1;18.0;66.0;469.2
Bugalagrande;2016-02-03;34.1;18.7;64.0;520.2
La Paila;2016-02-03;33.8;18.6;66.0;484.1
Bugalagrande;2016-02-04;30.5;20.3;67.0;344.1
La Paila;2016-02-04;30.0;20.5;69.0;269.9
Bugalagrande;2016-02-05;31.1;21.1;69.0;420.1
La Paila;2016-02-05;30.4;20.8;69.0;301.6
Bugalagrande;2016-02-06;35.1;19.0;61.0;572.0
La Paila;2016-02-06;34.8;18.1;63.0;510.2
Bugalagrande;2016-02-07;34.2;17.6;64.0;535.7
La Paila;2016-02-07;34.3;18.1;66.0;518.2
Bugalagrande;2016-02-08;31.9;19.9;67.0;388.2
La Paila;2016-02-08;32.4;19.3;69.0;317.0
Bugalagrande;2016-02-09;33.3;19.6;65.0;477.5
La Paila;2016-02-09;33.6;19.1;72.0;436.3
Bugalagrande;2016-02-10;33.4;19.0;65.0;425.1
La Paila;2016-02-10;33.0;18.9;71.0;429.6
Bugalagrande;2016-02-11;32.7;21.0;69.0;429.5
La Paila;2016-02-11;32.8;20.3;69.0;420.9
Bugalagrande;2016-02-12;29.2;20.0;76.0;230.5
La Paila;2016-02-12;29.9;19.9;74.0;238.5
Bugalagrande;2016-02-13;34.9;18.5;69.0;567.4
La Paila;2016-02-13;33.6;18.9;68.0;517.3
Bugalagrande;2016-02-14;35.2;19.5;66.0;564.4
La Paila;2016-02-14;34.9;19.7;67.0;510.7
Bugalagrande;2016-02-15;33.2;19.8;65.0;318.3
La Paila;2016-02-15;33.0;19.3;69.0;363.4
Bugalagrande;2016-02-16;33.6;21.2;66.0;402.2
La Paila;2016-02-16;34.0;20.6;68.0;362.4
Bugalagrande;2016-02-17;34.7;19.8;75.0;476.4
La Paila;2016-02-17;34.4;20.2;77.0;442.8
Bugalagrande;2016-02-18;33.8;20.0;74.0;508.7
La Paila;2016-02-18;33.4;19.5;74.0;482.6
Bugalagrande;2016-02-19;34.4;19.1;67.0;494.8
La Paila;2016-02-19;33.7;19.5;71.0;482.2
Bugalagrande;2016-02-20;33.6;20.2;68.0;473.5
La Paila;2016-02-20;33.3;19.9;70.0;438.9
Bugalagrande;2016-02-21;26.7;20.5;88.0;224.6
La Paila;2016-02-21;27.3;20.4;89.0;192.1
Bugalagrande;2016-02-22;29.4;20.3;79.0;325.8
La Paila;2016-02-22;29.3;20.1;82.0;298.7
Bugalagrande;2016-02-23;33.5;20.7;76.0;440.7
La Paila;2016-02-23;33.0;21.1;82.0;454.6
Bugalagrande;2016-02-24;31.3;20.5;79.0;323.7
La Paila;2016-02-24;31.2;20.5;83.0;411.9
Bugalagrande;2016-02-25;32.3;19.8;84.0;332.9
La Paila;2016-02-25;30.3;20.2;85.0;324.8
Bugalagrande;2016-02-26;31.7;21.2;77.0;487.0
La Paila;2016-02-26;31.9;21.3;77.0;456.2
Bugalagrande;2016-02-27;33.9;20.7;70.0;561.5
La Paila;2016-02-27;32.7;20.7;72.0;437.3
Bugalagrande;2016-02-28;33.0;21.3;69.0;525.0
La Paila;2016-02-28;33.3;21.3;72.0;476.8
Bugalagrande;2016-02-29;34.7;21.3;68.0;519.5
La Paila;2016-02-29;33.0;21.7;72.0;463.2
Bugalagrande;2016-03-01;33.1;21.2;68.0;467.6
La Paila;2016-03-01;32.1;20.7;72.0;388.5
Bugalagrande;2016-03-02;26.7;20.6;85.0;190.8
La Paila;2016-03-02;27.7;19.7;82.0;206.7
Bugalagrande;2016-03-03;31.9;20.4;73.0;519.1
La Paila;2016-03-03;32.2;19.9;72.0;405.1
Bugalagrande;2016-03-04;31.7;20.2;79.0;371.2
La Paila;2016-03-04;31.6;20.6;77.0;346.5
Bugalagrande;2016-03-05;33.0;19.5;72.0;520.2
La Paila;2016-03-05;33.2;20.3;72.0;496.2
Bugalagrande;2016-03-06;30.1;20.5;77.0;358.0
La Paila;2016-03-06;29.3;20.7;79.0;271.7
Bugalagrande;2016-03-07;31.5;19.8;74.0;534.4
La Paila;2016-03-07;31.1;20.1;74.0;474.5
Bugalagrande;2016-03-08;32.9;19.7;70.0;545.1
La Paila;2016-03-08;32.8;20.4;73.0;478.7
Bugalagrande;2016-03-09;32.3;19.1;74.0;455.9
La Paila;2016-03-09;31.8;19.0;77.0;411.5
Bugalagrande;2016-03-10;32.8;20.6;70.0;511.8
La Paila;2016-03-10;32.3;19.5;74.0;474.2
Bugalagrande;2016-03-11;32.1;21.4;69.0;469.2
La Paila;2016-03-11;32.4;21.3;72.0;444.1
Bugalagrande;2016-03-12;32.1;21.1;74.0;438.5
La Paila;2016-03-12;31.8;20.8;75.0;410.2
Bugalagrande;2016-03-13;31.9;20.1;70.0;470.0
La Paila;2016-03-13;32.1;19.7;73.0;449.0
Bugalagrande;2016-03-14;31.9;21.3;72.0;455.9
La Paila;2016-03-14;31.3;20.5;79.0;428.6
Bugalagrande;2016-03-15;34.6;20.7;68.0;554.8
La Paila;2016-03-15;34.3;20.5;74.0;525.0
Bugalagrande;2016-03-16;33.9;20.5;71.0;505.7
La Paila;2016-03-16;33.4;20.6;73.0;464.5
Bugalagrande;2016-03-17;31.4;20.7;84.0;400.2
La Paila;2016-03-17;30.5;20.5;85.0;247.9
Bugalagrande;2016-03-18;32.3;21.1;78.0;462.2
La Paila;2016-03-18;32.4;20.8;79.0;425.4
Bugalagrande;2016-03-19;33.3;20.6;73.0;505.8
La Paila;2016-03-19;32.8;20.0;75.0;455.6
Bugalagrande;2016-03-20;33.3;20.5;78.0;501.8
La Paila;2016-03-20;33.2;19.9;75.0;430.4
Bugalagrande;2016-03-21;29.1;20.9;84.0;256.8
La Paila;2016-03-21;28.4;21.3;83.0;187.2
Bugalagrande;2016-03-22;34.2;19.6;71.0;547.8
La Paila;2016-03-22;33.8;19.9;72.0;478.4
Bugalagrande;2016-03-23;32.8;20.6;73.0;458.5
La Paila;2016-03-23;33.2;20.3;73.0;402.7
Bugalagrande;2016-03-24;35.3;19.4;69.0;564.3
La Paila;2016-03-24;34.8;19.5;70.0;479.6
Bugalagrande;2016-03-25;35.9;20.4;63.0;601.1
La Paila;2016-03-25;35.8;20.3;65.0;524.2
Bugalagrande;2016-03-26;35.2;18.9;64.0;550.4
La Paila;2016-03-26;34.8;18.6;67.0;484.4
Bugalagrande;2016-03-27;33.3;20.6;73.0;424.6
La Paila;2016-03-27;32.9;20.5;76.0;375.8
Bugalagrande;2016-03-28;32.9;19.6;70.0;485.8
La Paila;2016-03-28;33.2;19.5;72.0;453.8
Bugalagrande;2016-03-29;34.8;20.5;65.0;535.9
La Paila;2016-03-29;34.8;20.3;68.0;491.8
Bugalagrande;2016-03-30;28.2;21.3;81.0;223.9
La Paila;2016-03-30;28.6;20.7;80.0;214.4
Bugalagrande;2016-03-31;32.1;20.6;74.0;444.0
La Paila;2016-03-31;32.5;20.0;76.0;393.9
Bugalagrande;2016-04-01;30.3;21.0;77.0;337.6
La Paila;2016-04-01;30.3;20.2;81.0;258.5
Bugalagrande;2016-04-02;27.3;20.3;84.0;229.3
La Paila;2016-04-02;26.9;20.0;83.0;179.9
Bugalagrande;2016-04-03;32.2;19.3;74.0;489.4
La Paila;2016-04-03;31.5;19.1;75.0;436.1
Bugalagrande;2016-04-04;26.5;20.7;84.0;254.8
La Paila;2016-04-04;25.3;20.6;83.0;172.6
Bugalagrande;2016-04-05;32.9;19.8;77.0;478.0
La Paila;2016-04-05;32.1;19.5;81.0;457.0
Bugalagrande;2016-04-06;34.5;18.9;69.0;544.1
La Paila;2016-04-06;34.1;18.9;73.0;509.2
Bugalagrande;2016-04-07;32.3;21.5;69.0;383.0
La Paila;2016-04-07;32.6;21.2;72.0;419.1
Bugalagrande;2016-04-08;34.3;19.6;76.0;454.3
La Paila;2016-04-08;33.2;20.3;73.0;418.7
Bugalagrande;2016-04-09;29.9;20.8;80.0;305.8
La Paila;2016-04-09;29.9;20.6;81.0;246.3
Bugalagrande;2016-04-10;31.4;20.3;79.0;380.6
La Paila;2016-04-10;31.5;19.7;82.0;309.1
Bugalagrande;2016-04-11;31.7;20.3;83.0;456.1
La Paila;2016-04-11;30.4;20.3;84.0;363.2
Bugalagrande;2016-04-12;25.7;19.9;91.0;204.8
La Paila;2016-04-12;26.2;20.1;89.0;248.5
Bugalagrande;2016-04-13;29.7;20.1;83.0;374.0
La Paila;2016-04-13;29.3;19.9;83.0;333.8
Bugalagrande;2016-04-14;32.1;18.7;75.0;570.7
La Paila;2016-04-14;32.2;18.5;76.0;530.2
Bugalagrande;2016-04-15;34.1;20.3;71.0;579.7
La Paila;2016-04-15;33.2;19.9;73.0;521.9
Bugalagrande;2016-04-16;28.7;20.7;84.0;247.1
La Paila;2016-04-16;28.8;21.2;82.0;219.4
Bugalagrande;2016-04-17;31.8;20.8;76.0;509.0
La Paila;2016-04-17;32.1;20.3;76.0;422.0
Bugalagrande;2016-04-18;31.3;20.9;75.0;471.4
La Paila;2016-04-18;31.9;20.6;77.0;337.2
Bugalagrande;2016-04-19;33.3;20.1;71.0;545.6
La Paila;2016-04-19;33.2;19.0;71.0;505.2
Bugalagrande;2016-04-20;33.0;21.1;74.0;522.8
La Paila;2016-04-20;33.4;21.1;72.0;463.8
Bugalagrande;2016-04-21;33.6;21.9;72.0;33.6
La Paila;2016-04-21;33.7;20.1;72.0;472.7
Bugalagrande;2016-04-22;30.7;20.8;76.0;347.4
La Paila;2016-04-22;31.8;20.5;74.0;352.5
Bugalagrande;2016-04-23;31.3;20.9;76.0;398.2
La Paila;2016-04-23;31.0;20.4;76.0;327.3
Bugalagrande;2016-04-24;27.8;20.1;90.0;207.8
La Paila;2016-04-24;27.8;20.1;90.0;187.6
Bugalagrande;2016-04-25;29.9;19.6;83.0;463.4
La Paila;2016-04-25;29.4;19.7;83.0;332.5
Bugalagrande;2016-04-26;31.3;20.3;82.0;413.5
La Paila;2016-04-26;31.1;20.8;80.0;431.6
Bugalagrande;2016-04-27;29.9;20.4;83.0;412.1
La Paila;2016-04-27;29.8;20.1;81.0;375.9
Bugalagrande;2016-04-28;29.1;20.3;88.0;272.7
La Paila;2016-04-28;28.2;20.4;89.0;231.4
Bugalagrande;2016-04-29;31.3;19.9;80.0;534.0
La Paila;2016-04-29;30.5;20.1;80.0;454.1
Bugalagrande;2016-04-30;30.8;19.6;87.0;324.1
La Paila;2016-04-30;30.1;19.7;86.0;289.9
Bugalagrande;2016-05-01;27.9;19.5;84.0;292.2
La Paila;2016-05-01;28.5;19.7;84.0;290.8
Bugalagrande;2016-05-02;27.9;19.1;86.0;415.4
La Paila;2016-05-02;27.7;19.3;85.0;293.4
Bugalagrande;2016-05-03;31.7;18.1;82.0;471.8
La Paila;2016-05-03;30.5;17.9;78.0;422.2
Bugalagrande;2016-05-04;31.4;20.1;78.0;508.3
La Paila;2016-05-04;31.1;20.5;78.0;442.3
Bugalagrande;2016-05-05;31.8;19.3;81.0;416.9
La Paila;2016-05-05;32.5;19.9;83.0;389.7
Bugalagrande;2016-05-06;30.6;20.4;89.0;281.0
La Paila;2016-05-06;30.5;20.5;88.0;260.7
Bugalagrande;2016-05-07;29.2;19.8;84.0;372.3
La Paila;2016-05-07;28.1;19.8;84.0;274.2
Bugalagrande;2016-05-08;31.5;19.2;83.0;416.3
La Paila;2016-05-08;29.9;19.3;83.0;378.0
Bugalagrande;2016-05-09;31.1;18.8;88.0;466.1
La Paila;2016-05-09;29.7;19.8;85.0;408.3
Bugalagrande;2016-05-10;26.3;19.3;92.0;272.2
La Paila;2016-05-10;25.2;19.5;89.0;222.0
Bugalagrande;2016-05-11;30.9;19.7;80.0;518.0
La Paila;2016-05-11;29.8;19.6;79.0;430.9
Bugalagrande;2016-05-12;33.6;20.0;76.0;531.3
La Paila;2016-05-12;32.2;20.0;76.0;451.7
Bugalagrande;2016-05-13;33.0;19.2;76.0;492.0
La Paila;2016-05-13;32.7;20.4;75.0;419.6
Bugalagrande;2016-05-14;30.7;19.5;79.0;383.4
La Paila;2016-05-14;30.3;20.1;78.0;295.4
Bugalagrande;2016-05-15;34.4;19.9;74.0;526.4
La Paila;2016-05-15;32.6;20.5;73.0;437.9
Bugalagrande;2016-05-16;32.5;19.2;76.0;492.7
La Paila;2016-05-16;32.5;20.0;76.0;402.5
Bugalagrande;2016-05-17;33.1;20.4;80.0;432.5
La Paila;2016-05-17;32.3;20.0;78.0;421.0
Bugalagrande;2016-05-18;30.3;20.4;84.0;370.8
La Paila;2016-05-18;29.9;20.7;81.0;354.8
Bugalagrande;2016-05-19;31.8;20.8;79.0;342.8
La Paila;2016-05-19;32.1;21.1;77.0;378.7
Bugalagrande;2016-05-20;33.7;20.2;74.0;424.0
La Paila;2016-05-20;32.2;20.7;75.0;385.3
Bugalagrande;2016-05-21;33.9;20.4;75.0;397.1
La Paila;2016-05-21;33.1;20.9;73.0;442.6
Bugalagrande;2016-05-22;32.8;20.2;77.0;371.1
La Paila;2016-05-22;33.1;21.0;73.0;448.9
Bugalagrande;2016-05-23;32.0;20.2;75.0;377.3
La Paila;2016-05-23;32.7;19.9;73.0;446.1
Bugalagrande;2016-05-24;31.9;20.2;77.0;376.5
La Paila;2016-05-24;32.1;20.7;73.0;400.5
Bugalagrande;2016-05-25;34.1;20.2;74.0;383.3
La Paila;2016-05-25;32.8;20.6;75.0;420.7
Bugalagrande;2016-05-26;26.7;20.0;88.0;204.8
La Paila;2016-05-26;26.1;20.0;89.0;189.3
Bugalagrande;2016-05-27;31.4;18.1;82.0;404.1
La Paila;2016-05-27;30.6;18.7;82.0;386.5
Bugalagrande;2016-05-28;27.8;19.5;90.0;173.8
La Paila;2016-05-28;27.7;19.9;88.0;196.1
Bugalagrande;2016-05-29;30.3;19.0;83.0;373.5
La Paila;2016-05-29;29.2;19.9;84.0;338.7
Bugalagrande;2016-05-30;31.3;19.3;80.0;433.9
La Paila;2016-05-30;30.0;19.8;81.0;427.5
Bugalagrande;2016-05-31;27.5;19.9;89.0;293.7
La Paila;2016-05-31;26.3;19.3;86.0;250.7
Bugalagrande;2016-06-01;30.6;19.2;86.0;368.6
La Paila;2016-06-01;29.5;18.9;80.0;407.2
Bugalagrande;2016-06-02;30.9;19.5;82.0;390.7
La Paila;2016-06-02;29.1;19.9;80.0;328.8
Bugalagrande;2016-06-03;29.1;19.2;82.0;359.6
La Paila;2016-06-03;29.4;20.0;79.0;314.1
Bugalagrande;2016-06-04;32.5;18.6;80.0;515.3
La Paila;2016-06-04;30.3;19.5;77.0;435.5
Bugalagrande;2016-06-05;32.5;16.7;79.0;473.5
La Paila;2016-06-05;31.0;17.6;77.0;438.5
Bugalagrande;2016-06-06;30.6;18.5;88.0;316.1
La Paila;2016-06-06;29.8;19.6;82.0;297.9
Bugalagrande;2016-06-07;31.8;18.6;85.0;418.9
La Paila;2016-06-07;30.3;19.4;83.0;402.6
Bugalagrande;2016-06-08;31.1;18.7;82.0;413.5
La Paila;2016-06-08;30.4;19.3;79.0;411.5
Bugalagrande;2016-06-09;30.1;19.5;83.0;319.5
La Paila;2016-06-09;29.1;20.2;83.0;339.1
Bugalagrande;2016-06-10;30.1;18.1;88.0;356.8
La Paila;2016-06-10;30.4;19.0;85.0;316.9
Bugalagrande;2016-06-11;31.3;17.0;79.0;452.3
La Paila;2016-06-11;30.5;17.3;79.0;478.9
Bugalagrande;2016-06-12;32.0;17.8;76.0;474.1
La Paila;2016-06-12;30.9;18.1;76.0;419.3
Bugalagrande;2016-06-13;30.6;17.4;83.0;349.0
La Paila;2016-06-13;30.7;18.4;82.0;380.8
Bugalagrande;2016-06-14;30.3;18.8;83.0;365.6
La Paila;2016-06-14;28.8;19.2;82.0;340.0
Bugalagrande;2016-06-15;31.3;16.9;78.0;462.1
La Paila;2016-06-15;30.7;18.0;77.0;426.4
Bugalagrande;2016-06-16;31.3;17.4;78.0;425.1
La Paila;2016-06-16;30.9;18.2;77.0;404.0
Bugalagrande;2016-06-17;31.0;18.8;76.0;436.2
La Paila;2016-06-17;31.0;19.9;75.0;418.8
Bugalagrande;2016-06-18;32.0;18.1;78.0;494.3
La Paila;2016-06-18;30.9;19.2;78.0;473.3
Bugalagrande;2016-06-19;30.5;19.5;81.0;337.7
La Paila;2016-06-19;29.2;19.9;81.0;286.8
Bugalagrande;2016-06-20;30.8;18.8;82.0;356.7
La Paila;2016-06-20;30.0;19.3;82.0;369.4
Bugalagrande;2016-06-21;30.6;18.8;80.0;414.3
La Paila;2016-06-21;29.6;18.6;82.0;365.6
Bugalagrande;2016-06-22;32.0;17.4;76.0;452.2
La Paila;2016-06-22;31.1;18.3;75.0;444.1
Bugalagrande;2016-06-23;31.7;18.5;79.0;283.8
La Paila;2016-06-23;30.3;19.6;78.0;348.1
Bugalagrande;2016-06-24;29.8;19.2;83.0;328.3
La Paila;2016-06-24;29.2;19.8;83.0;280.7
Bugalagrande;2016-06-25;32.0;19.5;79.0;417.2
La Paila;2016-06-25;30.4;19.9;80.0;405.4
Bugalagrande;2016-06-26;28.1;18.3;85.0;281.9
La Paila;2016-06-26;27.6;19.0;84.0;289.1
Bugalagrande;2016-06-27;32.4;16.0;76.0;469.0
La Paila;2016-06-27;32.3;17.2;77.0;466.3
Bugalagrande;2016-06-28;32.0;18.8;77.0;400.1
La Paila;2016-06-28;31.9;19.8;78.0;378.6
Bugalagrande;2016-06-29;33.0;18.8;78.0;417.8
La Paila;2016-06-29;30.8;19.3;77.0;376.4
Bugalagrande;2016-06-30;31.3;19.0;84.0;320.9
La Paila;2016-06-30;30.6;19.5;79.0;376.5
Bugalagrande;2016-07-01;30.2;18.8;84.0;332.3
La Paila;2016-07-01;30.1;20.5;83.0;62.3
Bugalagrande;2016-07-02;30.0;19.5;84.0;357.3
La Paila;2016-07-02;29.5;19.9;82.0;298.3
Bugalagrande;2016-07-03;29.7;19.2;85.0;284.1
La Paila;2016-07-03;29.0;20.0;82.0;336.6
Bugalagrande;2016-07-04;31.0;19.0;88.0;319.7
La Paila;2016-07-04;30.5;19.8;82.0;391.6
Bugalagrande;2016-07-05;29.1;18.6;83.0;341.1
La Paila;2016-07-05;29.4;19.0;81.0;350.4
Bugalagrande;2016-07-06;30.5;17.4;85.0;322.5
La Paila;2016-07-06;28.4;18.3;82.0;349.8
Bugalagrande;2016-07-07;33.8;18.1;78.0;463.9
La Paila;2016-07-07;32.4;18.6;76.0;467.1
Bugalagrande;2016-07-08;33.0;18.1;77.0;465.5
La Paila;2016-07-08;32.7;18.6;74.0;456.8
Bugalagrande;2016-07-09;32.6;16.0;75.0;479.9
La Paila;2016-07-09;32.6;17.2;71.0;494.1
Bugalagrande;2016-07-10;33.1;18.3;76.0;444.0
La Paila;2016-07-10;31.5;18.7;73.0;425.4
Bugalagrande;2016-07-11;32.0;18.6;77.0;414.5
La Paila;2016-07-11;30.9;19.4;75.0;387.7
Bugalagrande;2016-07-12;32.0;18.3;81.0;387.7
La Paila;2016-07-12;31.0;18.8;76.0;406.4
Bugalagrande;2016-07-13;31.4;18.8;82.0;290.8
La Paila;2016-07-13;29.8;19.8;78.0;326.3
Bugalagrande;2016-07-14;31.3;19.2;81.0;300.7
La Paila;2016-07-14;30.1;19.6;78.0;316.1
Bugalagrande;2016-07-15;29.5;17.8;87.0;273.5
La Paila;2016-07-15;28.7;18.8;79.0;338.9
Bugalagrande;2016-07-16;29.2;19.2;85.0;267.8
La Paila;2016-07-16;28.2;19.5;79.0;274.0
Bugalagrande;2016-07-17;32.7;19.5;84.0;340.7
La Paila;2016-07-17;31.6;19.6;80.0;414.2
Bugalagrande;2016-07-18;30.8;17.9;81.0;338.5
La Paila;2016-07-18;30.3;19.4;78.0;404.4
Bugalagrande;2016-07-19;33.1;18.1;77.0;389.0
La Paila;2016-07-19;31.4;19.8;73.0;466.3
Bugalagrande;2016-07-20;31.6;18.3;84.0;358.5
La Paila;2016-07-20;30.2;18.9;80.0;358.7
Bugalagrande;2016-07-21;31.3;17.4;80.0;314.5
La Paila;2016-07-21;30.6;18.2;76.0;421.9
Bugalagrande;2016-07-22;30.3;19.2;81.0;406.2
La Paila;2016-07-22;29.8;19.3;77.0;392.7
Bugalagrande;2016-07-23;29.7;18.8;81.0;305.5
La Paila;2016-07-23;29.3;19.0;76.0;409.2
Bugalagrande;2016-07-24;30.2;17.8;83.0;336.3
La Paila;2016-07-24;29.8;18.8;80.0;429.0
Bugalagrande;2016-07-25;31.3;18.6;83.0;363.4
La Paila;2016-07-25;29.4;19.4;83.0;376.8
Bugalagrande;2016-07-26;32.1;16.6;79.0;384.9
La Paila;2016-07-26;30.8;17.4;78.0;422.5
Bugalagrande;2016-07-27;31.3;18.5;79.0;274.2
La Paila;2016-07-27;30.7;19.0;77.0;404.2
Bugalagrande;2016-07-28;30.4;17.6;80.0;238.3
La Paila;2016-07-28;30.9;18.2;73.0;471.9
Bugalagrande;2016-07-29;31.5;16.9;79.0;343.1
La Paila;2016-07-29;30.5;17.9;74.0;334.3
Bugalagrande;2016-07-30;31.6;18.1;80.0;352.2
La Paila;2016-07-30;30.4;18.7;77.0;426.8
Bugalagrande;2016-07-31;32.6;18.8;79.0;375.2
La Paila;2016-07-31;31.4;19.9;73.0;442.6
Bugalagrande;2016-08-01;32.0;17.4;77.0;398.1
La Paila;2016-08-01;31.5;18.3;71.0;426.5
Bugalagrande;2016-08-02;29.9;18.1;81.0;175.1
La Paila;2016-08-02;30.6;19.5;74.0;355.8
Bugalagrande;2016-08-03;29.8;18.1;78.0;203.2
La Paila;2016-08-03;30.5;19.0;73.0;350.8
Bugalagrande;2016-08-04;31.3;18.6;84.0;223.1
La Paila;2016-08-04;31.6;19.6;76.0;356.6
Bugalagrande;2016-08-05;33.8;17.9;78.0;223.0
La Paila;2016-08-05;32.7;18.9;73.0;450.6
Bugalagrande;2016-08-06;34.2;18.3;75.0;297.7
La Paila;2016-08-06;33.3;19.1;69.0;476.1
Bugalagrande;2016-08-07;35.0;18.3;73.0;383.8
La Paila;2016-08-07;33.7;19.5;70.0;423.9
Bugalagrande;2016-08-08;32.4;18.8;74.0;272.3
La Paila;2016-08-08;31.6;19.5;70.0;396.5
Bugalagrande;2016-08-09;31.9;18.1;76.0;447.6
La Paila;2016-08-09;31.2;19.3;73.0;398.5
Bugalagrande;2016-08-10;32.0;19.3;76.0;310.1
La Paila;2016-08-10;32.2;20.6;71.0;437.8
Bugalagrande;2016-08-11;31.0;18.3;76.0;331.7
La Paila;2016-08-11;31.7;18.8;71.0;408.2
Bugalagrande;2016-08-12;34.1;16.7;73.0;454.0
La Paila;2016-08-12;32.2;17.5;68.0;445.8
Bugalagrande;2016-08-13;33.7;17.8;74.0;427.5
La Paila;2016-08-13;33.3;19.2;68.0;476.2
Bugalagrande;2016-08-14;33.8;18.1;75.0;438.3
La Paila;2016-08-14;34.3;18.6;68.0;462.4
Bugalagrande;2016-08-15;33.4;18.1;83.0;379.0
La Paila;2016-08-15;31.7;19.0;70.0;400.4
Bugalagrande;2016-08-16;32.0;19.0;77.0;459.8
La Paila;2016-08-16;33.8;19.7;67.0;454.5
Bugalagrande;2016-08-17;33.8;19.9;79.0;417.0
La Paila;2016-08-17;33.8;20.8;70.0;413.4
Bugalagrande;2016-08-18;33.1;19.5;78.0;425.4
La Paila;2016-08-18;32.4;20.7;75.0;394.4
Bugalagrande;2016-08-19;33.0;17.9;77.0;450.9
La Paila;2016-08-19;32.5;18.7;75.0;450.2
Bugalagrande;2016-08-20;32.5;17.4;76.0;446.4
La Paila;2016-08-20;32.9;17.8;71.0;489.0
Bugalagrande;2016-08-21;35.0;16.2;71.0;547.7
La Paila;2016-08-21;34.5;17.0;66.0;500.0
Bugalagrande;2016-08-22;33.8;17.6;71.0;426.5
La Paila;2016-08-22;32.9;18.2;64.0;382.2
Bugalagrande;2016-08-23;35.1;16.0;68.0;538.1
La Paila;2016-08-23;34.4;16.4;63.0;495.9
Bugalagrande;2016-08-24;33.2;16.7;72.0;426.4
La Paila;2016-08-24;32.5;18.0;65.0;481.0
Bugalagrande;2016-08-25;32.0;18.8;73.0;466.9
La Paila;2016-08-25;32.9;19.0;69.0;484.7
Bugalagrande;2016-08-26;29.8;18.1;79.0;363.0
La Paila;2016-08-26;29.6;18.5;80.0;393.0
Bugalagrande;2016-08-27;33.1;16.8;72.0;569.7
La Paila;2016-08-27;32.5;17.8;71.0;506.9
Bugalagrande;2016-08-28;32.7;17.6;76.0;516.7
La Paila;2016-08-28;32.8;18.4;71.0;474.7
Bugalagrande;2016-08-29;32.7;18.3;80.0;476.3
La Paila;2016-08-29;32.1;19.0;73.0;439.4
Bugalagrande;2016-08-30;30.4;19.0;84.0;339.8
La Paila;2016-08-30;29.2;19.2;79.0;304.3
Bugalagrande;2016-08-31;30.7;17.6;80.0;430.8
La Paila;2016-08-31;31.2;18.3;74.0;413.7
Bugalagrande;2016-09-01;30.0;18.6;83.0;372.3
La Paila;2016-09-01;29.0;19.6;77.0;393.6
Bugalagrande;2016-09-02;31.1;17.6;77.0;415.6
La Paila;2016-09-02;31.1;18.0;71.0;404.1
Bugalagrande;2016-09-03;33.9;17.0;74.0;532.4
La Paila;2016-09-03;32.7;17.4;69.0;514.6
Bugalagrande;2016-09-04;32.4;17.9;84.0;416.9
La Paila;2016-09-04;31.3;18.5;80.0;340.4
Bugalagrande;2016-09-05;31.5;18.1;79.0;397.5
La Paila;2016-09-05;30.9;19.1;76.0;506.6
Bugalagrande;2016-09-06;30.8;19.5;80.0;340.1
La Paila;2016-09-06;30.5;20.4;76.0;365.5
Bugalagrande;2016-09-07;28.0;18.1;89.0;238.5
La Paila;2016-09-07;27.5;18.8;86.0;315.9
Bugalagrande;2016-09-08;32.7;16.7;79.0;468.6
La Paila;2016-09-08;32.2;17.2;75.0;535.6
Bugalagrande;2016-09-09;33.4;18.8;79.0;464.8
La Paila;2016-09-09;33.0;19.5;76.0;464.1
Bugalagrande;2016-09-10;31.7;17.9;83.0;485.1
La Paila;2016-09-10;30.7;18.6;78.0;451.3
Bugalagrande;2016-09-11;28.2;18.8;86.0;293.6
La Paila;2016-09-11;29.4;19.3;82.0;337.0
Bugalagrande;2016-09-12;30.4;17.4;84.0;440.1
La Paila;2016-09-12;29.3;18.4;81.0;379.5
Bugalagrande;2016-09-13;30.8;18.8;81.0;453.5
La Paila;2016-09-13;29.3;19.5;80.0;382.2
Bugalagrande;2016-09-14;28.9;18.1;82.0;399.7
La Paila;2016-09-14;28.5;18.3;81.0;320.0
Bugalagrande;2016-09-15;31.7;18.1;81.0;421.1
La Paila;2016-09-15;30.0;18.1;80.0;492.7
Bugalagrande;2016-09-16;32.7;17.4;75.0;484.7
La Paila;2016-09-16;31.7;17.7;74.0;531.6
Bugalagrande;2016-09-17;33.0;17.6;79.0;491.3
La Paila;2016-09-17;32.1;18.4;74.0;485.5
Bugalagrande;2016-09-18;32.3;17.8;81.0;413.0
La Paila;2016-09-18;31.3;18.9;74.0;417.7
Bugalagrande;2016-09-19;32.7;17.3;79.0;478.5
La Paila;2016-09-19;32.5;18.3;73.0;462.4
Bugalagrande;2016-09-20;33.8;18.6;83.0;468.5
La Paila;2016-09-20;33.5;19.7;71.0;471.6
Bugalagrande;2016-09-21;30.8;18.6;79.0;311.2
La Paila;2016-09-21;30.5;19.4;74.0;332.5
Bugalagrande;2016-09-22;32.3;18.2;76.0;490.3
La Paila;2016-09-22;32.6;19.5;72.0;455.5
Bugalagrande;2016-09-23;34.6;17.4;75.0;535.2
La Paila;2016-09-23;33.0;18.8;70.0;508.3
Bugalagrande;2016-09-24;28.1;19.2;83.0;241.3
La Paila;2016-09-24;28.4;19.6;79.0;231.0
Bugalagrande;2016-09-25;32.7;18.6;79.0;490.9
La Paila;2016-09-25;31.7;18.8;74.0;460.4
Bugalagrande;2016-09-26;31.9;19.0;76.0;416.4
La Paila;2016-09-26;32.9;18.8;70.0;457.4
Bugalagrande;2016-09-27;32.9;19.0;74.0;471.2
La Paila;2016-09-27;32.9;19.0;71.0;496.2
Bugalagrande;2016-09-28;32.7;18.1;76.0;409.9
La Paila;2016-09-28;32.1;18.8;76.0;432.5
Bugalagrande;2016-09-29;31.5;19.0;82.0;388.3
La Paila;2016-09-29;31.5;19.5;82.0;351.1
Bugalagrande;2016-09-30;31.7;19.3;85.0;431.6
La Paila;2016-09-30;30.4;19.5;82.0;432.1
Bugalagrande;2016-10-01;27.7;18.6;90.0;253.0
La Paila;2016-10-01;26.6;19.7;86.0;252.0
Bugalagrande;2016-10-02;30.8;18.5;82.0;430.8
La Paila;2016-10-02;30.1;18.5;80.0;421.2
Bugalagrande;2016-10-03;32.4;19.1;77.0;470.7
La Paila;2016-10-03;31.9;19.9;75.0;459.4
Bugalagrande;2016-10-04;32.0;18.8;78.0;444.0
La Paila;2016-10-04;31.8;19.3;70.0;532.7
Bugalagrande;2016-10-05;31.4;18.5;80.0;402.0
La Paila;2016-10-05;30.2;19.3;76.0;365.2
Bugalagrande;2016-10-06;31.0;18.0;87.0;314.5
La Paila;2016-10-06;31.2;18.1;82.0;355.1
Bugalagrande;2016-10-07;28.5;19.0;83.0;330.5
La Paila;2016-10-07;26.9;19.3;81.0;268.7
Bugalagrande;2016-10-08;31.3;19.2;79.0;460.4
La Paila;2016-10-08;31.3;19.4;82.0;386.9
Bugalagrande;2016-10-09;28.5;18.9;89.0;344.6
La Paila;2016-10-09;27.9;19.3;84.0;264.8
Bugalagrande;2016-10-10;30.8;18.5;85.0;370.6
La Paila;2016-10-10;30.4;19.7;84.0;311.3
Bugalagrande;2016-10-11;30.4;18.8;91.0;258.8
La Paila;2016-10-11;29.1;20.3;89.0;215.9
Bugalagrande;2016-10-12;29.1;18.3;87.0;294.9
La Paila;2016-10-12;29.0;19.6;85.0;276.1
Bugalagrande;2016-10-13;32.7;17.6;81.0;478.2
La Paila;2016-10-13;31.4;18.7;63.0;413.7
Bugalagrande;2016-10-14;29.8;18.8;85.0;310.8
La Paila;2016-10-14;29.6;19.7;71.0;326.2
Bugalagrande;2016-10-15;31.2;17.4;84.0;356.1
La Paila;2016-10-15;30.0;18.3;76.0;334.8
Bugalagrande;2016-10-16;31.1;17.4;78.0;461.1
La Paila;2016-10-16;30.4;17.4;62.0;453.8
Bugalagrande;2016-10-17;29.5;19.0;80.0;328.8
La Paila;2016-10-17;29.2;19.4;68.0;315.4
Bugalagrande;2016-10-18;24.9;17.6;91.0;179.6
La Paila;2016-10-18;25.3;18.6;83.0;106.4
Bugalagrande;2016-10-19;31.7;15.5;79.0;515.4
La Paila;2016-10-19;31.2;17.5;79.0;460.8
Bugalagrande;2016-10-20;32.2;17.7;78.0;438.5
La Paila;2016-10-20;31.6;18.6;77.0;372.8
Bugalagrande;2016-10-21;33.4;18.1;79.0;472.1
La Paila;2016-10-21;32.1;19.6;76.0;417.4
Bugalagrande;2016-10-22;27.5;18.6;87.0;277.7
La Paila;2016-10-22;30.1;19.1;83.0;331.4
Bugalagrande;2016-10-23;31.0;19.4;82.0;474.4
La Paila;2016-10-23;30.1;19.8;80.0;396.0
Bugalagrande;2016-10-24;31.4;18.5;78.0;476.3
La Paila;2016-10-24;31.5;19.6;74.0;483.3
Bugalagrande;2016-10-25;23.2;18.1;93.0;153.9
La Paila;2016-10-25;23.3;18.7;90.0;149.0
Bugalagrande;2016-10-26;29.6;17.8;84.0;398.1
La Paila;2016-10-26;29.7;18.0;82.0;404.1
Bugalagrande;2016-10-27;32.7;16.7;78.0;500.7
La Paila;2016-10-27;32.1;18.0;77.0;414.0
Bugalagrande;2016-10-28;32.4;19.0;78.0;487.9
La Paila;2016-10-28;32.1;19.0;75.0;471.2
Bugalagrande;2016-10-29;30.1;17.6;86.0;398.4
La Paila;2016-10-29;30.1;18.5;85.0;359.7
Bugalagrande;2016-10-30;31.2;16.9;79.0;417.7
La Paila;2016-10-30;29.9;17.8;78.0;372.7
Bugalagrande;2016-10-31;30.5;18.1;86.0;336.1
La Paila;2016-10-31;29.1;19.1;83.0;275.9
Bugalagrande;2016-11-01;31.1;17.2;84.0;473.2
La Paila;2016-11-01;31.5;17.8;81.0;435.5
Bugalagrande;2016-11-02;30.8;18.1;85.0;363.0
La Paila;2016-11-02;28.7;19.1;84.0;300.1
Bugalagrande;2016-11-03;31.4;18.1;80.0;497.9
La Paila;2016-11-03;31.0;19.2;78.0;469.9
Bugalagrande;2016-11-04;27.9;19.2;92.0;256.3
La Paila;2016-11-04;26.0;20.0;89.0;188.5
Bugalagrande;2016-11-05;31.3;18.1;84.0;406.2
La Paila;2016-11-05;30.4;19.2;82.0;326.4
Bugalagrande;2016-11-06;30.5;19.5;82.0;326.4
La Paila;2016-11-06;29.2;20.2;81.0;294.3
Bugalagrande;2016-11-07;31.3;18.8;83.0;402.6
La Paila;2016-11-07;31.3;19.8;84.0;346.7
Bugalagrande;2016-11-08;30.5;18.8;85.0;411.3
La Paila;2016-11-08;29.8;18.6;83.0;364.5
Bugalagrande;2016-11-09;32.0;18.4;79.0;478.6
La Paila;2016-11-09;31.7;19.8;78.0;399.1
Bugalagrande;2016-11-10;29.7;19.2;88.0;273.4
La Paila;2016-11-10;30.1;20.2;86.0;241.9
Bugalagrande;2016-11-11;21.8;18.0;98.0;109.2
La Paila;2016-11-11;21.6;17.9;98.0;111.0
Bugalagrande;2016-11-12;29.9;18.5;82.0;433.5
La Paila;2016-11-12;29.6;19.0;82.0;383.9
Bugalagrande;2016-11-13;32.0;19.2;81.0;447.5
La Paila;2016-11-13;30.7;19.2;82.0;378.3
Bugalagrande;2016-11-14;22.1;18.2;95.0;120.6
La Paila;2016-11-14;22.9;18.5;92.0;111.2
Bugalagrande;2016-11-15;30.3;17.4;86.0;397.6
La Paila;2016-11-15;28.4;18.0;85.0;328.8
Bugalagrande;2016-11-16;30.1;17.4;85.0;307.2
La Paila;2016-11-16;29.4;17.5;83.0;327.8
Bugalagrande;2016-11-17;29.9;17.8;83.0;474.0
La Paila;2016-11-17;29.5;18.0;82.0;404.2
Bugalagrande;2016-11-18;28.6;19.2;89.0;344.8
La Paila;2016-11-18;29.4;19.8;86.0;357.1
Bugalagrande;2016-11-19;27.9;19.2;92.0;277.1
La Paila;2016-11-19;27.3;19.4;90.0;264.6
Bugalagrande;2016-11-20;29.3;17.1;81.0;354.1
La Paila;2016-11-20;29.4;18.0;80.0;359.0
Bugalagrande;2016-11-21;31.0;13.8;74.0;508.6
La Paila;2016-11-21;30.4;15.1;73.0;474.4
Bugalagrande;2016-11-22;31.0;11.5;73.0;504.6
La Paila;2016-11-22;30.5;13.0;73.0;473.0
Bugalagrande;2016-11-23;30.1;14.0;78.0;459.8
La Paila;2016-11-23;30.0;15.2;76.0;432.0
Bugalagrande;2016-11-24;31.5;16.6;83.0;380.2
La Paila;2016-11-24;32.0;18.0;82.0;342.8
Bugalagrande;2016-11-25;30.0;19.0;85.0;274.2
La Paila;2016-11-25;30.0;19.9;86.0;284.2
Bugalagrande;2016-11-26;30.1;19.5;84.0;323.7
La Paila;2016-11-26;30.4;20.1;81.0;313.5
Bugalagrande;2016-11-27;29.9;20.3;81.0;331.0
La Paila;2016-11-27;30.3;20.5;82.0;319.2
Bugalagrande;2016-11-28;31.3;20.0;80.0;434.2
La Paila;2016-11-28;32.1;20.0;79.0;406.5
Bugalagrande;2016-11-29;30.4;20.0;83.0;302.6
La Paila;2016-11-29;29.5;20.2;81.0;269.4
Bugalagrande;2016-11-30;31.3;19.7;84.0;352.9
La Paila;2016-11-30;31.5;20.5;80.0;305.3
Bugalagrande;2016-12-01;28.6;19.9;88.0;207.6
La Paila;2016-12-01;28.4;20.5;88.0;174.3
Bugalagrande;2016-12-02;27.6;20.0;88.0;208.3
La Paila;2016-12-02;28.3;20.3;84.0;229.0
Bugalagrande;2016-12-03;25.8;19.0;93.0;186.7
La Paila;2016-12-03;26.6;19.8;90.0;167.9
Bugalagrande;2016-12-04;30.1;18.5;89.0;337.4
La Paila;2016-12-04;30.4;18.9;86.0;327.2
Bugalagrande;2016-12-05;28.6;18.1;90.0;324.2
La Paila;2016-12-05;28.6;18.0;87.0;317.9
Bugalagrande;2016-12-06;30.6;16.7;84.0;389.1
La Paila;2016-12-06;31.1;17.1;81.0;378.9
Bugalagrande;2016-12-07;30.0;17.8;84.0;264.3
La Paila;2016-12-07;29.6;19.8;83.0;261.3
Bugalagrande;2016-12-08;31.3;17.6;88.0;367.2
La Paila;2016-12-08;30.9;18.6;85.0;332.5
Bugalagrande;2016-12-09;29.4;18.4;84.0;387.3
La Paila;2016-12-09;29.4;18.6;81.0;436.1
Bugalagrande;2016-12-10;31.0;18.2;81.0;432.8
La Paila;2016-12-10;30.1;18.6;81.0;379.4
Bugalagrande;2016-12-11;31.1;18.3;79.0;426.1
La Paila;2016-12-11;31.1;18.6;78.0;396.4
Bugalagrande;2016-12-12;31.3;17.9;80.0;372.9
La Paila;2016-12-12;31.1;18.2;77.0;341.5
Bugalagrande;2016-12-13;30.5;17.4;83.0;362.6
La Paila;2016-12-13;31.8;18.5;83.0;331.6
Bugalagrande;2016-12-14;31.7;18.1;79.0;445.3
La Paila;2016-12-14;30.5;18.6;81.0;371.0
Bugalagrande;2016-12-15;30.9;18.3;84.0;380.6
La Paila;2016-12-15;30.9;18.6;82.0;305.2
Bugalagrande;2016-12-16;31.5;19.1;81.0;411.1
La Paila;2016-12-16;31.4;19.5;79.0;402.7
Bugalagrande;2016-12-17;29.5;18.1;83.0;400.2
La Paila;2016-12-17;28.7;18.6;83.0;386.5
Bugalagrande;2016-12-18;30.6;17.6;81.0;340.4
La Paila;2016-12-18;30.9;17.8;80.0;370.8
Bugalagrande;2016-12-19;32.1;17.8;81.0;391.7
La Paila;2016-12-19;30.8;18.6;79.0;328.1
Bugalagrande;2016-12-20;28.6;18.8;89.0;211.3
La Paila;2016-12-20;27.3;18.6;88.0;193.7
Bugalagrande;2016-12-21;24.6;17.9;96.0;148.8
La Paila;2016-12-21;23.4;18.6;95.0;122.7
Bugalagrande;2016-12-22;29.7;17.5;85.0;432.5
La Paila;2016-12-22;28.9;18.0;84.0;386.8
Bugalagrande;2016-12-23;30.9;16.4;80.0;486.3
La Paila;2016-12-23;30.4;17.4;80.0;421.1
Bugalagrande;2016-12-24;30.6;18.6;81.0;377.4
La Paila;2016-12-24;29.5;19.4;81.0;291.6
Bugalagrande;2016-12-25;30.8;19.7;82.0;371.4
La Paila;2016-12-25;30.2;19.8;80.0;349.0
Bugalagrande;2016-12-26;31.6;19.0;89.0;368.8
La Paila;2016-12-26;30.4;19.8;86.0;329.5
Bugalagrande;2016-12-27;31.3;19.0;86.0;381.9
La Paila;2016-12-27;30.4;19.8;84.0;345.4
Bugalagrande;2016-12-28;31.8;19.0;83.0;372.0
La Paila;2016-12-28;31.1;19.1;81.0;380.3
Bugalagrande;2016-12-29;28.6;19.0;88.0;204.7
La Paila;2016-12-29;27.4;19.9;83.0;173.2
Bugalagrande;2016-12-30;31.5;18.8;83.0;366.5
La Paila;2016-12-30;31.1;19.8;81.0;330.7
Bugalagrande;2016-12-31;29.3;18.3;86.0;301.3
La Paila;2016-12-31;28.6;19.8;85.0;294.7
Bugalagrande;2017-01-01;32.2;19.0;86.0;375.7
La Paila;2017-01-01;31.6;19.9;81.0;365.8
Bugalagrande;2017-01-02;32.4;19.0;81.0;390.2
La Paila;2017-01-02;32.1;18.8;78.0;411.6
Bugalagrande;2017-01-03;32.4;18.3;79.0;439.4
La Paila;2017-01-03;32.7;17.8;77.0;403.0
Bugalagrande;2017-01-04;25.8;18.6;90.0;191.5
La Paila;2017-01-04;26.0;18.7;88.0;198.3
Bugalagrande;2017-01-05;27.2;17.1;88.0;238.8
La Paila;2017-01-05;27.3;17.7;88.0;246.2
Bugalagrande;2017-01-06;31.2;17.4;82.0;389.2
La Paila;2017-01-06;30.8;17.6;79.0;379.2
Bugalagrande;2017-01-07;32.2;17.3;78.0;405.8
La Paila;2017-01-07;32.1;17.8;77.0;403.9
Bugalagrande;2017-01-08;24.8;19.0;93.0;149.0
La Paila;2017-01-08;25.3;19.3;89.0;159.0
Bugalagrande;2017-01-09;28.4;17.1;86.0;270.3
La Paila;2017-01-09;28.9;16.9;81.0;304.9
Bugalagrande;2017-01-10;29.6;19.0;88.0;324.6
La Paila;2017-01-10;28.9;19.5;85.0;270.3
Bugalagrande;2017-01-11;29.8;18.6;86.0;337.8
La Paila;2017-01-11;28.4;18.6;83.0;288.7
Bugalagrande;2017-01-12;31.8;19.5;79.0;377.7
La Paila;2017-01-12;31.1;19.3;77.0;367.8
Bugalagrande;2017-01-13;31.1;19.9;80.0;397.7
La Paila;2017-01-13;31.1;19.9;78.0;382.4
Bugalagrande;2017-01-14;29.3;18.6;86.0;239.8
La Paila;2017-01-14;28.6;18.6;83.0;218.6
Bugalagrande;2017-01-15;29.2;17.1;78.0;340.7
La Paila;2017-01-15;29.4;17.2;77.0;322.8
Bugalagrande;2017-01-16;30.5;19.2;80.0;411.9
La Paila;2017-01-16;30.4;19.8;79.0;322.4
Bugalagrande;2017-01-17;31.2;19.5;79.0;381.1
La Paila;2017-01-17;30.9;19.3;76.0;380.5
Bugalagrande;2017-01-18;28.6;19.0;89.0;254.4
La Paila;2017-01-18;28.0;19.8;85.0;199.6
Bugalagrande;2017-01-19;31.1;19.0;85.0;449.0
La Paila;2017-01-19;30.1;18.1;83.0;318.6
Bugalagrande;2017-01-20;31.1;18.9;83.0;396.7
La Paila;2017-01-20;31.1;19.3;83.0;334.5
Bugalagrande;2017-01-21;29.2;17.1;84.0;341.1
La Paila;2017-01-21;28.7;17.5;80.0;342.0
Bugalagrande;2017-01-22;31.3;14.5;77.0;481.2
La Paila;2017-01-22;30.6;15.3;77.0;393.3
Bugalagrande;2017-01-23;32.0;11.9;73.0;478.3
La Paila;2017-01-23;31.9;13.6;72.0;466.0
Bugalagrande;2017-01-24;31.3;13.8;74.0;422.1
La Paila;2017-01-24;30.8;14.3;72.0;441.0
Bugalagrande;2017-01-25;31.8;15.2;77.0;436.9
La Paila;2017-01-25;31.5;16.0;74.0;429.6
Bugalagrande;2017-01-26;30.0;16.9;79.0;277.5
La Paila;2017-01-26;30.4;17.5;75.0;304.4
Bugalagrande;2017-01-27;31.0;19.0;77.0;344.9
La Paila;2017-01-27;30.4;19.2;75.0;349.5
Bugalagrande;2017-01-28;28.6;18.3;81.0;229.5
La Paila;2017-01-28;30.1;19.3;78.0;308.0
Bugalagrande;2017-01-29;30.9;17.1;78.0;308.1
La Paila;2017-01-29;32.5;18.2;74.0;376.4
Bugalagrande;2017-01-30;31.4;18.3;85.0;361.0
La Paila;2017-01-30;31.1;19.7;81.0;327.7
Bugalagrande;2017-01-31;30.7;18.1;85.0;383.4
La Paila;2017-01-31;30.4;18.6;81.0;327.3
Bugalagrande;2017-02-01;32.5;18.3;79.0;441.3
La Paila;2017-02-01;32.1;18.7;76.0;343.1
Bugalagrande;2017-02-02;32.4;17.6;76.0;477.7
La Paila;2017-02-02;32.5;18.1;77.0;448.9
Bugalagrande;2017-02-03;32.3;17.7;75.0;494.1
La Paila;2017-02-03;31.5;18.6;74.0;389.2
Bugalagrande;2017-02-04;32.9;19.0;75.0;419.5
La Paila;2017-02-04;32.8;18.7;75.0;358.0
Bugalagrande;2017-02-05;34.7;17.8;75.0;493.0
La Paila;2017-02-05;34.4;18.5;72.0;445.0
Bugalagrande;2017-02-06;33.2;16.7;73.0;500.6
La Paila;2017-02-06;34.2;17.8;70.0;445.4
Bugalagrande;2017-02-07;33.6;17.2;73.0;511.5
La Paila;2017-02-07;33.7;18.1;71.0;463.7
Bugalagrande;2017-02-08;34.3;17.1;73.0;459.9
La Paila;2017-02-08;34.2;18.7;69.0;439.9
Bugalagrande;2017-02-09;31.9;19.0;74.0;386.4
La Paila;2017-02-09;32.7;19.9;76.0;326.7
Bugalagrande;2017-02-10;31.2;19.7;79.0;345.5
La Paila;2017-02-10;30.8;19.8;83.0;285.8
Bugalagrande;2017-02-11;32.1;18.9;76.0;443.7
La Paila;2017-02-11;30.8;19.3;78.0;384.0
Bugalagrande;2017-02-12;31.3;19.6;83.0;424.6
La Paila;2017-02-12;30.4;19.8;80.0;326.2
Bugalagrande;2017-02-13;31.8;18.1;75.0;446.5
La Paila;2017-02-13;32.1;16.9;74.0;422.0
Bugalagrande;2017-02-14;33.0;14.4;71.0;528.5
La Paila;2017-02-14;33.0;15.9;71.0;502.0
Bugalagrande;2017-02-15;33.0;14.5;71.0;486.5
La Paila;2017-02-15;33.2;15.2;69.0;468.8
Bugalagrande;2017-02-16;32.5;14.8;71.0;511.9
La Paila;2017-02-16;32.1;15.9;69.0;472.1
Bugalagrande;2017-02-17;31.7;15.3;74.0;399.3
La Paila;2017-02-17;31.3;15.9;72.0;383.2
Bugalagrande;2017-02-18;32.5;15.1;72.0;521.6
La Paila;2017-02-18;32.8;15.9;71.0;466.9
Bugalagrande;2017-02-19;33.0;17.4;70.0;504.9
La Paila;2017-02-19;32.8;17.8;70.0;460.0
Bugalagrande;2017-02-20;33.3;18.2;82.0;389.0
La Paila;2017-02-20;32.2;18.5;79.0;383.4
Bugalagrande;2017-02-21;32.4;18.3;72.0;510.3
La Paila;2017-02-21;32.1;18.1;70.0;483.0
Bugalagrande;2017-02-22;25.3;16.4;81.0;179.9
La Paila;2017-02-22;26.0;17.5;77.0;168.5
Bugalagrande;2017-02-23;32.4;14.0;72.0;466.0
La Paila;2017-02-23;31.6;15.3;72.0;448.8
Bugalagrande;2017-02-24;31.3;15.9;71.0;352.8
La Paila;2017-02-24;31.8;15.8;70.0;390.3
Bugalagrande;2017-02-25;30.4;17.8;80.0;303.9
La Paila;2017-02-25;30.6;18.0;80.0;279.8
Bugalagrande;2017-02-26;31.3;18.1;81.0;446.4
La Paila;2017-02-26;30.4;18.1;82.0;393.2
Bugalagrande;2017-02-27;32.0;18.3;75.0;377.6
La Paila;2017-02-27;30.4;18.1;83.0;345.0
Bugalagrande;2017-02-28;31.3;18.8;81.0;393.3
La Paila;2017-02-28;30.1;19.1;82.0;319.9
Bugalagrande;2017-03-01;30.6;18.1;83.0;427.3
La Paila;2017-03-01;30.1;17.9;84.0;404.3
Bugalagrande;2017-03-02;31.8;17.5;76.0;463.9
La Paila;2017-03-02;31.5;17.6;80.0;411.8
Bugalagrande;2017-03-03;31.3;18.3;74.0;430.5
La Paila;2017-03-03;30.5;18.4;76.0;414.3
Bugalagrande;2017-03-04;33.6;17.7;71.0;525.0
La Paila;2017-03-04;33.6;17.8;77.0;514.2
Bugalagrande;2017-03-05;30.0;18.4;78.0;288.2
La Paila;2017-03-05;29.4;19.0;81.0;278.2
Bugalagrande;2017-03-06;32.9;19.2;78.0;480.8
La Paila;2017-03-06;32.1;19.8;81.0;460.6
Bugalagrande;2017-03-07;29.5;19.3;83.0;309.6
La Paila;2017-03-07;29.1;19.1;82.0;289.6
Bugalagrande;2017-03-08;25.7;18.6;92.0;182.0
La Paila;2017-03-08;26.6;18.6;90.0;218.1
Bugalagrande;2017-03-09;31.3;18.8;82.0;449.0
La Paila;2017-03-09;31.4;19.2;80.0;501.2
Bugalagrande;2017-03-10;28.5;18.8;86.0;341.9
La Paila;2017-03-10;26.0;19.8;87.0;227.4
Bugalagrande;2017-03-11;31.5;18.8;88.0;384.6
La Paila;2017-03-11;30.1;19.1;85.0;376.7
Bugalagrande;2017-03-12;25.6;18.3;91.0;245.3
La Paila;2017-03-12;25.3;18.6;90.0;212.6
Bugalagrande;2017-03-13;32.0;18.2;84.0;498.6
La Paila;2017-03-13;31.4;18.6;83.0;463.0
Bugalagrande;2017-03-14;29.3;18.8;89.0;301.8
La Paila;2017-03-14;28.1;19.3;90.0;255.7
Bugalagrande;2017-03-15;28.6;18.1;85.0;337.7
La Paila;2017-03-15;27.9;18.1;85.0;378.4
Bugalagrande;2017-03-16;31.8;18.8;78.0;520.0
La Paila;2017-03-16;31.5;19.8;78.0;480.6
Bugalagrande;2017-03-17;30.1;19.6;78.0;450.8
La Paila;2017-03-17;28.7;19.5;79.0;324.6
Bugalagrande;2017-03-18;31.3;18.3;75.0;403.3
La Paila;2017-03-18;30.8;18.5;74.0;420.7
Bugalagrande;2017-03-19;30.0;19.2;84.0;366.4
La Paila;2017-03-19;28.0;19.8;86.0;383.5
Bugalagrande;2017-03-20;31.8;19.0;81.0;414.1
La Paila;2017-03-20;30.9;19.8;83.0;354.8
Bugalagrande;2017-03-21;31.4;18.2;77.0;524.5
La Paila;2017-03-21;31.5;19.8;78.0;428.2
Bugalagrande;2017-03-22;31.5;18.2;85.0;334.9
La Paila;2017-03-22;30.1;18.6;84.0;273.0
Bugalagrande;2017-03-23;30.2;18.3;86.0;412.5
La Paila;2017-03-23;29.5;19.2;86.0;374.6
Bugalagrande;2017-03-24;27.2;18.8;87.0;264.3
La Paila;2017-03-24;29.1;18.6;86.0;321.7
Bugalagrande;2017-03-25;32.2;17.9;83.0;423.7
La Paila;2017-03-25;30.3;18.7;80.0;415.3
Bugalagrande;2017-03-26;27.8;18.8;94.0;243.8
La Paila;2017-03-26;26.7;18.6;94.0;177.1
Bugalagrande;2017-03-27;31.1;18.6;82.0;385.5
La Paila;2017-03-27;29.4;18.5;84.0;357.8
Bugalagrande;2017-03-28;33.2;18.8;82.0;432.5
La Paila;2017-03-28;31.3;18.6;82.0;362.9
Bugalagrande;2017-03-29;30.7;18.6;89.0;352.2
La Paila;2017-03-29;29.4;18.6;85.0;317.6
Bugalagrande;2017-03-30;30.1;19.5;90.0;350.8
La Paila;2017-03-30;29.4;19.8;87.0;369.1
Bugalagrande;2017-03-31;28.2;18.8;88.0;380.8
La Paila;2017-03-31;27.3;19.3;86.0;380.8
Bugalagrande;2017-04-01;32.3;18.8;83.0;410.0
La Paila;2017-04-01;30.6;19.9;82.0;365.2
Bugalagrande;2017-04-02;33.4;19.5;77.0;506.7
La Paila;2017-04-02;32.8;19.8;77.0;464.4
Bugalagrande;2017-04-03;33.8;19.9;74.0;538.4
La Paila;2017-04-03;33.6;19.7;74.0;494.3
Bugalagrande;2017-04-04;33.2;18.6;74.0;501.5
La Paila;2017-04-04;32.7;19.3;75.0;483.4
Bugalagrande;2017-04-05;32.9;17.9;75.0;483.1
La Paila;2017-04-05;33.2;18.7;75.0;450.5
Bugalagrande;2017-04-06;33.9;17.8;75.0;501.6
La Paila;2017-04-06;33.2;18.7;74.0;433.8
Bugalagrande;2017-04-07;32.6;18.3;74.0;438.2
La Paila;2017-04-07;32.1;19.2;75.0;376.7
Bugalagrande;2017-04-08;31.6;19.7;81.0;324.5
La Paila;2017-04-08;30.1;20.5;78.0;313.1
Bugalagrande;2017-04-09;29.7;18.9;93.0;266.9
La Paila;2017-04-09;28.0;19.8;89.0;293.9
Bugalagrande;2017-04-10;31.9;18.8;81.0;453.5
La Paila;2017-04-10;31.2;19.4;80.0;452.1
Bugalagrande;2017-04-11;30.0;18.8;83.0;324.5
La Paila;2017-04-11;29.4;19.9;84.0;374.4
Bugalagrande;2017-04-12;28.6;19.5;87.0;290.4
La Paila;2017-04-12;27.5;19.8;86.0;361.7
Bugalagrande;2017-04-13;33.1;20.2;79.0;430.9
La Paila;2017-04-13;32.7;20.0;81.0;457.2
Bugalagrande;2017-04-14;27.1;18.4;90.0;280.4
La Paila;2017-04-14;26.0;19.3;90.0;256.6
Bugalagrande;2017-04-15;31.3;18.6;82.0;415.7
La Paila;2017-04-15;31.5;18.5;81.0;466.9
Bugalagrande;2017-04-16;32.6;20.1;80.0;335.3
La Paila;2017-04-16;32.1;20.2;80.0;363.4
Bugalagrande;2017-04-17;28.0;19.9;92.0;208.9
La Paila;2017-04-17;27.8;20.5;88.0;257.3
Bugalagrande;2017-04-18;30.7;20.0;83.0;431.2
La Paila;2017-04-18;30.9;19.8;81.0;457.1
Bugalagrande;2017-04-19;29.3;18.8;86.0;330.7
La Paila;2017-04-19;29.0;19.2;85.0;426.4
Bugalagrande;2017-04-20;27.1;19.0;92.0;235.1
La Paila;2017-04-20;26.3;19.5;91.0;260.9
Bugalagrande;2017-04-21;30.1;18.3;84.0;332.5
La Paila;2017-04-21;28.7;18.6;84.0;425.5
Bugalagrande;2017-04-22;33.2;17.3;77.0;511.0
La Paila;2017-04-22;33.5;17.6;77.0;596.7
Bugalagrande;2017-04-23;33.3;19.5;77.0;470.8
La Paila;2017-04-23;32.8;19.9;77.0;536.1
Bugalagrande;2017-04-24;29.3;20.1;83.0;245.8
La Paila;2017-04-24;29.4;19.9;84.0;302.3
Bugalagrande;2017-04-25;29.3;20.0;86.0;255.1
La Paila;2017-04-25;30.0;20.2;84.0;425.0
Bugalagrande;2017-04-26;29.3;18.3;88.0;268.3
La Paila;2017-04-26;27.4;18.6;87.0;297.5
Bugalagrande;2017-04-27;31.9;15.5;79.0;499.0
La Paila;2017-04-27;32.1;16.6;79.0;553.7
Bugalagrande;2017-04-28;31.9;17.6;80.0;354.8
La Paila;2017-04-28;32.1;18.0;78.0;490.2
Bugalagrande;2017-04-29;31.4;19.0;80.0;326.8
La Paila;2017-04-29;31.3;19.2;81.0;435.3
Bugalagrande;2017-04-30;28.5;18.6;92.0;236.7
La Paila;2017-04-30;27.0;19.3;90.0;270.6
Bugalagrande;2017-05-01;29.9;18.3;86.0;347.5
La Paila;2017-05-01;30.1;18.6;85.0;435.1
Bugalagrande;2017-05-02;31.0;19.1;87.0;409.0
La Paila;2017-05-02;31.0;19.5;84.0;481.6
Bugalagrande;2017-05-03;29.1;18.6;89.0;308.2
La Paila;2017-05-03;28.8;18.5;87.0;372.6
Bugalagrande;2017-05-04;31.3;17.9;87.0;356.0
La Paila;2017-05-04;31.1;18.6;89.0;413.6
Bugalagrande;2017-05-05;29.5;17.8;87.0;263.4
La Paila;2017-05-05;29.1;18.5;86.0;378.7
Bugalagrande;2017-05-06;27.9;19.7;90.0;278.4
La Paila;2017-05-06;27.8;19.8;88.0;347.8
Bugalagrande;2017-05-07;29.2;19.0;89.0;328.3
La Paila;2017-05-07;29.6;19.2;87.0;397.4
Bugalagrande;2017-05-08;29.6;20.0;93.0;297.5
La Paila;2017-05-08;28.7;19.8;92.0;321.7
Bugalagrande;2017-05-09;30.0;19.5;87.0;330.0
La Paila;2017-05-09;27.4;20.0;87.0;329.3
Bugalagrande;2017-05-10;29.3;19.2;91.0;314.6
La Paila;2017-05-10;29.9;19.3;90.0;357.4
Bugalagrande;2017-05-11;30.4;19.0;85.0;407.0
La Paila;2017-05-11;29.5;19.3;86.0;446.1
Bugalagrande;2017-05-12;29.6;19.0;86.0;389.1
La Paila;2017-05-12;31.5;19.0;85.0;467.1
Bugalagrande;2017-05-13;29.8;19.2;83.0;451.8
La Paila;2017-05-13;30.4;19.3;80.0;513.3
Bugalagrande;2017-05-14;29.2;19.0;86.0;385.0
La Paila;2017-05-14;29.9;18.6;84.0;418.8
Bugalagrande;2017-05-15;31.1;20.0;81.0;426.2
La Paila;2017-05-15;31.5;20.2;84.0;516.3
Bugalagrande;2017-05-16;31.0;18.6;85.0;391.8
La Paila;2017-05-16;28.5;18.7;86.0;363.6
Bugalagrande;2017-05-17;31.0;17.8;83.0;376.1
La Paila;2017-05-17;30.9;17.8;85.0;461.9
Bugalagrande;2017-05-18;30.1;19.5;85.0;416.4
La Paila;2017-05-18;32.1;19.8;84.0;467.2
Bugalagrande;2017-05-19;32.2;17.6;81.0;463.0
La Paila;2017-05-19;33.3;18.9;72.0;528.8
Bugalagrande;2017-05-20;29.2;19.9;85.0;293.5
La Paila;2017-05-20;30.0;19.4;87.0;275.0
Bugalagrande;2017-05-21;31.0;20.0;84.0;390.8
La Paila;2017-05-21;30.2;20.1;83.0;407.6
Bugalagrande;2017-05-22;25.8;19.0;94.0;140.7
La Paila;2017-05-22;25.6;19.3;91.0;155.8
Bugalagrande;2017-05-23;31.9;17.1;79.0;484.3
La Paila;2017-05-23;32.4;20.1;72.0;244.9
Bugalagrande;2017-05-24;33.2;18.2;78.0;449.2
La Paila;2017-05-24;33.6;19.0;77.0;531.8
Bugalagrande;2017-05-25;32.3;18.5;79.0;348.8
La Paila;2017-05-25;32.1;19.2;79.0;469.5
Bugalagrande;2017-05-26;32.5;17.4;76.0;439.2
La Paila;2017-05-26;32.4;18.1;76.0;498.2
Bugalagrande;2017-05-27;31.9;19.0;78.0;390.5
La Paila;2017-05-27;32.4;19.2;78.0;405.0
Bugalagrande;2017-05-28;33.0;18.0;77.0;444.3
La Paila;2017-05-28;32.4;18.1;76.0;476.3
Bugalagrande;2017-05-29;31.0;19.0;78.0;330.9
La Paila;2017-05-29;31.7;19.3;78.0;347.5
Bugalagrande;2017-05-30;31.8;18.3;77.0;441.0
La Paila;2017-05-30;32.4;19.1;78.0;463.3
Bugalagrande;2017-05-31;28.8;19.0;82.0;240.2
La Paila;2017-05-31;28.7;20.0;82.0;263.1
Bugalagrande;2017-06-01;32.4;18.8;76.0;455.1
La Paila;2017-06-01;32.4;18.5;77.0;443.4
Bugalagrande;2017-06-02;34.2;19.9;76.0;433.6
La Paila;2017-06-02;33.4;20.6;75.0;509.3
Bugalagrande;2017-06-03;33.4;18.2;79.0;402.7
La Paila;2017-06-03;33.4;19.3;75.0;490.1
Bugalagrande;2017-06-04;30.8;20.0;80.0;260.8
La Paila;2017-06-04;30.3;20.5;78.0;286.0
Bugalagrande;2017-06-05;34.1;19.7;76.0;455.4
La Paila;2017-06-05;34.5;20.0;74.0;507.7
Bugalagrande;2017-06-06;33.6;17.1;77.0;397.3
La Paila;2017-06-06;33.5;18.5;73.0;458.7
Bugalagrande;2017-06-07;27.2;18.8;93.0;193.7
La Paila;2017-06-07;26.0;19.2;91.0;187.5
Bugalagrande;2017-06-08;28.6;18.5;89.0;297.1
La Paila;2017-06-08;27.7;18.6;86.0;295.0
Bugalagrande;2017-06-09;29.2;20.1;87.0;294.6
La Paila;2017-06-09;31.1;20.3;85.0;366.5
Bugalagrande;2017-06-10;33.3;19.0;80.0;405.9
La Paila;2017-06-10;32.4;20.0;77.0;447.6
Bugalagrande;2017-06-11;29.9;18.6;87.0;363.0
La Paila;2017-06-11;29.7;18.0;83.0;396.2
Bugalagrande;2017-06-12;28.6;17.5;88.0;296.0
La Paila;2017-06-12;27.9;17.9;86.0;324.5
Bugalagrande;2017-06-13;28.6;19.3;89.0;238.6
La Paila;2017-06-13;28.0;19.9;87.0;289.6
Bugalagrande;2017-06-14;30.8;19.0;85.0;319.4
La Paila;2017-06-14;31.4;19.4;82.0;372.5
Bugalagrande;2017-06-15;30.4;18.3;85.0;363.3
La Paila;2017-06-15;29.4;18.5;82.0;359.7
Bugalagrande;2017-06-16;31.3;17.8;82.0;416.4
La Paila;2017-06-16;31.7;18.5;80.0;456.5
Bugalagrande;2017-06-17;29.9;17.8;91.0;255.1
La Paila;2017-06-17;29.0;18.0;88.0;281.5
Bugalagrande;2017-06-18;31.2;17.7;85.0;377.6
La Paila;2017-06-18;30.9;18.1;83.0;465.5
Bugalagrande;2017-06-19;31.3;17.7;83.0;386.5
La Paila;2017-06-19;30.6;18.1;82.0;504.9
Bugalagrande;2017-06-20;31.3;18.2;85.0;363.0
La Paila;2017-06-20;32.1;18.6;85.0;374.2
Bugalagrande;2017-06-21;28.7;18.3;86.0;240.7
La Paila;2017-06-21;29.3;18.6;83.0;447.3
Bugalagrande;2017-06-22;30.0;18.0;88.0;302.0
La Paila;2017-06-22;29.8;19.2;87.0;359.6
Bugalagrande;2017-06-23;29.8;18.4;85.0;362.5
La Paila;2017-06-23;30.0;19.2;84.0;430.9
Bugalagrande;2017-06-24;31.5;17.2;82.0;361.7
La Paila;2017-06-24;31.5;18.1;80.0;442.3
Bugalagrande;2017-06-25;29.9;18.8;86.0;278.5
La Paila;2017-06-25;30.1;18.6;79.0;382.6
Bugalagrande;2017-06-26;31.2;18.3;87.0;342.7
La Paila;2017-06-26;30.8;18.6;82.0;413.7
Bugalagrande;2017-06-27;29.9;19.0;87.0;331.7
La Paila;2017-06-27;30.7;19.8;83.0;469.0
Bugalagrande;2017-06-28;31.2;18.3;87.0;320.0
La Paila;2017-06-28;31.4;18.6;82.0;448.9
Bugalagrande;2017-06-29;31.9;16.2;82.0;389.2
La Paila;2017-06-29;31.6;18.1;77.0;423.7
Bugalagrande;2017-06-30;31.8;19.3;81.0;363.4
La Paila;2017-06-30;32.1;19.9;76.0;484.1
Bugalagrande;2017-07-01;32.6;17.6;81.0;298.4
La Paila;2017-07-01;32.4;18.5;78.0;409.5
Bugalagrande;2017-07-02;32.9;19.0;77.0;398.7
La Paila;2017-07-02;32.3;19.2;76.0;453.1
Bugalagrande;2017-07-03;32.1;17.9;80.0;301.8
La Paila;2017-07-03;32.1;18.6;76.0;431.8
Bugalagrande;2017-07-04;32.0;17.3;78.0;404.9
La Paila;2017-07-04;31.8;19.3;77.0;499.0
Bugalagrande;2017-07-05;32.4;17.4;78.0;395.3
La Paila;2017-07-05;32.5;18.5;75.0;442.0
Bugalagrande;2017-07-06;31.9;18.3;76.0;384.7
La Paila;2017-07-06;32.1;19.5;74.0;463.7
Bugalagrande;2017-07-07;31.0;19.3;79.0;327.1
La Paila;2017-07-07;32.7;19.9;75.0;414.7
Bugalagrande;2017-07-08;30.9;18.3;78.0;324.8
La Paila;2017-07-08;32.4;18.5;75.0;424.4
Bugalagrande;2017-07-09;31.5;18.2;81.0;338.6
La Paila;2017-07-09;31.8;19.3;76.0;375.6
Bugalagrande;2017-07-10;31.3;18.4;80.0;292.0
La Paila;2017-07-10;31.0;18.6;75.0;364.5
Bugalagrande;2017-07-11;30.6;17.8;78.0;306.7
La Paila;2017-07-11;30.7;18.5;76.0;358.4
Bugalagrande;2017-07-12;32.4;16.9;76.0;388.9
La Paila;2017-07-12;32.7;18.1;72.0;497.6
Bugalagrande;2017-07-13;33.1;16.7;76.0;370.7
La Paila;2017-07-13;32.8;17.7;73.0;453.2
Bugalagrande;2017-07-14;31.0;16.6;76.0;306.7
La Paila;2017-07-14;31.5;17.6;76.0;395.5
Bugalagrande;2017-07-15;31.6;18.3;85.0;316.0
La Paila;2017-07-15;31.5;18.9;82.0;403.9
Bugalagrande;2017-07-16;30.8;16.0;81.0;331.4
La Paila;2017-07-16;30.7;18.0;78.0;433.7
Bugalagrande;2017-07-17;30.9;18.6;80.0;325.9
La Paila;2017-07-17;31.5;18.6;73.0;439.7
Bugalagrande;2017-07-18;32.2;17.1;82.0;353.9
La Paila;2017-07-18;33.4;17.6;79.0;445.2
Bugalagrande;2017-07-19;30.0;19.2;83.0;308.4
La Paila;2017-07-19;30.9;19.3;81.0;442.2
Bugalagrande;2017-07-20;30.5;18.6;82.0;374.9
La Paila;2017-07-20;31.0;18.6;81.0;427.4
Bugalagrande;2017-07-21;32.4;17.1;77.0;426.4
La Paila;2017-07-21;32.7;17.3;77.0;507.4
Bugalagrande;2017-07-22;31.1;19.4;77.0;303.9
La Paila;2017-07-22;31.5;19.3;77.0;462.7
Bugalagrande;2017-07-23;33.1;16.9;76.0;391.2
La Paila;2017-07-23;33.6;18.1;73.0;448.0
Bugalagrande;2017-07-24;33.4;19.5;75.0;401.2
La Paila;2017-07-24;32.4;19.8;73.0;413.1
Bugalagrande;2017-07-25;32.5;19.0;76.0;390.4
La Paila;2017-07-25;34.5;19.3;72.0;467.8
Bugalagrande;2017-07-26;33.8;18.3;72.0;428.0
La Paila;2017-07-26;34.5;18.6;67.0;530.3
Bugalagrande;2017-07-27;32.6;17.4;71.0;430.3
La Paila;2017-07-27;33.4;18.0;68.0;474.5
Bugalagrande;2017-07-28;32.4;17.1;72.0;438.5
La Paila;2017-07-28;32.7;18.4;68.0;447.8
Bugalagrande;2017-07-29;31.5;18.3;72.0;444.8
La Paila;2017-07-29;32.7;19.8;74.0;471.1
Bugalagrande;2017-07-30;30.6;17.3;73.0;377.8
La Paila;2017-07-30;31.5;18.0;75.0;400.0
Bugalagrande;2017-07-31;31.4;16.2;69.0;428.3
La Paila;2017-07-31;31.8;16.9;68.0;467.5
Bugalagrande;2017-08-01;33.3;14.5;71.0;466.3
La Paila;2017-08-01;33.4;16.4;68.0;506.6
Bugalagrande;2017-08-02;32.8;16.2;72.0;454.5
La Paila;2017-08-02;32.9;17.4;69.0;512.3
Bugalagrande;2017-08-03;35.0;16.6;73.0;460.5
La Paila;2017-08-03;34.5;17.5;68.0;528.4
Bugalagrande;2017-08-04;26.1;17.3;91.0;171.9
La Paila;2017-08-04;28.1;17.5;80.0;262.4
Bugalagrande;2017-08-05;31.3;15.6;80.0;425.6
La Paila;2017-08-05;32.8;17.1;75.0;454.6
Bugalagrande;2017-08-06;34.3;18.0;74.0;469.8
La Paila;2017-08-06;34.4;18.4;68.0;488.7
Bugalagrande;2017-08-07;33.1;17.9;75.0;376.7
La Paila;2017-08-07;33.4;19.8;74.0;439.0
Bugalagrande;2017-08-08;34.3;18.4;76.0;429.9
La Paila;2017-08-08;33.0;19.3;75.0;498.6
Bugalagrande;2017-08-09;32.2;18.6;85.0;294.6
La Paila;2017-08-09;30.8;18.6;83.0;298.5
Bugalagrande;2017-08-10;33.2;17.1;78.0;429.1
La Paila;2017-08-10;32.9;17.7;77.0;503.9
Bugalagrande;2017-08-11;27.9;18.9;86.0;271.2
La Paila;2017-08-11;28.4;19.1;84.0;313.4
Bugalagrande;2017-08-12;30.7;18.8;83.0;337.3
La Paila;2017-08-12;29.3;18.6;79.0;367.5
Bugalagrande;2017-08-13;33.2;18.5;78.0;477.9
La Paila;2017-08-13;32.5;18.6;75.0;516.0
Bugalagrande;2017-08-14;34.1;17.1;72.0;515.3
La Paila;2017-08-14;33.4;17.5;71.0;567.7
Bugalagrande;2017-08-15;33.6;16.6;72.0;418.6
La Paila;2017-08-15;32.7;18.0;70.0;458.8
Bugalagrande;2017-08-16;33.1;18.8;71.0;418.5
La Paila;2017-08-16;32.2;19.8;69.0;454.0
Bugalagrande;2017-08-17;34.1;19.0;75.0;477.7
La Paila;2017-08-17;34.1;19.8;74.0;560.6
Bugalagrande;2017-08-18;32.0;17.6;80.0;418.1
La Paila;2017-08-18;31.2;18.0;78.0;491.8
Bugalagrande;2017-08-19;29.6;18.6;82.0;361.1
La Paila;2017-08-19;29.0;18.5;79.0;431.9
Bugalagrande;2017-08-20;29.6;18.6;86.0;305.4
La Paila;2017-08-20;30.7;19.2;81.0;470.2
Bugalagrande;2017-08-21;32.5;18.4;78.0;428.1
La Paila;2017-08-21;32.0;19.7;77.0;467.6
Bugalagrande;2017-08-22;32.5;18.3;79.0;396.8
La Paila;2017-08-22;32.1;19.8;76.0;460.4
Bugalagrande;2017-08-23;31.8;16.7;76.0;411.8
La Paila;2017-08-23;32.1;18.0;74.0;478.6
Bugalagrande;2017-08-24;30.6;18.2;79.0;366.6
La Paila;2017-08-24;31.4;18.4;73.0;431.1
Bugalagrande;2017-08-25;31.6;18.5;77.0;444.1
La Paila;2017-08-25;32.0;19.9;72.0;490.6
Bugalagrande;2017-08-26;33.2;17.8;80.0;418.1
La Paila;2017-08-26;32.4;18.0;76.0;495.0
Bugalagrande;2017-08-27;31.8;17.8;82.0;453.6
La Paila;2017-08-27;31.4;18.0;79.0;526.9
Bugalagrande;2017-08-28;29.3;18.5;82.0;366.5
La Paila;2017-08-28;29.6;18.6;80.0;431.8
Bugalagrande;2017-08-29;30.5;17.4;80.0;309.6
La Paila;2017-08-29;30.0;18.0;81.0;406.3
Bugalagrande;2017-08-30;30.6;19.0;80.0;349.1
La Paila;2017-08-30;31.3;20.0;78.0;401.1
Bugalagrande;2017-08-31;31.8;17.8;77.0;410.3
La Paila;2017-08-31;31.7;18.6;75.0;439.7
Bugalagrande;2017-09-01;34.5;14.9;71.0;504.8
La Paila;2017-09-01;34.5;15.8;69.0;589.0
Bugalagrande;2017-09-02;31.4;16.0;75.0;362.7
La Paila;2017-09-02;31.2;16.9;74.0;397.4
Bugalagrande;2017-09-03;32.1;17.3;78.0;383.2
La Paila;2017-09-03;31.9;18.5;76.0;339.1
Bugalagrande;2017-09-04;34.8;15.7;73.0;480.8
La Paila;2017-09-04;32.8;16.7;71.0;562.5
Bugalagrande;2017-09-05;33.0;16.7;74.0;490.7
La Paila;2017-09-05;32.7;18.6;72.0;530.6
Bugalagrande;2017-09-06;34.4;17.4;75.0;425.3
La Paila;2017-09-06;33.4;18.6;71.0;506.8
Bugalagrande;2017-09-07;31.1;19.3;80.0;405.2
La Paila;2017-09-07;31.7;19.8;77.0;504.2
Bugalagrande;2017-09-08;26.1;19.5;91.0;228.9
La Paila;2017-09-08;28.0;20.1;88.0;248.2
Bugalagrande;2017-09-09;30.6;18.9;85.0;363.6
La Paila;2017-09-09;30.3;19.9;84.0;411.2
Bugalagrande;2017-09-10;29.2;18.6;83.0;379.7
La Paila;2017-09-10;28.3;19.7;83.0;419.0
Bugalagrande;2017-09-11;33.2;18.3;78.0;477.7
La Paila;2017-09-11;32.4;18.4;74.0;537.8
Bugalagrande;2017-09-12;32.7;19.1;82.0;412.6
La Paila;2017-09-12;32.1;19.8;78.0;442.9
Bugalagrande;2017-09-13;29.8;18.8;84.0;348.4
La Paila;2017-09-13;31.4;18.6;80.0;478.0
Bugalagrande;2017-09-14;33.4;18.3;77.0;479.7
La Paila;2017-09-14;32.7;18.6;76.0;554.1
Bugalagrande;2017-09-15;33.0;18.8;80.0;439.3
La Paila;2017-09-15;31.9;18.6;76.0;540.9
Bugalagrande;2017-09-16;32.9;20.2;78.0;468.8
La Paila;2017-09-16;32.8;20.5;78.0;432.5
Bugalagrande;2017-09-17;32.0;19.5;83.0;330.4
La Paila;2017-09-17;30.8;19.8;84.0;348.8
Bugalagrande;2017-09-18;33.1;18.2;76.0;425.0
La Paila;2017-09-18;33.3;18.6;78.0;535.9
Bugalagrande;2017-09-19;33.7;18.9;74.0;482.9
La Paila;2017-09-19;33.1;19.8;76.0;565.5
Bugalagrande;2017-09-20;30.8;19.0;82.0;373.9
La Paila;2017-09-20;30.0;18.6;82.0;465.4
Bugalagrande;2017-09-21;33.6;18.1;77.0;468.1
La Paila;2017-09-21;32.2;18.6;76.0;533.6
Bugalagrande;2017-09-22;33.6;18.0;76.0;432.7
La Paila;2017-09-22;32.7;19.8;77.0;512.9
Bugalagrande;2017-09-23;33.0;19.3;85.0;371.7
La Paila;2017-09-23;32.1;19.7;85.0;464.4
Bugalagrande;2017-09-24;31.7;18.6;80.0;395.0
La Paila;2017-09-24;31.7;19.6;80.0;489.2
Bugalagrande;2017-09-25;32.5;18.6;82.0;365.9
La Paila;2017-09-25;30.3;19.4;83.0;394.9
Bugalagrande;2017-09-26;29.4;16.7;81.0;390.3
La Paila;2017-09-26;29.5;18.1;80.0;434.9
Bugalagrande;2017-09-27;33.2;16.7;76.0;471.5
La Paila;2017-09-27;32.4;18.5;74.0;573.6
Bugalagrande;2017-09-28;30.8;18.6;85.0;285.2
La Paila;2017-09-28;29.2;18.6;84.0;285.7
Bugalagrande;2017-09-29;32.0;18.3;83.0;370.0
La Paila;2017-09-29;31.0;17.5;83.0;478.3
Bugalagrande;2017-09-30;26.4;19.0;92.0;192.4
La Paila;2017-09-30;26.4;19.7;89.0;244.5
Bugalagrande;2017-10-01;31.3;18.3;86.0;398.2
La Paila;2017-10-01;30.6;18.5;85.0;446.0
Bugalagrande;2017-10-02;29.7;18.8;82.0;289.2
La Paila;2017-10-02;29.9;19.4;80.0;405.4
Bugalagrande;2017-10-03;30.6;18.6;87.0;389.4
La Paila;2017-10-03;30.0;18.7;85.0;457.7
Bugalagrande;2017-10-04;27.7;18.8;89.0;264.5
La Paila;2017-10-04;27.0;18.9;88.0;261.8
Bugalagrande;2017-10-05;28.0;18.5;91.0;246.5
La Paila;2017-10-05;27.6;19.0;90.0;258.9
Bugalagrande;2017-10-06;30.6;18.3;82.0;358.0
La Paila;2017-10-06;30.3;18.7;80.0;491.8
Bugalagrande;2017-10-07;30.4;17.8;86.0;276.9
La Paila;2017-10-07;29.3;18.0;85.0;322.3
Bugalagrande;2017-10-08;32.7;16.0;80.0;390.1
La Paila;2017-10-08;32.4;17.5;80.0;468.9
Bugalagrande;2017-10-09;27.9;17.3;91.0;241.4
La Paila;2017-10-09;26.9;17.5;90.0;255.5
Bugalagrande;2017-10-10;30.1;17.3;84.0;378.5
La Paila;2017-10-10;28.7;17.5;84.0;443.1
Bugalagrande;2017-10-11;31.1;18.3;91.0;290.7
La Paila;2017-10-11;29.8;19.0;84.0;329.3
Bugalagrande;2017-10-12;33.0;16.7;79.0;460.2
La Paila;2017-10-12;34.8;17.5;78.0;524.0
Bugalagrande;2017-10-13;31.0;17.8;81.0;291.2
La Paila;2017-10-13;30.0;18.4;83.0;291.1
Bugalagrande;2017-10-14;17.8;17.8;83.0;334.7
La Paila;2017-10-14;31.5;18.4;81.0;442.6
Bugalagrande;2017-10-15;33.2;19.5;79.0;33.2
La Paila;2017-10-15;32.1;19.8;75.0;495.2
Bugalagrande;2017-10-16;31.9;19.2;79.0;31.9
La Paila;2017-10-16;31.1;19.8;78.0;313.4
Bugalagrande;2017-10-17;33.0;19.4;70.0;205.2
La Paila;2017-10-17;32.7;19.3;79.0;460.6
Bugalagrande;2017-10-18;32.1;17.4;79.0;385.8
La Paila;2017-10-18;31.5;18.4;76.0;454.7
Bugalagrande;2017-10-19;31.3;18.6;80.0;268.0
La Paila;2017-10-19;32.1;19.5;77.0;418.8
Bugalagrande;2017-10-20;33.0;18.3;81.0;391.6
La Paila;2017-10-20;32.4;19.5;75.0;499.9
Bugalagrande;2017-10-21;32.4;20.2;80.0;483.9
La Paila;2017-10-21;31.4;19.5;76.0;500.2
Bugalagrande;2017-10-22;23.8;19.6;95.0;177.6
La Paila;2017-10-22;25.4;20.1;89.0;225.2
Bugalagrande;2017-10-23;30.0;19.3;85.0;358.0
La Paila;2017-10-23;30.6;20.1;83.0;407.9
Bugalagrande;2017-10-24;23.2;17.6;94.0;196.7
La Paila;2017-10-24;23.4;19.1;92.0;170.0
Bugalagrande;2017-10-25;29.8;17.8;83.0;395.7
La Paila;2017-10-25;30.4;18.8;81.0;422.1
Bugalagrande;2017-10-26;24.3;17.8;95.0;191.0
La Paila;2017-10-26;23.8;18.3;94.0;176.7
Bugalagrande;2017-10-27;31.1;17.8;81.0;435.5
La Paila;2017-10-27;30.9;18.3;80.0;538.9
Bugalagrande;2017-10-28;25.2;18.3;92.0;216.8
La Paila;2017-10-28;25.8;18.6;91.0;262.2
Bugalagrande;2017-10-29;26.8;18.1;85.0;380.7
La Paila;2017-10-29;27.0;18.3;83.0;399.0
Bugalagrande;2017-10-30;28.8;18.6;90.0;307.8
La Paila;2017-10-30;28.7;19.3;86.0;314.2
Bugalagrande;2017-10-31;30.5;18.3;82.0;423.2
La Paila;2017-10-31;28.9;19.3;83.0;412.5
Bugalagrande;2017-11-01;32.0;18.6;83.0;397.2
La Paila;2017-11-01;31.6;19.5;81.0;558.9
Bugalagrande;2017-11-02;31.2;18.6;83.0;507.3
La Paila;2017-11-02;30.9;19.5;83.0;514.7
Bugalagrande;2017-11-03;30.0;18.3;89.0;419.9
La Paila;2017-11-03;30.1;19.3;87.0;438.0
Bugalagrande;2017-11-04;27.0;18.1;88.0;322.8
La Paila;2017-11-04;27.0;17.8;85.0;331.8
Bugalagrande;2017-11-05;30.5;18.3;80.0;533.0
La Paila;2017-11-05;31.1;18.4;79.0;563.6
Bugalagrande;2017-11-06;31.8;18.8;79.0;566.7
La Paila;2017-11-06;31.5;19.5;78.0;540.3
Bugalagrande;2017-11-07;31.8;17.7;81.0;487.2
La Paila;2017-11-07;31.3;19.1;77.0;488.0
Bugalagrande;2017-11-08;31.5;17.6;84.0;474.7
La Paila;2017-11-08;30.4;18.4;79.0;497.0
Bugalagrande;2017-11-09;30.9;19.0;81.0;516.4
La Paila;2017-11-09;30.6;19.5;77.0;456.1
Bugalagrande;2017-11-10;30.5;18.8;80.0;504.7
La Paila;2017-11-10;30.4;20.1;76.0;501.8
Bugalagrande;2017-11-11;31.7;18.3;80.0;475.7
La Paila;2017-11-11;31.3;20.0;77.0;428.4
Bugalagrande;2017-11-12;31.7;18.3;78.0;498.4
La Paila;2017-11-12;31.6;19.6;75.0;446.2
Bugalagrande;2017-11-13;28.6;20.4;88.0;312.6
La Paila;2017-11-13;28.9;20.1;86.0;291.2
Bugalagrande;2017-11-14;28.6;19.0;92.0;291.8
La Paila;2017-11-14;29.6;19.5;89.0;338.5
Bugalagrande;2017-11-15;26.3;18.3;94.0;253.2
La Paila;2017-11-15;26.3;18.9;90.0;290.8
Bugalagrande;2017-11-16;30.0;19.1;87.0;480.4
La Paila;2017-11-16;30.2;19.5;83.0;514.1
Bugalagrande;2017-11-17;30.8;19.0;84.0;509.3
La Paila;2017-11-17;30.8;19.5;80.0;496.7
Bugalagrande;2017-11-18;31.0;18.9;83.0;469.5
La Paila;2017-11-18;30.2;19.3;81.0;493.8
Bugalagrande;2017-11-19;28.6;19.0;89.0;362.4
La Paila;2017-11-19;28.7;19.5;85.0;379.7
Bugalagrande;2017-11-20;29.6;19.0;88.0;458.6
La Paila;2017-11-20;29.2;19.1;86.0;420.5
Bugalagrande;2017-11-21;31.5;19.8;86.0;448.4
La Paila;2017-11-21;30.2;20.1;82.0;370.8
Bugalagrande;2017-11-22;31.7;19.5;81.0;481.4
La Paila;2017-11-22;30.9;20.1;80.0;506.7
Bugalagrande;2017-11-23;31.5;19.0;84.0;452.2
La Paila;2017-11-23;30.8;19.5;85.0;449.3
Bugalagrande;2017-11-24;29.3;18.1;88.0;364.0
La Paila;2017-11-24;28.5;18.6;88.0;377.8
Bugalagrande;2017-11-25;32.5;17.1;83.0;533.9
La Paila;2017-11-25;31.6;17.8;85.0;454.5
Bugalagrande;2017-11-26;31.0;17.8;83.0;443.6
La Paila;2017-11-26;30.7;18.4;82.0;427.8
Bugalagrande;2017-11-27;28.6;18.6;87.0;277.5
La Paila;2017-11-27;28.2;19.5;86.0;258.8
Bugalagrande;2017-11-28;31.9;18.4;78.0;534.3
La Paila;2017-11-28;32.0;19.3;78.0;523.0
Bugalagrande;2017-11-29;31.0;19.4;83.0;415.5
La Paila;2017-11-29;30.6;20.1;78.0;419.4
Bugalagrande;2017-11-30;31.9;19.6;79.0;514.8
La Paila;2017-11-30;31.6;20.1;76.0;476.2
Bugalagrande;2017-12-01;29.6;19.5;85.0;404.1
La Paila;2017-12-01;29.6;20.1;80.0;347.4
Bugalagrande;2017-12-02;30.6;18.3;81.0;511.6
La Paila;2017-12-02;30.1;18.9;78.0;404.7
Bugalagrande;2017-12-03;31.7;19.8;79.0;519.6
La Paila;2017-12-03;31.1;20.1;82.0;466.1
Bugalagrande;2017-12-04;30.3;18.8;81.0;347.4
La Paila;2017-12-04;31.4;19.6;81.0;406.6
Bugalagrande;2017-12-05;32.5;18.6;79.0;527.0
La Paila;2017-12-05;32.5;19.1;78.0;507.3
Bugalagrande;2017-12-06;32.7;18.3;78.0;543.8
La Paila;2017-12-06;32.3;19.0;76.0;476.8
Bugalagrande;2017-12-07;32.5;17.2;77.0;549.7
La Paila;2017-12-07;32.8;18.4;77.0;495.4
Bugalagrande;2017-12-08;30.3;18.2;85.0;363.0
La Paila;2017-12-08;30.8;19.1;85.0;426.2
Bugalagrande;2017-12-09;31.2;19.5;82.0;452.9
La Paila;2017-12-09;30.6;19.6;83.0;423.4
Bugalagrande;2017-12-10;28.6;19.9;85.0;381.4
La Paila;2017-12-10;28.7;20.0;85.0;382.0
Bugalagrande;2017-12-11;26.7;19.0;93.0;267.6
La Paila;2017-12-11;27.0;20.1;89.0;254.7
Bugalagrande;2017-12-12;27.0;17.8;89.0;293.7
La Paila;2017-12-12;26.8;18.6;88.0;271.9
Bugalagrande;2017-12-13;32.1;16.0;82.0;406.5
La Paila;2017-12-13;30.9;16.6;82.0;466.7
Bugalagrande;2017-12-14;32.2;17.2;78.0;491.3
La Paila;2017-12-14;31.6;17.9;77.0;519.2
Bugalagrande;2017-12-15;30.7;16.4;80.0;429.2
La Paila;2017-12-15;30.2;17.8;78.0;396.4
Bugalagrande;2017-12-16;32.6;16.7;78.0;473.7
La Paila;2017-12-16;32.3;18.4;76.0;503.1
Bugalagrande;2017-12-17;33.1;16.7;78.0;481.6
La Paila;2017-12-17;32.1;17.9;76.0;499.2
Bugalagrande;2017-12-18;32.0;16.0;78.0;490.3
La Paila;2017-12-18;32.0;17.9;75.0;485.0
Bugalagrande;2017-12-19;31.9;16.0;77.0;460.2
La Paila;2017-12-19;32.3;17.6;75.0;508.8
Bugalagrande;2017-12-20;32.0;16.7;77.0;461.7
La Paila;2017-12-20;32.3;17.9;74.0;503.9
Bugalagrande;2017-12-21;31.7;17.4;78.0;397.8
La Paila;2017-12-21;30.7;19.5;75.0;418.5
Bugalagrande;2017-12-22;33.2;18.4;75.0;491.0
La Paila;2017-12-22;32.0;19.5;72.0;491.3
Bugalagrande;2017-12-23;32.4;18.6;76.0;469.2
La Paila;2017-12-23;32.5;19.6;75.0;511.5
Bugalagrande;2017-12-24;28.6;18.7;83.0;338.9
La Paila;2017-12-24;28.2;19.6;81.0;289.1
Bugalagrande;2017-12-25;29.3;18.3;85.0;336.1
La Paila;2017-12-25;30.2;18.9;78.0;348.8
Bugalagrande;2017-12-26;28.6;19.0;87.0;372.1
La Paila;2017-12-26;28.9;19.5;84.0;359.8
Bugalagrande;2017-12-27;30.3;18.3;86.0;359.0
La Paila;2017-12-27;29.6;19.1;79.0;356.3
Bugalagrande;2017-12-28;27.3;18.9;86.0;363.8
La Paila;2017-12-28;28.2;19.5;83.0;339.5
Bugalagrande;2017-12-29;28.7;19.0;89.0;306.6
La Paila;2017-12-29;28.2;18.9;86.0;339.1
Bugalagrande;2017-12-30;30.5;19.0;85.0;421.4
La Paila;2017-12-30;30.1;18.8;82.0;421.0
Bugalagrande;2017-12-31;30.3;18.6;88.0;421.6
La Paila;2017-12-31;30.2;18.9;85.0;452.8
Bugalagrande;2018-01-01;26.8;18.3;92.0;321.0
La Paila;2018-01-01;26.3;19.1;92.0;260.3
Bugalagrande;2018-01-02;27.5;18.0;89.0;350.6
La Paila;2018-01-02;27.8;18.4;87.0;346.9
Bugalagrande;2018-01-03;30.8;18.3;82.0;449.8
La Paila;2018-01-03;31.3;18.4;80.0;504.3
Bugalagrande;2018-01-04;30.8;18.3;81.0;508.0
La Paila;2018-01-04;30.8;19.1;82.0;539.9
Bugalagrande;2018-01-05;30.4;18.3;80.0;446.5
La Paila;2018-01-05;30.2;19.0;80.0;437.7
Bugalagrande;2018-01-06;31.5;18.0;82.0;507.4
La Paila;2018-01-06;31.2;19.5;80.0;508.0
Bugalagrande;2018-01-07;31.8;18.5;79.0;519.9
La Paila;2018-01-07;30.6;19.3;80.0;512.1
Bugalagrande;2018-01-08;31.2;17.1;78.0;509.9
La Paila;2018-01-08;30.9;17.9;75.0;508.8
Bugalagrande;2018-01-09;26.5;17.7;92.0;202.6
La Paila;2018-01-09;24.8;18.4;90.0;172.3
Bugalagrande;2018-01-10;29.6;17.1;82.0;501.4
La Paila;2018-01-10;29.4;17.6;82.0;474.8
Bugalagrande;2018-01-11;31.3;15.9;79.0;530.4
La Paila;2018-01-11;30.9;15.9;78.0;536.0
Bugalagrande;2018-01-12;27.3;18.6;87.0;295.8
La Paila;2018-01-12;28.7;18.9;84.0;356.2
Bugalagrande;2018-01-13;28.2;18.3;86.0;388.6
La Paila;2018-01-13;26.8;19.5;86.0;290.3
Bugalagrande;2018-01-14;29.8;17.8;87.0;416.8
La Paila;2018-01-14;28.2;18.8;86.0;350.0
Bugalagrande;2018-01-15;29.6;17.8;85.0;449.5
La Paila;2018-01-15;28.9;18.4;84.0;392.1
Bugalagrande;2018-01-16;28.6;18.0;88.0;340.7
La Paila;2018-01-16;28.2;18.9;86.0;317.9
Bugalagrande;2018-01-17;28.6;18.9;88.0;392.2
La Paila;2018-01-17;28.9;19.1;88.0;369.6
Bugalagrande;2018-01-18;28.6;18.4;85.0;377.8
La Paila;2018-01-18;29.7;19.1;84.0;381.6
Bugalagrande;2018-01-19;30.5;18.1;83.0;460.3
La Paila;2018-01-19;30.6;18.4;83.0;454.1
Bugalagrande;2018-01-20;30.1;18.1;83.0;433.3
La Paila;2018-01-20;30.2;19.1;84.0;425.6
Bugalagrande;2018-01-21;30.1;18.0;82.0;433.5
La Paila;2018-01-21;29.0;19.0;82.0;332.3
Bugalagrande;2018-01-22;31.5;17.4;84.0;373.4
La Paila;2018-01-22;29.6;18.4;83.0;348.1
Bugalagrande;2018-01-23;30.5;18.3;82.0;399.7
La Paila;2018-01-23;30.1;19.1;82.0;378.8
Bugalagrande;2018-01-24;33.3;17.2;76.0;535.3
La Paila;2018-01-24;33.0;17.8;77.0;477.6
Bugalagrande;2018-01-25;29.6;16.4;81.0;364.9
La Paila;2018-01-25;29.9;17.8;80.0;409.9
Bugalagrande;2018-01-26;30.3;17.2;81.0;401.8
La Paila;2018-01-26;30.8;17.8;79.0;404.7
Bugalagrande;2018-01-27;32.0;16.4;78.0;485.3
La Paila;2018-01-27;32.0;17.8;77.0;464.3
Bugalagrande;2018-01-28;29.8;18.6;80.0;299.9
La Paila;2018-01-28;30.2;18.8;80.0;313.0
Bugalagrande;2018-01-29;32.7;17.5;78.0;492.0
La Paila;2018-01-29;32.8;18.3;75.0;539.6
Bugalagrande;2018-01-30;30.0;17.8;86.0;206.2
La Paila;2018-01-30;28.9;18.4;84.0;199.4
Bugalagrande;2018-01-31;32.6;17.2;76.0;469.4
La Paila;2018-01-31;32.1;17.8;76.0;513.7
Bugalagrande;2018-02-01;33.0;17.8;77.0;457.8
La Paila;2018-02-01;33.0;18.4;74.0;443.3
Bugalagrande;2018-02-02;30.7;19.5;78.0;408.6
La Paila;2018-02-02;30.9;20.1;76.0;398.2
Bugalagrande;2018-02-03;30.3;19.7;84.0;353.9
La Paila;2018-02-03;30.2;20.1;85.0;379.9
Bugalagrande;2018-02-04;32.1;19.5;82.0;374.4
La Paila;2018-02-04;31.9;20.1;80.0;402.6
Bugalagrande;2018-02-05;32.6;20.2;78.0;479.8
La Paila;2018-02-05;32.3;20.1;75.0;531.2
Bugalagrande;2018-02-06;31.9;20.0;81.0;473.1
La Paila;2018-02-06;32.9;20.1;77.0;491.6
Bugalagrande;2018-02-07;32.6;19.4;79.0;474.8
La Paila;2018-02-07;32.5;20.1;76.0;431.3
Bugalagrande;2018-02-08;33.1;18.8;77.0;543.4
La Paila;2018-02-08;32.3;19.1;74.0;486.7
Bugalagrande;2018-02-09;32.6;19.0;76.0;506.8
La Paila;2018-02-09;32.6;19.8;74.0;500.3
Bugalagrande;2018-02-10;32.0;19.3;75.0;528.2
La Paila;2018-02-10;31.8;19.8;73.0;530.1
Bugalagrande;2018-02-11;28.4;19.3;83.0;292.6
La Paila;2018-02-11;28.9;19.8;84.0;285.3
Bugalagrande;2018-02-12;31.7;18.8;80.0;501.6
La Paila;2018-02-12;31.6;19.5;80.0;557.2
Bugalagrande;2018-02-13;30.2;17.8;84.0;415.1
La Paila;2018-02-13;29.4;18.4;84.0;369.4
Bugalagrande;2018-02-14;31.9;18.0;80.0;460.2
La Paila;2018-02-14;32.1;18.6;79.0;461.4
Bugalagrande;2018-02-15;30.8;19.7;83.0;456.5
La Paila;2018-02-15;30.1;20.1;82.0;409.1
Bugalagrande;2018-02-16;31.9;19.1;81.0;478.4
La Paila;2018-02-16;31.6;19.5;78.0;539.4
Bugalagrande;2018-02-17;29.8;19.3;82.0;337.5
La Paila;2018-02-17;30.1;19.6;81.0;331.4
Bugalagrande;2018-02-18;31.5;18.8;80.0;426.6
La Paila;2018-02-18;31.9;19.1;77.0;440.8
Bugalagrande;2018-02-19;26.4;18.1;89.0;265.0
La Paila;2018-02-19;26.6;17.8;87.0;304.7
Bugalagrande;2018-02-20;31.1;15.5;79.0;489.5
La Paila;2018-02-20;30.2;16.6;80.0;490.3
Bugalagrande;2018-02-21;31.1;18.4;79.0;535.3
La Paila;2018-02-21;31.1;19.6;78.0;548.4
Bugalagrande;2018-02-22;28.0;18.3;86.0;324.2
La Paila;2018-02-22;27.5;19.1;84.0;355.3
Bugalagrande;2018-02-23;31.0;17.6;76.0;513.6
La Paila;2018-02-23;30.1;19.1;78.0;523.0
Bugalagrande;2018-02-24;29.3;18.7;80.0;437.4
La Paila;2018-02-24;28.9;19.1;79.0;428.2
Bugalagrande;2018-02-25;29.8;18.3;75.0;509.2
La Paila;2018-02-25;29.6;19.1;74.0;530.8
Bugalagrande;2018-02-26;31.9;15.5;72.0;571.5
La Paila;2018-02-26;32.1;16.6;74.0;580.3
Bugalagrande;2018-02-27;31.7;14.8;74.0;515.8
La Paila;2018-02-27;31.5;15.9;73.0;550.1
Bugalagrande;2018-02-28;32.0;14.9;74.0;603.6
La Paila;2018-02-28;31.9;16.4;73.0;610.8
Bugalagrande;2018-03-01;32.6;16.0;74.0;592.4
La Paila;2018-03-01;32.6;17.2;71.0;606.5
Bugalagrande;2018-03-02;29.6;19.3;78.0;323.6
La Paila;2018-03-02;29.6;19.6;76.0;343.9
Bugalagrande;2018-03-03;30.5;18.1;77.0;397.0
La Paila;2018-03-03;31.3;19.1;76.0;466.1
Bugalagrande;2018-03-04;32.5;18.5;77.0;555.6
La Paila;2018-03-04;32.9;19.1;77.0;553.9
Bugalagrande;2018-03-05;30.5;18.0;84.0;394.0
La Paila;2018-03-05;31.1;19.3;84.0;493.6
Bugalagrande;2018-03-06;30.9;18.4;80.0;407.5
La Paila;2018-03-06;31.2;19.6;79.0;464.4
Bugalagrande;2018-03-07;32.7;19.0;76.0;518.3
La Paila;2018-03-07;33.3;19.8;74.0;575.6
Bugalagrande;2018-03-08;31.3;18.7;78.0;396.0
La Paila;2018-03-08;31.6;19.5;76.0;426.8
Bugalagrande;2018-03-09;33.4;19.0;73.0;590.1
La Paila;2018-03-09;34.1;19.3;71.0;628.6
Bugalagrande;2018-03-10;33.7;17.8;74.0;554.9
La Paila;2018-03-10;34.5;18.3;71.0;649.0
Bugalagrande;2018-03-11;33.4;15.5;74.0;583.6
La Paila;2018-03-11;34.5;17.2;72.0;613.7
Bugalagrande;2018-03-12;33.4;16.8;73.0;577.8
La Paila;2018-03-12;34.0;18.3;72.0;626.2
Bugalagrande;2018-03-13;33.4;17.4;74.0;558.8
La Paila;2018-03-13;31.9;18.7;73.0;556.6
Bugalagrande;2018-03-14;32.9;17.1;73.0;567.9
La Paila;2018-03-14;33.0;17.8;71.0;603.5
Bugalagrande;2018-03-15;32.9;18.0;84.0;434.7
La Paila;2018-03-15;33.1;19.1;82.0;467.5
Bugalagrande;2018-03-16;32.9;17.8;78.0;588.0
La Paila;2018-03-16;33.2;19.0;78.0;631.4
Bugalagrande;2018-03-17;31.3;18.4;84.0;424.4
La Paila;2018-03-17;32.6;19.1;83.0;457.7
Bugalagrande;2018-03-18;31.0;17.3;81.0;454.7
La Paila;2018-03-18;31.8;17.8;80.0;503.4
Bugalagrande;2018-03-19;31.2;19.3;82.0;451.6
La Paila;2018-03-19;31.4;19.1;82.0;579.5
Bugalagrande;2018-03-20;29.5;19.0;83.0;341.5
La Paila;2018-03-20;30.2;19.6;86.0;411.4
Bugalagrande;2018-03-21;32.9;18.3;80.0;536.5
La Paila;2018-03-21;33.1;19.7;79.0;555.2
Bugalagrande;2018-03-22;28.7;19.7;84.0;228.9
La Paila;2018-03-22;28.5;20.1;84.0;226.8
Bugalagrande;2018-03-23;31.4;19.0;79.0;453.9
La Paila;2018-03-23;31.6;20.0;77.0;511.9
Bugalagrande;2018-03-24;28.6;17.6;88.0;359.0
La Paila;2018-03-24;29.6;18.1;86.0;390.4
Bugalagrande;2018-03-25;32.7;16.7;78.0;598.2
La Paila;2018-03-25;32.6;17.8;77.0;632.2
Bugalagrande;2018-03-26;33.1;20.0;77.0;507.4
La Paila;2018-03-26;33.8;20.1;75.0;571.7
Bugalagrande;2018-03-27;32.7;19.5;78.0;517.9
La Paila;2018-03-27;32.8;19.8;76.0;639.8
Bugalagrande;2018-03-28;29.4;19.7;81.0;329.5
La Paila;2018-03-28;30.8;20.5;81.0;337.3
Bugalagrande;2018-03-29;24.9;20.2;94.0;131.4
La Paila;2018-03-29;25.6;20.5;91.0;153.1
Bugalagrande;2018-03-30;30.0;19.0;89.0;311.9
La Paila;2018-03-30;30.2;19.6;89.0;370.4
Bugalagrande;2018-03-31;29.3;19.0;86.0;417.0
La Paila;2018-03-31;29.7;19.6;85.0;447.8
Bugalagrande;2018-04-01;31.1;19.0;85.0;427.7
La Paila;2018-04-01;29.6;19.6;83.0;432.7
Bugalagrande;2018-04-02;27.4;18.2;93.0;241.4
La Paila;2018-04-02;25.4;19.0;91.0;194.1
Bugalagrande;2018-04-03;30.1;17.1;84.0;440.7
La Paila;2018-04-03;31.0;18.9;84.0;478.5
Bugalagrande;2018-04-04;27.9;19.0;87.0;408.1
La Paila;2018-04-04;28.2;19.1;87.0;402.6
Bugalagrande;2018-04-05;30.3;17.8;85.0;425.8
La Paila;2018-04-05;29.1;18.4;82.0;492.9
Bugalagrande;2018-04-06;30.0;17.8;84.0;531.3
La Paila;2018-04-06;28.3;18.6;83.0;450.1
Bugalagrande;2018-04-07;31.0;17.8;80.0;554.7
La Paila;2018-04-07;31.9;18.4;78.0;599.4
Bugalagrande;2018-04-08;32.1;16.0;76.0;577.0
La Paila;2018-04-08;32.9;17.1;75.0;658.4
Bugalagrande;2018-04-09;32.2;17.4;80.0;490.1
La Paila;2018-04-09;33.0;18.1;78.0;567.0
Bugalagrande;2018-04-10;28.6;19.0;85.0;375.6
La Paila;2018-04-10;29.4;19.5;82.0;382.1
Bugalagrande;2018-04-11;30.1;19.0;86.0;438.7
La Paila;2018-04-11;30.2;19.1;82.0;502.0
Bugalagrande;2018-04-12;29.8;18.7;84.0;414.2
La Paila;2018-04-12;29.7;19.1;82.0;436.5
Bugalagrande;2018-04-13;30.0;18.1;86.0;366.7
La Paila;2018-04-13;30.2;18.8;84.0;506.7
Bugalagrande;2018-04-14;28.9;18.3;86.0;454.7
La Paila;2018-04-14;29.6;19.1;83.0;504.8
Bugalagrande;2018-04-15;32.1;17.3;82.0;506.2
La Paila;2018-04-15;32.3;17.6;81.0;607.8
Bugalagrande;2018-04-16;31.4;18.8;82.0;504.3
La Paila;2018-04-16;30.9;19.5;81.0;543.5
Bugalagrande;2018-04-17;29.1;17.3;84.0;413.9
La Paila;2018-04-17;28.7;18.3;82.0;402.1
Bugalagrande;2018-04-18;29.1;19.5;84.0;385.2
La Paila;2018-04-18;30.2;20.1;83.0;406.6
Bugalagrande;2018-04-19;30.7;17.9;85.0;287.8
La Paila;2018-04-19;31.6;19.0;80.0;399.6
Bugalagrande;2018-04-20;26.9;18.1;92.0;161.0
La Paila;2018-04-20;25.5;19.1;90.0;149.6
Bugalagrande;2018-04-21;32.0;17.0;81.0;432.6
La Paila;2018-04-21;31.5;17.9;80.0;486.0
Bugalagrande;2018-04-22;29.3;18.8;84.0;294.4
La Paila;2018-04-22;29.6;19.6;82.0;314.9
Bugalagrande;2018-04-23;32.2;18.5;84.0;397.7
La Paila;2018-04-23;32.4;19.8;78.0;471.7
Bugalagrande;2018-04-24;30.7;18.9;83.0;399.6
La Paila;2018-04-24;31.5;19.1;81.0;448.4
Bugalagrande;2018-04-25;28.7;19.4;85.0;266.4
La Paila;2018-04-25;29.4;19.6;83.0;280.4
Bugalagrande;2018-04-26;29.6;18.5;88.0;358.0
La Paila;2018-04-26;30.6;19.5;86.0;354.1
Bugalagrande;2018-04-27;27.9;19.2;89.0;314.2
La Paila;2018-04-27;28.0;20.1;86.0;393.6
Bugalagrande;2018-04-28;29.7;18.8;90.0;372.8
La Paila;2018-04-28;30.2;19.1;89.0;350.2
Bugalagrande;2018-04-29;24.3;18.8;94.0;150.3
La Paila;2018-04-29;24.4;19.1;93.0;164.7
Bugalagrande;2018-04-30;32.1;19.2;81.0;474.4
La Paila;2018-04-30;31.7;18.6;78.0;603.5
Bugalagrande;2018-05-01;31.4;18.8;84.0;453.9
La Paila;2018-05-01;30.9;19.8;82.0;477.1
Bugalagrande;2018-05-02;31.5;18.5;84.0;411.8
La Paila;2018-05-02;30.9;19.1;81.0;486.1
Bugalagrande;2018-05-03;29.7;19.0;90.0;274.2
La Paila;2018-05-03;30.2;19.6;88.0;325.5
Bugalagrande;2018-05-04;30.5;18.7;84.0;443.6
La Paila;2018-05-04;30.2;19.1;85.0;517.8
Bugalagrande;2018-05-05;28.2;18.8;87.0;340.0
La Paila;2018-05-05;27.5;19.5;88.0;356.0
Bugalagrande;2018-05-06;30.8;18.1;90.0;353.9
La Paila;2018-05-06;30.9;17.9;90.0;418.3
Bugalagrande;2018-05-07;28.1;19.3;88.0;299.8
La Paila;2018-05-07;28.9;20.1;87.0;375.6
Bugalagrande;2018-05-08;28.6;19.4;91.0;276.2
La Paila;2018-05-08;29.4;19.6;86.0;359.2
Bugalagrande;2018-05-09;30.1;19.2;86.0;527.9
La Paila;2018-05-09;30.5;19.6;83.0;522.4
Bugalagrande;2018-05-10;29.5;19.2;87.0;372.1
La Paila;2018-05-10;29.4;19.6;84.0;406.4
Bugalagrande;2018-05-11;30.3;20.0;84.0;394.6
La Paila;2018-05-11;31.5;19.6;83.0;458.4
Bugalagrande;2018-05-12;31.2;18.6;90.0;393.4
La Paila;2018-05-12;31.4;19.5;85.0;516.9
Bugalagrande;2018-05-13;25.8;18.1;93.0;280.7
La Paila;2018-05-13;26.1;19.1;92.0;265.4
Bugalagrande;2018-05-14;29.7;19.3;89.0;357.4
La Paila;2018-05-14;29.6;19.6;87.0;485.6
Bugalagrande;2018-05-15;30.4;18.8;88.0;389.7
La Paila;2018-05-15;31.5;19.6;82.0;496.2
Bugalagrande;2018-05-16;29.4;18.0;84.0;362.1
La Paila;2018-05-16;29.9;18.6;84.0;410.3
Bugalagrande;2018-05-17;32.0;18.3;82.0;430.1
La Paila;2018-05-17;31.8;19.8;81.0;472.2
Bugalagrande;2018-05-18;30.1;19.2;89.0;261.2
La Paila;2018-05-18;29.6;20.1;89.0;278.6
Bugalagrande;2018-05-19;30.7;18.5;81.0;423.1
La Paila;2018-05-19;30.4;19.5;85.0;506.7
Bugalagrande;2018-05-20;30.5;19.9;84.0;324.7
La Paila;2018-05-20;29.9;20.1;83.0;435.3
Bugalagrande;2018-05-21;26.3;17.2;90.0;203.5
La Paila;2018-05-21;26.1;18.4;93.0;217.5
Bugalagrande;2018-05-22;31.4;15.7;79.0;342.6
La Paila;2018-05-22;30.9;17.2;82.0;535.1
Bugalagrande;2018-05-23;28.4;19.2;85.0;325.7
La Paila;2018-05-23;28.7;19.7;86.0;363.0
Bugalagrande;2018-05-24;31.7;18.9;78.0;434.6
La Paila;2018-05-24;32.3;19.1;81.0;554.5
Bugalagrande;2018-05-25;31.2;19.5;80.0;405.8
La Paila;2018-05-25;31.4;20.1;79.0;488.4
Bugalagrande;2018-05-26;29.9;19.8;84.0;327.2
La Paila;2018-05-26;28.7;20.1;85.0;373.8
Bugalagrande;2018-05-27;30.0;18.7;84.0;412.7
La Paila;2018-05-27;29.9;19.1;83.0;469.8
Bugalagrande;2018-05-28;28.6;19.2;89.0;363.7
La Paila;2018-05-28;29.4;19.6;85.0;422.8
Bugalagrande;2018-05-29;31.7;17.1;82.0;476.7
La Paila;2018-05-29;31.9;17.9;84.0;578.1
Bugalagrande;2018-05-30;29.4;19.1;85.0;424.3
La Paila;2018-05-30;30.2;19.6;85.0;515.5
Bugalagrande;2018-05-31;31.8;18.1;83.0;440.3
La Paila;2018-05-31;31.7;19.1;82.0;474.9
Bugalagrande;2018-06-01;28.7;19.4;85.0;281.4
La Paila;2018-06-01;27.7;20.1;88.0;269.1
Bugalagrande;2018-06-02;31.9;18.8;80.0;552.9
La Paila;2018-06-02;31.2;19.6;82.0;580.3
Bugalagrande;2018-06-03;31.8;19.2;82.0;532.3
La Paila;2018-06-03;31.8;19.6;82.0;543.9
Bugalagrande;2018-06-04;29.6;20.0;85.0;409.8
La Paila;2018-06-04;30.6;19.8;85.0;424.9
Bugalagrande;2018-06-05;31.5;19.7;81.0;475.2
La Paila;2018-06-05;31.4;19.6;81.0;505.5
Bugalagrande;2018-06-06;29.8;19.2;85.0;354.0
La Paila;2018-06-06;30.2;19.6;87.0;350.3
Bugalagrande;2018-06-07;31.8;18.3;79.0;485.8
La Paila;2018-06-07;32.1;19.1;82.0;520.1
Bugalagrande;2018-06-08;32.5;19.5;78.0;484.5
La Paila;2018-06-08;31.6;19.8;77.0;483.3
Bugalagrande;2018-06-09;30.5;20.2;80.0;343.1
La Paila;2018-06-09;31.5;20.1;82.0;389.1
Bugalagrande;2018-06-10;30.5;20.6;80.0;367.4
La Paila;2018-06-10;30.1;20.1;84.0;355.2
Bugalagrande;2018-06-11;31.2;20.0;82.0;441.1
La Paila;2018-06-11;31.1;20.7;83.0;393.1
Bugalagrande;2018-06-12;31.3;19.9;81.0;486.0
La Paila;2018-06-12;31.6;19.8;80.0;522.1
Bugalagrande;2018-06-13;30.8;18.1;80.0;423.1
La Paila;2018-06-13;31.7;19.1;79.0;476.1
Bugalagrande;2018-06-14;29.4;19.5;84.0;344.0
La Paila;2018-06-14;31.3;19.6;85.0;451.2
Bugalagrande;2018-06-15;29.6;18.1;82.0;318.8
La Paila;2018-06-15;30.4;18.4;82.0;437.6
Bugalagrande;2018-06-16;32.4;18.8;76.0;549.8
La Paila;2018-06-16;32.4;19.8;77.0;551.2
Bugalagrande;2018-06-17;31.9;18.1;78.0;459.6
La Paila;2018-06-17;32.1;19.1;78.0;478.5
Bugalagrande;2018-06-18;31.4;17.6;79.0;417.5
La Paila;2018-06-18;31.3;17.8;78.0;455.6
Bugalagrande;2018-06-19;31.2;17.4;75.0;360.2
La Paila;2018-06-19;31.6;19.1;75.0;463.6
Bugalagrande;2018-06-20;30.4;19.2;79.0;427.1
La Paila;2018-06-20;31.6;19.7;78.0;531.1
Bugalagrande;2018-06-21;30.5;17.0;79.0;464.9
La Paila;2018-06-21;30.6;18.3;79.0;577.7
Bugalagrande;2018-06-22;32.1;17.4;75.0;406.2
La Paila;2018-06-22;31.9;18.4;76.0;549.8
Bugalagrande;2018-06-23;31.8;18.8;85.0;375.6
La Paila;2018-06-23;30.2;19.5;80.0;384.8
Bugalagrande;2018-06-24;30.4;18.5;79.0;457.7
La Paila;2018-06-24;30.2;19.1;79.0;473.0
Bugalagrande;2018-06-25;30.0;18.8;80.0;403.5
La Paila;2018-06-25;30.6;19.1;77.0;440.1
Bugalagrande;2018-06-26;28.9;19.1;79.0;354.1
La Paila;2018-06-26;29.9;18.8;78.0;391.6
Bugalagrande;2018-06-27;30.9;18.1;81.0;457.0
La Paila;2018-06-27;30.9;19.1;79.0;464.3
Bugalagrande;2018-06-28;30.8;18.1;81.0;476.7
La Paila;2018-06-28;30.5;19.1;83.0;500.0
Bugalagrande;2018-06-29;29.1;18.3;84.0;409.0
La Paila;2018-06-29;30.9;18.6;83.0;520.8
Bugalagrande;2018-06-30;27.7;17.3;87.0;384.4
La Paila;2018-06-30;28.9;17.2;87.0;445.7
Bugalagrande;2018-07-01;29.8;17.4;80.0;470.5
La Paila;2018-07-01;30.1;17.8;81.0;497.3
Bugalagrande;2018-07-02;29.9;18.1;77.0;428.1
La Paila;2018-07-02;31.0;19.1;77.0;489.5
Bugalagrande;2018-07-03;30.1;18.1;78.0;496.3
La Paila;2018-07-03;30.4;19.1;78.0;525.4
Bugalagrande;2018-07-04;32.3;17.1;75.0;543.7
La Paila;2018-07-04;32.6;17.8;76.0;595.4
Bugalagrande;2018-07-05;30.7;18.3;78.0;440.6
La Paila;2018-07-05;32.1;19.0;79.0;407.2
Bugalagrande;2018-07-06;29.9;18.3;79.0;431.2
La Paila;2018-07-06;30.2;18.4;79.0;402.1
Bugalagrande;2018-07-07;31.3;18.3;82.0;386.2
La Paila;2018-07-07;31.7;19.1;84.0;489.8
Bugalagrande;2018-07-08;32.7;18.1;76.0;499.2
La Paila;2018-07-08;32.6;18.6;78.0;548.8
Bugalagrande;2018-07-09;30.8;18.7;79.0;312.6
La Paila;2018-07-09;31.6;19.1;80.0;394.0
Bugalagrande;2018-07-10;31.3;17.8;78.0;327.5
La Paila;2018-07-10;31.6;17.9;79.0;515.1
Bugalagrande;2018-07-11;32.1;17.4;75.0;448.6
La Paila;2018-07-11;33.0;17.8;75.0;554.8
Bugalagrande;2018-07-12;33.4;18.5;73.0;536.4
La Paila;2018-07-12;33.8;18.4;73.0;550.3
Bugalagrande;2018-07-13;31.0;18.2;75.0;391.9
La Paila;2018-07-13;31.5;19.1;77.0;350.8
Bugalagrande;2018-07-14;32.1;17.4;73.0;487.7
La Paila;2018-07-14;34.1;17.9;74.0;530.1
Bugalagrande;2018-07-15;31.9;19.7;74.0;444.5
La Paila;2018-07-15;32.8;19.8;73.0;466.8
Bugalagrande;2018-07-16;32.6;18.1;68.0;524.4
La Paila;2018-07-16;32.7;19.1;70.0;561.1
Bugalagrande;2018-07-17;32.1;18.1;78.0;397.5
La Paila;2018-07-17;32.6;18.4;76.0;466.8
Bugalagrande;2018-07-18;31.1;18.3;79.0;366.0
La Paila;2018-07-18;32.0;19.1;78.0;420.8
Bugalagrande;2018-07-19;31.5;19.0;76.0;373.7
La Paila;2018-07-19;32.1;18.6;75.0;446.5
Bugalagrande;2018-07-20;31.0;19.7;79.0;399.7
La Paila;2018-07-20;31.6;19.8;79.0;465.0
Bugalagrande;2018-07-21;33.1;19.0;78.0;435.6
La Paila;2018-07-21;32.8;19.1;76.0;510.0
Bugalagrande;2018-07-22;29.8;18.5;83.0;311.5
La Paila;2018-07-22;29.2;19.5;81.0;318.5
Bugalagrande;2018-07-23;32.3;18.4;77.0;446.4
La Paila;2018-07-23;32.8;19.0;80.0;509.6
Bugalagrande;2018-07-24;27.5;18.7;85.0;247.7
La Paila;2018-07-24;27.0;19.1;86.0;234.9
Bugalagrande;2018-07-25;32.6;17.3;76.0;466.3
La Paila;2018-07-25;32.4;17.8;76.0;567.6
Bugalagrande;2018-07-26;31.3;19.7;79.0;442.3
La Paila;2018-07-26;32.3;19.8;81.0;520.1
Bugalagrande;2018-07-27;31.4;19.5;86.0;438.6
La Paila;2018-07-27;30.9;19.6;84.0;491.4
Bugalagrande;2018-07-28;29.8;19.0;82.0;456.8
La Paila;2018-07-28;30.9;18.8;79.0;559.0
Bugalagrande;2018-07-29;29.4;19.0;81.0;396.8
La Paila;2018-07-29;30.8;19.1;82.0;427.7
Bugalagrande;2018-07-30;27.2;19.0;90.0;318.5
La Paila;2018-07-30;27.0;19.1;90.0;304.5
Bugalagrande;2018-07-31;27.2;17.8;90.0;352.6
La Paila;2018-07-31;28.9;17.9;88.0;404.2
Bugalagrande;2018-08-01;32.6;16.4;84.0;490.4
La Paila;2018-08-01;31.6;16.6;82.0;523.6
Bugalagrande;2018-08-02;31.9;18.1;79.0;538.9
La Paila;2018-08-02;32.6;18.4;77.0;557.0
Bugalagrande;2018-08-03;30.5;18.0;87.0;408.6
La Paila;2018-08-03;30.9;18.8;82.0;451.3
Bugalagrande;2018-08-04;30.1;18.3;83.0;502.2
La Paila;2018-08-04;30.1;18.4;80.0;512.9
Bugalagrande;2018-08-05;29.5;18.5;83.0;470.9
La Paila;2018-08-05;30.5;19.0;81.0;515.7
Bugalagrande;2018-08-06;32.0;16.0;79.0;508.1
La Paila;2018-08-06;31.8;16.6;78.0;583.1
Bugalagrande;2018-08-07;32.6;17.4;78.0;528.2
La Paila;2018-08-07;32.3;17.9;78.0;472.1
Bugalagrande;2018-08-08;33.5;18.9;75.0;556.4
La Paila;2018-08-08;34.0;18.6;75.0;537.9
Bugalagrande;2018-08-09;32.7;17.9;77.0;445.6
La Paila;2018-08-09;32.3;18.3;73.0;451.5
Bugalagrande;2018-08-10;31.7;15.9;74.0;466.6
La Paila;2018-08-10;33.5;15.9;69.0;609.7
Bugalagrande;2018-08-11;33.3;12.9;70.0;576.5
La Paila;2018-08-11;33.8;13.4;67.0;625.9
Bugalagrande;2018-08-12;30.8;16.4;76.0;450.7
La Paila;2018-08-12;32.7;16.6;74.0;522.3
Bugalagrande;2018-08-13;31.2;17.9;78.0;371.7
La Paila;2018-08-13;31.6;18.4;78.0;413.0
Bugalagrande;2018-08-14;27.3;18.5;94.0;175.2
La Paila;2018-08-14;26.8;18.6;93.0;191.5
Bugalagrande;2018-08-15;29.3;18.3;85.0;377.8
La Paila;2018-08-15;29.0;18.6;84.0;420.6
Bugalagrande;2018-08-16;32.0;16.0;77.0;550.0
La Paila;2018-08-16;32.6;17.2;76.0;603.7
Bugalagrande;2018-08-17;32.3;17.3;76.0;503.6
La Paila;2018-08-17;32.3;18.4;75.0;499.8
Bugalagrande;2018-08-18;31.3;17.3;77.0;438.3
La Paila;2018-08-18;31.3;17.6;78.0;486.7
Bugalagrande;2018-08-19;31.4;18.5;76.0;436.9
La Paila;2018-08-19;31.5;19.1;76.0;392.8
Bugalagrande;2018-08-20;33.3;17.3;73.0;507.8
La Paila;2018-08-20;33.4;17.9;74.0;588.5
Bugalagrande;2018-08-21;33.1;17.3;74.0;451.7
La Paila;2018-08-21;33.6;17.8;78.0;564.9
Bugalagrande;2018-08-22;31.0;18.0;74.0;379.9
La Paila;2018-08-22;33.1;18.4;74.0;617.4
Bugalagrande;2018-08-23;32.2;17.9;73.0;491.1
La Paila;2018-08-23;33.0;17.9;72.0;586.0
Bugalagrande;2018-08-24;33.2;19.2;74.0;452.8
La Paila;2018-08-24;33.6;19.8;73.0;593.7
Bugalagrande;2018-08-25;32.2;18.5;73.0;445.9
La Paila;2018-08-25;33.2;18.8;73.0;554.8
Bugalagrande;2018-08-26;31.6;19.1;75.0;412.0
La Paila;2018-08-26;33.0;19.1;75.0;459.6
Bugalagrande;2018-08-27;33.9;17.8;77.0;455.8
La Paila;2018-08-27;34.0;18.4;72.0;493.7
Bugalagrande;2018-08-28;31.6;16.9;81.0;373.6
La Paila;2018-08-28;33.7;17.8;79.0;497.4
Bugalagrande;2018-08-29;31.0;17.9;78.0;388.0
La Paila;2018-08-29;30.9;18.4;80.0;412.8
Bugalagrande;2018-08-30;31.9;18.0;74.0;439.0
La Paila;2018-08-30;32.0;18.3;74.0;483.9
Bugalagrande;2018-08-31;32.0;18.1;79.0;498.0
La Paila;2018-08-31;33.0;19.1;76.0;498.8
Bugalagrande;2018-09-01;32.6;18.5;75.0;496.3
La Paila;2018-09-01;33.0;19.8;74.0;533.4
Bugalagrande;2018-09-02;33.3;18.2;76.0;513.1
La Paila;2018-09-02;33.7;18.6;72.0;621.2
Bugalagrande;2018-09-03;31.0;19.0;76.0;456.6
La Paila;2018-09-03;32.6;19.1;75.0;516.1
Bugalagrande;2018-09-04;30.4;20.0;79.0;381.3
La Paila;2018-09-04;32.0;20.3;76.0;489.8
Bugalagrande;2018-09-05;31.0;18.3;79.0;484.0
La Paila;2018-09-05;32.0;19.8;75.0;487.0
Bugalagrande;2018-09-06;31.5;17.9;78.0;514.9
La Paila;2018-09-06;32.8;18.4;78.0;520.8
Bugalagrande;2018-09-07;29.3;19.7;87.0;358.3
La Paila;2018-09-07;30.2;19.6;86.0;465.3
Bugalagrande;2018-09-08;33.3;18.5;77.0;541.6
La Paila;2018-09-08;33.1;17.9;77.0;614.4
Bugalagrande;2018-09-09;31.2;18.5;76.0;414.4
La Paila;2018-09-09;31.1;19.1;75.0;429.8
Bugalagrande;2018-09-10;33.9;16.2;73.0;534.9
La Paila;2018-09-10;34.0;17.2;75.0;626.4
Bugalagrande;2018-09-11;30.9;19.1;83.0;363.3
La Paila;2018-09-11;31.5;19.8;85.0;423.6
Bugalagrande;2018-09-12;31.9;18.5;84.0;495.1
La Paila;2018-09-12;31.6;19.1;84.0;540.9
Bugalagrande;2018-09-13;26.4;18.3;95.0;212.2
La Paila;2018-09-13;26.8;19.1;93.0;264.2
Bugalagrande;2018-09-14;28.9;18.4;84.0;425.9
La Paila;2018-09-14;29.6;19.0;82.0;518.0
Bugalagrande;2018-09-15;27.7;18.3;89.0;377.4
La Paila;2018-09-15;27.5;18.4;88.0;443.8
Bugalagrande;2018-09-16;27.9;17.3;90.0;348.7
La Paila;2018-09-16;26.8;17.6;88.0;341.0
Bugalagrande;2018-09-17;31.1;15.5;80.0;551.7
La Paila;2018-09-17;31.5;15.5;79.0;590.0
Bugalagrande;2018-09-18;32.6;17.6;79.0;483.7
La Paila;2018-09-18;33.0;18.6;78.0;508.1
Bugalagrande;2018-09-19;31.9;19.0;77.0;508.9
La Paila;2018-09-19;32.8;18.6;75.0;593.4
Bugalagrande;2018-09-20;33.1;17.6;76.0;569.6
La Paila;2018-09-20;33.0;18.3;75.0;642.7
Bugalagrande;2018-09-21;33.1;16.9;77.0;533.2
La Paila;2018-09-21;33.0;17.9;74.0;584.0
Bugalagrande;2018-09-22;32.7;18.3;77.0;468.8
La Paila;2018-09-22;31.6;18.6;77.0;448.0
Bugalagrande;2018-09-23;32.7;18.5;80.0;448.3
La Paila;2018-09-23;33.2;19.1;74.0;518.1
Bugalagrande;2018-09-24;32.0;18.3;79.0;397.8
La Paila;2018-09-24;33.5;18.6;76.0;496.2
Bugalagrande;2018-09-25;31.3;16.7;76.0;419.6
La Paila;2018-09-25;30.9;17.9;76.0;421.2
Bugalagrande;2018-09-26;32.0;17.8;79.0;442.9
La Paila;2018-09-26;32.1;18.6;78.0;490.8
Bugalagrande;2018-09-27;29.4;18.3;82.0;331.2
La Paila;2018-09-27;30.9;19.1;81.0;500.1
Bugalagrande;2018-09-28;31.3;17.4;80.0;437.9
La Paila;2018-09-28;31.6;17.9;79.0;539.2
Bugalagrande;2018-09-29;32.5;18.4;75.0;539.4
La Paila;2018-09-29;33.5;19.1;73.0;586.5
Bugalagrande;2018-09-30;32.6;19.6;76.0;425.2
La Paila;2018-09-30;31.8;19.8;72.0;469.2
Bugalagrande;2018-10-01;31.3;19.1;79.0;495.5
La Paila;2018-10-01;31.6;19.8;77.0;490.6
Bugalagrande;2018-10-02;32.2;18.9;77.0;430.0
La Paila;2018-10-02;32.6;19.6;75.0;530.7
Bugalagrande;2018-10-03;29.9;17.9;79.0;405.9
La Paila;2018-10-03;30.9;19.1;76.0;426.0
Bugalagrande;2018-10-04;29.4;17.8;82.0;491.3
La Paila;2018-10-04;29.6;18.6;77.0;482.5
Bugalagrande;2018-10-05;29.8;18.1;83.0;430.4
La Paila;2018-10-05;30.2;18.9;81.0;549.8
Bugalagrande;2018-10-06;28.2;18.0;82.0;492.0
La Paila;2018-10-06;27.7;18.4;82.0;535.5
Bugalagrande;2018-10-07;31.7;17.8;76.0;503.6
La Paila;2018-10-07;31.6;18.4;77.0;546.5
Bugalagrande;2018-10-08;25.2;18.1;92.0;215.2
La Paila;2018-10-08;25.6;18.4;90.0;229.0
Bugalagrande;2018-10-09;29.7;17.8;86.0;433.7
La Paila;2018-10-09;30.1;18.4;87.0;428.1
Bugalagrande;2018-10-10;28.9;18.9;87.0;445.8
La Paila;2018-10-10;28.9;19.0;84.0;481.5
Bugalagrande;2018-10-11;28.2;17.8;85.0;395.6
La Paila;2018-10-11;28.2;17.9;79.0;430.6
Bugalagrande;2018-10-12;29.0;18.2;82.0;382.6
La Paila;2018-10-12;28.9;19.5;79.0;438.4
Bugalagrande;2018-10-13;31.5;17.3;73.0;511.7
La Paila;2018-10-13;31.6;18.1;71.0;572.0
Bugalagrande;2018-10-14;31.1;14.5;75.0;548.8
La Paila;2018-10-14;31.6;15.2;72.0;596.5
Bugalagrande;2018-10-15;31.2;17.3;76.0;504.5
La Paila;2018-10-15;31.1;18.3;73.0;549.9
Bugalagrande;2018-10-16;30.5;18.5;78.0;421.5
La Paila;2018-10-16;30.4;20.1;75.0;440.8
Bugalagrande;2018-10-17;29.2;18.5;81.0;362.4
La Paila;2018-10-17;29.6;19.1;79.0;379.3
Bugalagrande;2018-10-18;32.0;19.2;82.0;523.7
La Paila;2018-10-18;30.9;19.8;83.0;476.5
Bugalagrande;2018-10-19;32.0;18.1;79.0;502.9
La Paila;2018-10-19;32.1;19.0;77.0;529.9
Bugalagrande;2018-10-20;30.3;18.8;88.0;358.5
La Paila;2018-10-20;30.2;19.3;84.0;428.7
Bugalagrande;2018-10-21;26.3;18.5;89.0;255.8
La Paila;2018-10-21;25.1;19.0;90.0;233.0
Bugalagrande;2018-10-22;29.9;18.8;84.0;442.4
La Paila;2018-10-22;30.2;19.8;80.0;465.8
Bugalagrande;2018-10-23;31.3;19.5;83.0;448.2
La Paila;2018-10-23;30.8;19.6;80.0;475.6
Bugalagrande;2018-10-24;31.7;19.5;81.0;563.0
La Paila;2018-10-24;30.9;20.1;78.0;512.9
Bugalagrande;2018-10-25;31.1;19.9;80.0;480.4
La Paila;2018-10-25;30.9;20.3;78.0;513.5
Bugalagrande;2018-10-26;32.0;19.2;81.0;577.0
La Paila;2018-10-26;32.1;19.8;78.0;538.5
Bugalagrande;2018-10-27;32.2;19.5;88.0;463.5
La Paila;2018-10-27;32.1;19.8;85.0;451.5
Bugalagrande;2018-10-28;32.2;18.8;83.0;530.7
La Paila;2018-10-28;31.8;18.8;83.0;512.9
Bugalagrande;2018-10-29;29.2;18.6;88.0;388.1
La Paila;2018-10-29;29.6;19.1;84.0;420.3
Bugalagrande;2018-10-30;32.0;17.4;85.0;548.4
La Paila;2018-10-30;31.3;18.3;84.0;475.1
Bugalagrande;2018-10-31;31.1;19.2;81.0;489.6
La Paila;2018-10-31;30.9;19.5;82.0;470.4
Bugalagrande;2018-11-01;29.9;19.5;82.0;381.6
La Paila;2018-11-01;31.3;20.3;84.0;406.2
Bugalagrande;2018-11-02;29.6;19.5;84.0;367.1
La Paila;2018-11-02;29.4;19.8;83.0;419.7
Bugalagrande;2018-11-03;29.6;18.8;90.0;415.3
La Paila;2018-11-03;30.2;19.1;90.0;369.5
Bugalagrande;2018-11-04;27.7;18.8;89.0;403.5
La Paila;2018-11-04;27.5;19.5;89.0;353.8
Bugalagrande;2018-11-05;27.8;19.5;90.0;388.5
La Paila;2018-11-05;27.5;19.1;87.0;374.5
Bugalagrande;2018-11-06;29.9;18.1;85.0;447.0
La Paila;2018-11-06;30.2;17.9;85.0;471.3
Bugalagrande;2018-11-07;32.2;18.1;81.0;554.9
La Paila;2018-11-07;31.9;18.3;81.0;511.0
Bugalagrande;2018-11-08;32.4;18.8;83.0;509.7
La Paila;2018-11-08;31.6;19.6;80.0;470.7
Bugalagrande;2018-11-09;27.9;19.9;91.0;276.9
La Paila;2018-11-09;27.7;20.3;92.0;237.1
Bugalagrande;2018-11-10;31.3;19.9;85.0;451.4
La Paila;2018-11-10;31.5;20.2;84.0;473.7
Bugalagrande;2018-11-11;30.3;20.9;82.0;399.1
La Paila;2018-11-11;30.2;20.8;83.0;349.0
Bugalagrande;2018-11-12;28.0;20.2;87.0;308.5
La Paila;2018-11-12;29.6;20.8;83.0;337.0
Bugalagrande;2018-11-13;30.3;19.0;86.0;326.7
La Paila;2018-11-13;29.4;19.6;83.0;336.4
Bugalagrande;2018-11-14;29.9;18.5;88.0;342.0
La Paila;2018-11-14;29.9;19.6;86.0;379.7
Bugalagrande;2018-11-15;32.3;18.8;79.0;562.0
La Paila;2018-11-15;32.1;19.0;79.0;515.6
Bugalagrande;2018-11-16;31.7;18.8;81.0;472.3
La Paila;2018-11-16;32.1;19.8;79.0;484.5
Bugalagrande;2018-11-17;31.3;18.8;87.0;405.4
La Paila;2018-11-17;30.9;19.8;88.0;380.9
Bugalagrande;2018-11-18;31.3;17.8;84.0;480.0
La Paila;2018-11-18;31.5;19.1;86.0;488.0
Bugalagrande;2018-11-19;29.0;19.3;86.0;439.5
La Paila;2018-11-19;28.4;19.3;85.0;412.3
Bugalagrande;2018-11-20;32.0;19.5;84.0;444.6
La Paila;2018-11-20;31.6;20.3;83.0;459.9
Bugalagrande;2018-11-21;27.2;19.5;89.0;246.6
La Paila;2018-11-21;27.5;19.8;88.0;315.6
Bugalagrande;2018-11-22;31.1;19.2;80.0;486.3
La Paila;2018-11-22;31.5;19.5;81.0;520.0
Bugalagrande;2018-11-23;31.3;19.5;82.0;407.6
La Paila;2018-11-23;31.5;20.3;78.0;547.9
Bugalagrande;2018-11-24;32.3;19.5;82.0;479.0
La Paila;2018-11-24;32.8;19.1;78.0;510.3
Bugalagrande;2018-11-25;31.8;18.8;81.0;430.8
La Paila;2018-11-25;30.9;19.3;80.0;394.9
Bugalagrande;2018-11-26;24.2;19.5;96.0;134.9
La Paila;2018-11-26;24.8;20.0;92.0;207.5
Bugalagrande;2018-11-27;27.1;18.8;88.0;303.9
La Paila;2018-11-27;27.2;19.1;86.0;332.8
Bugalagrande;2018-11-28;29.9;18.8;85.0;371.3
La Paila;2018-11-28;29.6;19.1;81.0;403.6
Bugalagrande;2018-11-29;30.8;18.1;83.0;463.0
La Paila;2018-11-29;30.9;19.1;81.0;412.1
Bugalagrande;2018-11-30;28.9;19.5;89.0;451.6
La Paila;2018-11-30;29.1;20.1;87.0;429.4
Bugalagrande;2018-12-01;30.4;18.5;85.0;486.7
La Paila;2018-12-01;29.9;19.1;82.0;522.1
Bugalagrande;2018-12-02;30.8;18.8;81.0;451.4
La Paila;2018-12-02;29.9;19.8;78.0;491.4
Bugalagrande;2018-12-03;31.6;18.5;81.0;506.1
La Paila;2018-12-03;30.9;20.2;77.0;485.9
Bugalagrande;2018-12-04;31.0;18.8;78.0;456.8
La Paila;2018-12-04;29.7;19.8;74.0;401.7
Bugalagrande;2018-12-05;29.2;18.8;81.0;439.7
La Paila;2018-12-05;30.1;18.8;81.0;414.8
Bugalagrande;2018-12-06;30.1;18.8;79.0;537.3
La Paila;2018-12-06;30.1;19.5;83.0;447.0
Bugalagrande;2018-12-07;31.7;19.5;81.0;368.3
La Paila;2018-12-07;30.2;19.8;80.0;398.5
Bugalagrande;2018-12-08;31.0;18.5;78.0;474.8
La Paila;2018-12-08;32.3;19.1;76.0;504.7
Bugalagrande;2018-12-09;32.0;16.7;77.0;549.8
La Paila;2018-12-09;33.0;18.3;77.0;531.4
Bugalagrande;2018-12-10;32.2;17.2;78.0;461.7
La Paila;2018-12-10;32.7;18.6;77.0;473.5
Bugalagrande;2018-12-11;30.6;17.4;81.0;354.2
La Paila;2018-12-11;30.6;18.3;80.0;376.4
Bugalagrande;2018-12-12;29.7;19.5;79.0;352.6
La Paila;2018-12-12;30.6;19.3;79.0;395.9
Bugalagrande;2018-12-13;30.6;18.5;88.0;320.9
La Paila;2018-12-13;30.8;19.0;84.0;322.6
Bugalagrande;2018-12-14;29.0;18.1;85.0;357.0
La Paila;2018-12-14;29.6;19.1;82.0;392.1
Bugalagrande;2018-12-15;32.0;17.4;78.0;497.9
La Paila;2018-12-15;31.8;18.3;78.0;464.1
Bugalagrande;2018-12-16;34.4;17.4;75.0;537.6
La Paila;2018-12-16;32.3;18.6;74.0;521.8
Bugalagrande;2018-12-17;32.8;17.9;76.0;532.5
La Paila;2018-12-17;31.8;19.1;77.0;425.7
Bugalagrande;2018-12-18;32.3;17.4;76.0;492.5
La Paila;2018-12-18;31.1;18.4;77.0;519.5
Bugalagrande;2018-12-19;31.8;17.4;78.0;415.3
La Paila;2018-12-19;32.1;18.6;77.0;499.2
Bugalagrande;2018-12-20;32.0;18.8;81.0;481.7
La Paila;2018-12-20;32.3;19.1;77.0;461.3
Bugalagrande;2018-12-21;31.3;19.2;82.0;434.7
La Paila;2018-12-21;32.1;19.8;79.0;507.3
Bugalagrande;2018-12-22;31.1;18.1;82.0;370.6
La Paila;2018-12-22;30.6;19.1;79.0;397.3
Bugalagrande;2018-12-23;32.2;17.4;76.0;528.7
La Paila;2018-12-23;33.0;19.1;73.0;503.2
Bugalagrande;2018-12-24;31.3;17.8;78.0;351.6
La Paila;2018-12-24;30.9;18.6;76.0;429.7
Bugalagrande;2018-12-25;32.0;17.4;77.0;475.9
La Paila;2018-12-25;31.6;17.9;76.0;399.7
Bugalagrande;2018-12-26;33.4;16.2;77.0;448.7
La Paila;2018-12-26;32.8;16.9;72.0;481.1
Bugalagrande;2018-12-27;33.4;15.7;76.0;498.9
La Paila;2018-12-27;32.8;16.6;75.0;453.0
Bugalagrande;2018-12-28;32.0;16.4;77.0;427.4
La Paila;2018-12-28;31.6;17.2;75.0;424.0
Bugalagrande;2018-12-29;32.4;15.7;75.0;457.6
La Paila;2018-12-29;33.8;17.1;73.0;493.8
Bugalagrande;2018-12-30;32.5;16.7;76.0;460.4
La Paila;2018-12-30;33.0;18.3;72.0;512.9
Bugalagrande;2018-12-31;34.2;16.4;74.0;550.7
La Paila;2018-12-31;34.9;17.9;72.0;518.1
Bugalagrande;2019-01-01;34.4;15.0;73.0;547.1
La Paila;2019-01-01;34.4;15.9;71.0;541.7
Bugalagrande;2019-01-02;34.3;15.0;73.0;552.8
La Paila;2019-01-02;33.7;16.4;71.0;545.9
Bugalagrande;2019-01-03;30.6;15.0;76.0;349.5
La Paila;2019-01-03;34.9;16.4;71.0;549.2
Bugalagrande;2019-01-04;34.4;15.0;71.0;542.2
La Paila;2019-01-04;35.0;15.9;70.0;532.4
Bugalagrande;2019-01-05;34.4;16.7;73.0;558.4
La Paila;2019-01-05;33.4;18.5;71.0;474.4
Bugalagrande;2019-01-06;32.2;18.8;79.0;376.6
La Paila;2019-01-06;31.6;19.8;76.0;329.8
Bugalagrande;2019-01-07;28.9;18.5;89.0;310.1
La Paila;2019-01-07;29.4;18.6;85.0;278.3
Bugalagrande;2019-01-08;30.6;16.2;81.0;501.0
La Paila;2019-01-08;30.1;17.2;79.0;449.9
Bugalagrande;2019-01-09;26.5;18.1;92.0;302.2
La Paila;2019-01-09;27.0;19.3;86.0;285.8
Bugalagrande;2019-01-10;29.9;18.1;88.0;361.1
La Paila;2019-01-10;28.7;19.1;82.0;331.1
Bugalagrande;2019-01-11;31.3;16.0;77.0;551.8
La Paila;2019-01-11;31.6;17.1;74.0;510.2
Bugalagrande;2019-01-12;31.8;18.1;77.0;492.1
La Paila;2019-01-12;31.6;17.9;71.0;528.4
Bugalagrande;2019-01-13;29.2;19.5;80.0;403.2
La Paila;2019-01-13;30.2;19.8;80.0;315.5
Bugalagrande;2019-01-14;29.2;19.5;85.0;291.7
La Paila;2019-01-14;30.1;19.8;77.0;327.3
Bugalagrande;2019-01-15;32.9;18.1;77.0;480.8
La Paila;2019-01-15;33.5;18.3;73.0;541.7
Bugalagrande;2019-01-16;29.2;19.0;81.0;309.4
La Paila;2019-01-16;29.1;19.8;78.0;281.3
Bugalagrande;2019-01-17;32.9;16.7;77.0;522.2
La Paila;2019-01-17;33.0;17.2;74.0;513.4
Bugalagrande;2019-01-18;30.6;18.1;80.0;409.9
La Paila;2019-01-18;32.1;19.1;76.0;339.0
Bugalagrande;2019-01-19;31.8;18.8;76.0;464.8
La Paila;2019-01-19;33.2;18.8;72.0;486.1
Bugalagrande;2019-01-20;29.9;19.9;79.0;288.3
La Paila;2019-01-20;32.3;20.8;76.0;342.0
Bugalagrande;2019-01-21;32.4;19.5;78.0;444.8
La Paila;2019-01-21;33.0;20.3;74.0;423.3
Bugalagrande;2019-01-22;35.3;17.4;74.0;548.0
La Paila;2019-01-22;35.0;19.1;71.0;564.4
Bugalagrande;2019-01-23;34.2;16.7;77.0;509.5
La Paila;2019-01-23;34.2;17.2;72.0;533.4
Bugalagrande;2019-01-24;33.1;17.4;77.0;475.5
La Paila;2019-01-24;34.4;18.6;71.0;555.9
Bugalagrande;2019-01-25;34.4;18.1;76.0;546.0
La Paila;2019-01-25;34.4;18.6;70.0;501.7
Bugalagrande;2019-01-26;34.8;18.1;76.0;555.1
La Paila;2019-01-26;34.9;19.1;71.0;547.4
Bugalagrande;2019-01-27;33.4;18.3;78.0;495.8
La Paila;2019-01-27;33.0;18.6;73.0;503.7
Bugalagrande;2019-01-28;25.1;18.8;90.0;122.1
La Paila;2019-01-28;25.5;20.3;87.0;115.0
Bugalagrande;2019-01-29;32.7;19.5;78.0;434.9
La Paila;2019-01-29;32.8;20.3;75.0;515.7
Bugalagrande;2019-01-30;32.5;18.1;77.0;471.7
La Paila;2019-01-30;32.1;20.3;74.0;458.9
Bugalagrande;2019-01-31;32.0;20.0;78.0;447.4
La Paila;2019-01-31;32.1;20.3;73.0;418.7
Bugalagrande;2019-02-01;26.8;19.3;86.0;217.4
La Paila;2019-02-01;27.0;19.8;84.0;209.2
Bugalagrande;2019-02-02;32.0;18.8;79.0;402.1
La Paila;2019-02-02;31.6;19.8;79.0;444.2
Bugalagrande;2019-02-03;33.5;18.8;75.0;527.7
La Paila;2019-02-03;34.2;19.7;71.0;549.9
Bugalagrande;2019-02-04;31.3;18.1;75.0;393.0
La Paila;2019-02-04;31.6;19.8;70.0;365.0
Bugalagrande;2019-02-05;32.7;18.8;74.0;434.8
La Paila;2019-02-05;33.0;19.3;72.0;462.5
Bugalagrande;2019-02-06;33.7;19.9;77.0;546.8
La Paila;2019-02-06;33.8;20.8;70.0;522.5
Bugalagrande;2019-02-07;32.3;18.8;82.0;474.3
La Paila;2019-02-07;30.9;20.1;81.0;371.0
Bugalagrande;2019-02-08;27.9;19.5;84.0;299.0
La Paila;2019-02-08;28.7;20.2;84.0;275.3
Bugalagrande;2019-02-09;32.7;20.2;78.0;388.2
La Paila;2019-02-09;32.1;20.5;78.0;426.9
Bugalagrande;2019-02-10;31.7;19.5;75.0;462.9
La Paila;2019-02-10;32.3;19.7;75.0;452.3
Bugalagrande;2019-02-11;33.0;20.2;74.0;541.7
La Paila;2019-02-11;33.0;21.0;72.0;451.4
Bugalagrande;2019-02-12;32.0;19.7;78.0;385.5
La Paila;2019-02-12;31.6;19.8;76.0;352.1
Bugalagrande;2019-02-13;34.6;17.6;77.0;567.3
La Paila;2019-02-13;34.4;19.1;72.0;582.4
Bugalagrande;2019-02-14;33.7;19.3;77.0;605.3
La Paila;2019-02-14;34.0;19.8;72.0;539.9
Bugalagrande;2019-02-15;33.7;18.1;72.0;599.6
La Paila;2019-02-15;34.4;18.6;70.0;597.4
Bugalagrande;2019-02-16;33.0;19.5;74.0;555.1
La Paila;2019-02-16;33.7;20.3;68.0;576.3
Bugalagrande;2019-02-17;32.9;19.5;74.0;509.3
La Paila;2019-02-17;33.5;20.3;71.0;529.9
Bugalagrande;2019-02-18;31.7;19.2;78.0;405.0
La Paila;2019-02-18;30.4;20.3;74.0;333.8
Bugalagrande;2019-02-19;28.0;19.9;88.0;237.6
La Paila;2019-02-19;28.4;20.8;80.0;279.9
Bugalagrande;2019-02-20;32.8;19.5;80.0;587.7
La Paila;2019-02-20;32.3;19.8;78.0;509.8
Bugalagrande;2019-02-21;33.7;20.2;76.0;519.7
La Paila;2019-02-21;33.7;21.0;73.0;468.9
Bugalagrande;2019-02-22;34.4;18.8;75.0;574.1
La Paila;2019-02-22;34.9;19.1;71.0;616.6
Bugalagrande;2019-02-23;31.3;20.2;85.0;403.5
La Paila;2019-02-23;32.0;20.7;81.0;444.9
Bugalagrande;2019-02-24;29.9;19.5;85.0;358.7
La Paila;2019-02-24;30.1;19.5;82.0;396.1
Bugalagrande;2019-02-25;32.7;19.3;77.0;553.0
La Paila;2019-02-25;32.3;19.5;73.0;535.3
Bugalagrande;2019-02-26;31.1;19.5;76.0;423.9
La Paila;2019-02-26;31.3;20.5;73.0;383.0
Bugalagrande;2019-02-27;31.3;18.8;83.0;517.9
La Paila;2019-02-27;31.6;19.8;78.0;474.1
Bugalagrande;2019-02-28;33.4;19.9;76.0;610.7
La Paila;2019-02-28;33.0;20.5;72.0;550.0
Bugalagrande;2019-03-01;31.3;19.9;78.0;475.6
La Paila;2019-03-01;31.6;20.3;74.0;525.5
Bugalagrande;2019-03-02;29.2;18.1;81.0;382.3
La Paila;2019-03-02;30.1;19.0;81.0;356.5
Bugalagrande;2019-03-03;32.0;16.9;79.0;478.6
La Paila;2019-03-03;32.3;18.6;79.0;495.7
Bugalagrande;2019-03-04;32.7;17.6;79.0;571.2
La Paila;2019-03-04;32.7;18.6;76.0;515.3
Bugalagrande;2019-03-05;29.9;18.8;82.0;486.6
La Paila;2019-03-05;28.9;18.8;83.0;382.0
Bugalagrande;2019-03-06;32.8;18.1;77.0;559.5
La Paila;2019-03-06;33.0;19.0;78.0;550.0
Bugalagrande;2019-03-07;32.3;20.4;80.0;429.8
La Paila;2019-03-07;31.6;20.3;82.0;355.2
Bugalagrande;2019-03-08;33.4;18.6;77.0;553.5
La Paila;2019-03-08;34.0;19.8;78.0;508.3
Bugalagrande;2019-03-09;34.4;18.8;74.0;573.6
La Paila;2019-03-09;35.2;19.1;76.0;577.0
Bugalagrande;2019-03-10;29.2;19.5;85.0;260.8
La Paila;2019-03-10;30.9;19.8;84.0;339.8
Bugalagrande;2019-03-11;31.8;19.5;83.0;519.9
La Paila;2019-03-11;32.3;19.8;82.0;524.5
Bugalagrande;2019-03-12;28.9;18.8;90.0;237.4
La Paila;2019-03-12;28.9;19.8;89.0;240.9
Bugalagrande;2019-03-13;33.4;18.1;79.0;571.6
La Paila;2019-03-13;33.0;18.6;79.0;546.9
Bugalagrande;2019-03-14;27.9;20.2;88.0;227.0
La Paila;2019-03-14;27.7;21.0;84.0;267.4
Bugalagrande;2019-03-15;31.8;18.8;76.0;507.8
La Paila;2019-03-15;33.0;19.8;75.0;519.8
Bugalagrande;2019-03-16;33.9;20.2;73.0;614.5
La Paila;2019-03-16;34.0;21.0;73.0;617.9
Bugalagrande;2019-03-17;32.5;19.5;78.0;511.3
La Paila;2019-03-17;33.5;21.0;74.0;550.6
Bugalagrande;2019-03-18;31.8;19.9;79.0;508.7
La Paila;2019-03-18;32.8;20.8;77.0;547.6
Bugalagrande;2019-03-19;23.0;18.6;96.0;143.1
La Paila;2019-03-19;22.9;19.6;94.0;126.0
Bugalagrande;2019-03-20;29.9;18.8;85.0;427.1
La Paila;2019-03-20;30.8;19.7;82.0;453.9
Bugalagrande;2019-03-21;31.3;18.8;85.0;526.1
La Paila;2019-03-21;32.8;19.1;84.0;524.5
Bugalagrande;2019-03-22;30.3;18.1;89.0;397.4
La Paila;2019-03-22;31.5;19.1;88.0;403.3
Bugalagrande;2019-03-23;28.9;19.5;86.0;340.5
La Paila;2019-03-23;28.4;19.8;87.0;246.3
Bugalagrande;2019-03-24;27.8;19.2;90.0;331.9
La Paila;2019-03-24;27.0;19.1;88.0;293.8
Bugalagrande;2019-03-25;31.1;17.6;80.0;572.1
La Paila;2019-03-25;31.6;18.5;80.0;540.4
Bugalagrande;2019-03-26;31.6;18.8;81.0;460.9
La Paila;2019-03-26;31.6;19.8;80.0;467.5
Bugalagrande;2019-03-27;32.5;19.5;76.0;571.5
La Paila;2019-03-27;33.5;19.8;76.0;577.3
Bugalagrande;2019-03-28;31.8;20.2;81.0;408.7
La Paila;2019-03-28;33.0;20.5;78.0;456.7
Bugalagrande;2019-03-29;27.5;19.7;89.0;323.9
La Paila;2019-03-29;27.0;20.5;87.0;290.7
Bugalagrande;2019-03-30;31.3;18.1;80.0;490.5
La Paila;2019-03-30;32.4;19.1;78.0;586.2
Bugalagrande;2019-03-31;32.2;19.5;84.0;447.9
La Paila;2019-03-31;32.3;20.3;79.0;453.7
Bugalagrande;2019-04-01;30.6;20.2;91.0;373.9
La Paila;2019-04-01;30.8;20.1;89.0;382.1
Bugalagrande;2019-04-02;26.6;18.1;95.0;288.2
La Paila;2019-04-02;29.6;18.6;93.0;337.6
Bugalagrande;2019-04-03;31.0;17.4;86.0;505.8
La Paila;2019-04-03;30.9;17.9;83.0;505.5
Bugalagrande;2019-04-04;29.9;19.7;83.0;526.0
La Paila;2019-04-04;29.6;20.5;82.0;500.8
Bugalagrande;2019-04-05;29.9;20.2;81.0;520.7
La Paila;2019-04-05;31.6;20.8;83.0;558.6
Bugalagrande;2019-04-06;30.6;19.5;82.0;505.7
La Paila;2019-04-06;30.9;19.1;84.0;480.9
Bugalagrande;2019-04-07;31.8;19.5;79.0;585.7
La Paila;2019-04-07;32.3;20.0;78.0;574.1
Bugalagrande;2019-04-08;32.2;19.8;84.0;568.3
La Paila;2019-04-08;32.3;20.2;83.0;602.3
Bugalagrande;2019-04-09;31.3;19.5;85.0;471.4
La Paila;2019-04-09;30.9;20.5;85.0;465.1
Bugalagrande;2019-04-10;29.9;19.2;86.0;466.2
La Paila;2019-04-10;31.5;19.8;85.0;520.8
Bugalagrande;2019-04-11;31.0;18.1;80.0;518.4
La Paila;2019-04-11;31.6;19.5;81.0;518.1
Bugalagrande;2019-04-12;32.8;18.8;78.0;540.1
La Paila;2019-04-12;33.1;20.5;79.0;512.0
Bugalagrande;2019-04-13;32.2;19.9;81.0;472.5
La Paila;2019-04-13;32.6;20.3;80.0;532.5
Bugalagrande;2019-04-14;31.3;19.5;88.0;439.1
La Paila;2019-04-14;32.3;20.3;84.0;470.1
Bugalagrande;2019-04-15;29.9;18.8;85.0;483.6
La Paila;2019-04-15;29.6;19.7;83.0;424.1
Bugalagrande;2019-04-16;32.3;19.2;78.0;584.8
La Paila;2019-04-16;33.1;19.1;77.0;600.7
Bugalagrande;2019-04-17;28.9;19.2;86.0;367.2
La Paila;2019-04-17;29.6;19.7;83.0;435.8
Bugalagrande;2019-04-18;30.6;19.9;85.0;544.8
La Paila;2019-04-18;31.4;20.5;81.0;560.4
Bugalagrande;2019-04-19;29.0;20.2;94.0;312.1
La Paila;2019-04-19;30.4;19.5;92.0;350.8
Bugalagrande;2019-04-20;29.9;19.5;88.0;505.9
La Paila;2019-04-20;30.6;19.8;86.0;430.0
Bugalagrande;2019-04-21;29.2;19.2;89.0;366.1
La Paila;2019-04-21;29.6;19.8;86.0;379.5
Bugalagrande;2019-04-22;27.1;19.5;93.0;343.8
La Paila;2019-04-22;27.5;19.8;93.0;348.8
Bugalagrande;2019-04-23;30.6;19.3;84.0;526.5
La Paila;2019-04-23;30.9;19.5;83.0;571.4
Bugalagrande;2019-04-24;29.2;19.9;84.0;395.4
La Paila;2019-04-24;30.8;20.5;81.0;449.4
Bugalagrande;2019-04-25;31.3;19.5;82.0;454.9
La Paila;2019-04-25;32.0;20.2;82.0;494.7
Bugalagrande;2019-04-26;33.0;20.2;87.0;529.3
La Paila;2019-04-26;32.6;20.5;84.0;501.7
Bugalagrande;2019-04-27;32.0;19.5;85.0;564.1
La Paila;2019-04-27;33.1;20.5;81.0;535.5
Bugalagrande;2019-04-28;28.9;19.5;87.0;320.2
La Paila;2019-04-28;29.6;19.0;85.0;352.3
Bugalagrande;2019-04-29;30.3;18.8;85.0;376.2
La Paila;2019-04-29;31.6;19.3;83.0;401.7
Bugalagrande;2019-04-30;32.5;18.8;82.0;474.4
La Paila;2019-04-30;33.0;19.8;80.0;499.5
Bugalagrande;2019-05-01;33.4;17.4;78.0;580.4
La Paila;2019-05-01;33.5;18.6;76.0;606.7
Bugalagrande;2019-05-02;32.0;18.1;77.0;509.6
La Paila;2019-05-02;33.0;18.6;76.0;548.9
Bugalagrande;2019-05-03;31.1;19.5;79.0;430.2
La Paila;2019-05-03;32.0;20.5;77.0;442.2
Bugalagrande;2019-05-04;32.0;19.9;78.0;443.4
La Paila;2019-05-04;31.6;19.8;77.0;438.5
Bugalagrande;2019-05-05;33.4;20.9;77.0;527.8
La Paila;2019-05-05;34.0;20.5;77.0;487.3
Bugalagrande;2019-05-06;31.0;20.9;80.0;358.1
La Paila;2019-05-06;31.6;21.0;77.0;409.5
Bugalagrande;2019-05-07;31.5;20.2;79.0;408.6
La Paila;2019-05-07;32.8;20.3;78.0;414.0
Bugalagrande;2019-05-08;28.2;19.7;86.0;303.5
La Paila;2019-05-08;29.6;20.3;88.0;300.7
Bugalagrande;2019-05-09;28.3;20.2;91.0;376.3
La Paila;2019-05-09;28.7;20.5;91.0;300.6
Bugalagrande;2019-05-10;29.2;19.7;89.0;392.0
La Paila;2019-05-10;28.2;19.8;90.0;295.6
Bugalagrande;2019-05-11;31.8;17.9;86.0;504.7
La Paila;2019-05-11;31.5;18.6;85.0;496.6
Bugalagrande;2019-05-12;29.6;19.7;90.0;293.6
La Paila;2019-05-12;30.2;20.2;89.0;346.7
Bugalagrande;2019-05-13;27.1;18.8;92.0;232.6
La Paila;2019-05-13;27.3;19.1;91.0;259.3
Bugalagrande;2019-05-14;31.3;20.2;86.0;425.6
La Paila;2019-05-14;31.6;20.3;85.0;418.7
Bugalagrande;2019-05-15;30.3;20.4;85.0;376.8
La Paila;2019-05-15;30.9;20.0;80.0;446.1
Bugalagrande;2019-05-16;31.3;18.8;86.0;520.7
La Paila;2019-05-16;32.1;19.1;85.0;514.1
Bugalagrande;2019-05-17;29.2;20.2;89.0;340.6
La Paila;2019-05-17;29.6;20.7;88.0;411.2
Bugalagrande;2019-05-18;29.9;19.5;88.0;443.5
La Paila;2019-05-18;30.1;20.5;84.0;460.0
Bugalagrande;2019-05-19;27.0;18.8;90.0;381.7
La Paila;2019-05-19;27.3;19.8;90.0;312.8
Bugalagrande;2019-05-20;28.9;19.0;89.0;276.1
La Paila;2019-05-20;28.2;19.7;88.0;290.5
Bugalagrande;2019-05-21;31.3;18.8;80.0;495.2
La Paila;2019-05-21;31.8;18.8;82.0;501.9
Bugalagrande;2019-05-22;31.8;19.7;81.0;446.4
La Paila;2019-05-22;32.1;20.5;80.0;516.7
Bugalagrande;2019-05-23;25.4;19.5;95.0;185.3
La Paila;2019-05-23;25.8;20.3;92.0;267.3
Bugalagrande;2019-05-24;31.0;18.8;84.0;470.8
La Paila;2019-05-24;31.6;19.5;82.0;523.5
Bugalagrande;2019-05-25;27.5;19.7;92.0;258.8
La Paila;2019-05-25;27.2;20.0;90.0;343.3
Bugalagrande;2019-05-26;30.4;19.5;82.0;509.9
La Paila;2019-05-26;31.5;19.8;82.0;479.1
Bugalagrande;2019-05-27;30.8;18.8;84.0;415.7
La Paila;2019-05-27;30.9;19.8;84.0;415.1
Bugalagrande;2019-05-28;27.5;18.8;93.0;257.0
La Paila;2019-05-28;28.9;18.5;91.0;220.8
Bugalagrande;2019-05-29;29.9;18.1;83.0;479.7
La Paila;2019-05-29;30.6;18.1;84.0;482.6
Bugalagrande;2019-05-30;27.8;19.5;90.0;309.8
La Paila;2019-05-30;29.6;20.3;89.0;348.4
Bugalagrande;2019-05-31;28.7;19.5;89.0;367.7
La Paila;2019-05-31;28.9;19.8;86.0;325.5
Bugalagrande;2019-06-01;28.5;19.5;91.0;382.2
La Paila;2019-06-01;29.4;20.3;87.0;418.7
Bugalagrande;2019-06-02;30.4;18.8;83.0;469.4
La Paila;2019-06-02;31.6;20.0;83.0;468.5
Bugalagrande;2019-06-03;31.3;18.8;84.0;499.0
La Paila;2019-06-03;32.1;19.8;82.0;474.3
Bugalagrande;2019-06-04;32.2;18.1;78.0;546.9
La Paila;2019-06-04;33.0;19.1;78.0;564.1
Bugalagrande;2019-06-05;31.3;19.7;83.0;386.8
La Paila;2019-06-05;30.8;20.5;85.0;348.6
Bugalagrande;2019-06-06;28.9;18.8;87.0;326.6
La Paila;2019-06-06;30.2;18.8;85.0;411.6
Bugalagrande;2019-06-07;26.3;18.1;93.0;226.2
La Paila;2019-06-07;25.6;19.1;92.0;237.8
Bugalagrande;2019-06-08;29.0;18.1;84.0;549.7
La Paila;2019-06-08;29.6;19.1;86.0;432.4
Bugalagrande;2019-06-09;32.0;17.8;84.0;508.2
La Paila;2019-06-09;31.8;18.8;82.0;544.8
Bugalagrande;2019-06-10;31.0;19.5;82.0;470.8
La Paila;2019-06-10;31.5;19.8;84.0;422.9
Bugalagrande;2019-06-11;31.3;20.2;81.0;507.9
La Paila;2019-06-11;32.3;20.5;81.0;543.9
Bugalagrande;2019-06-12;30.6;18.5;84.0;439.3
La Paila;2019-06-12;30.9;19.1;86.0;443.3
Bugalagrande;2019-06-13;30.1;19.5;85.0;403.1
La Paila;2019-06-13;31.3;19.8;88.0;426.1
Bugalagrande;2019-06-14;31.0;20.2;88.0;435.9
La Paila;2019-06-14;30.9;20.5;87.0;477.4
Bugalagrande;2019-06-15;31.0;19.5;85.0;503.8
La Paila;2019-06-15;31.5;19.8;83.0;527.9
Bugalagrande;2019-06-16;31.5;19.7;83.0;551.2
La Paila;2019-06-16;32.3;19.8;81.0;528.3
Bugalagrande;2019-06-17;32.7;18.6;80.0;468.9
La Paila;2019-06-17;33.5;18.5;79.0;610.5
Bugalagrande;2019-06-18;32.0;18.1;80.0;517.4
La Paila;2019-06-18;33.0;19.1;79.0;522.7
Bugalagrande;2019-06-19;28.6;20.0;85.0;263.1
La Paila;2019-06-19;28.4;20.3;85.0;283.1
Bugalagrande;2019-06-20;31.7;18.1;79.0;490.1
La Paila;2019-06-20;32.3;18.6;78.0;482.7
Bugalagrande;2019-06-21;30.3;19.5;81.0;368.0
La Paila;2019-06-21;31.6;19.8;80.0;441.4
Bugalagrande;2019-06-22;30.6;18.1;81.0;369.2
La Paila;2019-06-22;31.3;19.5;80.0;377.2
Bugalagrande;2019-06-23;29.9;19.5;80.0;361.6
La Paila;2019-06-23;30.4;19.7;79.0;408.0
Bugalagrande;2019-06-24;30.6;19.9;84.0;378.5
La Paila;2019-06-24;31.5;20.5;85.0;402.5
Bugalagrande;2019-06-25;28.5;18.8;89.0;359.7
La Paila;2019-06-25;30.1;19.5;88.0;368.6
Bugalagrande;2019-06-26;31.3;17.4;80.0;525.0
La Paila;2019-06-26;31.6;18.5;82.0;521.1
Bugalagrande;2019-06-27;32.2;18.8;78.0;581.4
La Paila;2019-06-27;32.8;19.5;78.0;571.1
Bugalagrande;2019-06-28;31.3;19.5;82.0;465.2
La Paila;2019-06-28;33.1;19.8;81.0;480.0
Bugalagrande;2019-06-29;32.5;17.8;82.0;520.9
La Paila;2019-06-29;33.5;18.6;79.0;515.6
Bugalagrande;2019-06-30;30.3;17.8;85.0;395.8
La Paila;2019-06-30;31.6;18.3;85.0;412.8
Bugalagrande;2019-07-01;29.4;18.8;85.0;448.6
La Paila;2019-07-01;29.6;18.6;85.0;439.0
Bugalagrande;2019-07-02;31.3;19.5;86.0;461.3
La Paila;2019-07-02;31.9;19.5;86.0;516.4
Bugalagrande;2019-07-03;30.8;18.8;85.0;432.2
La Paila;2019-07-03;31.6;19.5;83.0;502.1
Bugalagrande;2019-07-04;32.0;18.8;78.0;491.8
La Paila;2019-07-04;33.1;18.6;77.0;561.8
Bugalagrande;2019-07-05;31.7;18.8;79.0;533.1
La Paila;2019-07-05;32.1;19.3;79.0;547.0
Bugalagrande;2019-07-06;33.0;17.6;79.0;578.7
La Paila;2019-07-06;33.0;17.9;78.0;602.2
Bugalagrande;2019-07-07;32.0;16.7;76.0;603.7
La Paila;2019-07-07;32.8;17.2;76.0;497.0
Bugalagrande;2019-07-08;30.6;19.2;76.0;496.7
La Paila;2019-07-08;30.9;19.5;77.0;535.6
Bugalagrande;2019-07-09;31.8;18.1;76.0;490.6
La Paila;2019-07-09;31.6;18.6;76.0;517.7
Bugalagrande;2019-07-10;31.0;18.5;77.0;479.7
La Paila;2019-07-10;31.5;18.6;78.0;521.8
Bugalagrande;2019-07-11;31.7;17.4;77.0;546.0
La Paila;2019-07-11;32.0;17.9;75.0;541.4
Bugalagrande;2019-07-12;31.3;18.8;76.0;514.4
La Paila;2019-07-12;30.9;19.8;77.0;484.0
Bugalagrande;2019-07-13;30.6;18.8;82.0;418.9
La Paila;2019-07-13;30.4;19.1;85.0;390.8
Bugalagrande;2019-07-14;32.0;19.5;79.0;453.2
La Paila;2019-07-14;31.3;19.1;79.0;490.8
Bugalagrande;2019-07-15;29.2;17.4;87.0;324.8
La Paila;2019-07-15;28.4;19.3;83.0;359.6
Bugalagrande;2019-07-16;28.5;16.7;86.0;346.1
La Paila;2019-07-16;30.1;17.2;83.0;375.3
Bugalagrande;2019-07-17;33.7;16.7;75.0;581.8
La Paila;2019-07-17;34.5;17.9;73.0;591.7
Bugalagrande;2019-07-18;32.7;17.4;76.0;514.2
La Paila;2019-07-18;33.3;17.9;76.0;501.8
Bugalagrande;2019-07-19;34.6;18.8;74.0;516.1
La Paila;2019-07-19;35.0;19.0;71.0;571.6
Bugalagrande;2019-07-20;33.1;18.1;75.0;484.4
La Paila;2019-07-20;33.7;19.1;73.0;579.9
Bugalagrande;2019-07-21;33.4;19.5;80.0;478.9
La Paila;2019-07-21;33.5;19.3;78.0;495.3
Bugalagrande;2019-07-22;31.3;19.9;87.0;400.0
La Paila;2019-07-22;30.9;19.8;84.0;410.1
Bugalagrande;2019-07-23;28.2;18.8;87.0;322.6
La Paila;2019-07-23;27.3;19.8;86.0;349.5
Bugalagrande;2019-07-24;31.3;19.5;86.0;442.1
La Paila;2019-07-24;30.9;19.8;81.0;391.7
Bugalagrande;2019-07-25;29.9;18.8;85.0;502.0
La Paila;2019-07-25;31.6;18.8;83.0;463.6
Bugalagrande;2019-07-26;29.9;18.1;83.0;417.2
La Paila;2019-07-26;30.2;17.9;81.0;471.5
Bugalagrande;2019-07-27;32.7;19.5;77.0;520.3
La Paila;2019-07-27;33.0;19.1;75.0;545.7
Bugalagrande;2019-07-28;32.3;18.1;79.0;495.3
La Paila;2019-07-28;33.0;18.3;75.0;491.2
Bugalagrande;2019-07-29;32.2;18.1;78.0;476.7
La Paila;2019-07-29;32.8;18.8;74.0;509.6
Bugalagrande;2019-07-30;32.7;16.7;77.0;492.9
La Paila;2019-07-30;33.0;17.9;74.0;510.7
Bugalagrande;2019-07-31;33.4;16.7;75.0;491.7
La Paila;2019-07-31;34.1;17.4;73.0;483.7
Bugalagrande;2019-08-01;33.2;17.4;75.0;453.6
La Paila;2019-08-01;33.5;17.9;76.0;558.9
Bugalagrande;2019-08-02;31.3;18.1;81.0;405.8
La Paila;2019-08-02;31.5;17.9;81.0;426.8
Bugalagrande;2019-08-03;32.2;18.8;81.0;364.2
La Paila;2019-08-03;31.3;19.1;79.0;481.8
Bugalagrande;2019-08-04;32.0;18.8;80.0;397.6
La Paila;2019-08-04;31.6;19.8;77.0;417.9
Bugalagrande;2019-08-05;33.7;17.4;73.0;468.9
La Paila;2019-08-05;34.3;17.9;71.0;611.6
Bugalagrande;2019-08-06;32.5;16.9;75.0;479.8
La Paila;2019-08-06;33.0;17.8;72.0;514.6
Bugalagrande;2019-08-07;33.2;19.7;72.0;431.8
La Paila;2019-08-07;31.3;20.2;72.0;437.3
Bugalagrande;2019-08-08;33.6;18.1;72.0;454.0
La Paila;2019-08-08;33.7;18.6;73.0;510.5
Bugalagrande;2019-08-09;34.4;17.4;73.0;460.3
La Paila;2019-08-09;34.9;18.5;73.0;484.4
Bugalagrande;2019-08-10;33.4;16.2;75.0;383.7
La Paila;2019-08-10;33.7;17.2;73.0;448.7
Bugalagrande;2019-08-11;34.1;17.4;80.0;421.3
La Paila;2019-08-11;34.7;17.9;75.0;530.1
Bugalagrande;2019-08-12;35.1;17.4;76.0;494.8
La Paila;2019-08-12;34.4;17.8;77.0;566.4
Bugalagrande;2019-08-13;32.0;18.8;76.0;471.3
La Paila;2019-08-13;32.1;19.5;80.0;433.6
Bugalagrande;2019-08-14;32.7;17.4;71.0;396.1
La Paila;2019-08-14;32.0;18.5;70.0;506.8
Bugalagrande;2019-08-15;32.7;15.7;67.0;424.8
La Paila;2019-08-15;32.1;16.6;69.0;520.7
Bugalagrande;2019-08-16;30.4;16.9;79.0;388.6
La Paila;2019-08-16;30.1;17.9;79.0;413.7
Bugalagrande;2019-08-17;29.7;18.1;80.0;326.1
La Paila;2019-08-17;30.1;18.6;78.0;418.6
Bugalagrande;2019-08-18;35.5;18.1;72.0;455.9
La Paila;2019-08-18;34.5;18.8;70.0;628.2
Bugalagrande;2019-08-19;31.3;16.7;76.0;312.1
La Paila;2019-08-19;31.5;17.2;76.0;403.4
Bugalagrande;2019-08-20;33.4;16.7;72.0;410.3
La Paila;2019-08-20;34.4;17.6;71.0;527.8
Bugalagrande;2019-08-21;34.6;17.2;70.0;484.0
La Paila;2019-08-21;34.4;18.1;69.0;592.8
Bugalagrande;2019-08-22;34.4;15.4;71.0;498.3
La Paila;2019-08-22;33.7;15.9;71.0;620.4
Bugalagrande;2019-08-23;33.6;15.7;71.0;470.5
La Paila;2019-08-23;34.4;17.2;70.0;560.3
Bugalagrande;2019-08-24;30.3;16.5;74.0;242.8
La Paila;2019-08-24;32.8;17.2;71.0;551.8
Bugalagrande;2019-08-25;33.7;15.7;71.0;449.8
La Paila;2019-08-25;33.7;16.6;70.0;598.6
Bugalagrande;2019-08-26;33.9;16.7;72.0;428.3
La Paila;2019-08-26;33.0;17.2;71.0;501.8
Bugalagrande;2019-08-27;35.5;15.7;69.0;621.0
La Paila;2019-08-27;35.9;16.6;70.0;596.4
Bugalagrande;2019-08-28;31.0;18.1;79.0;267.4
La Paila;2019-08-28;30.9;18.6;78.0;348.3
Bugalagrande;2019-08-29;33.4;15.7;72.0;502.4
La Paila;2019-08-29;33.7;15.9;71.0;580.3
Bugalagrande;2019-08-30;33.9;15.3;73.0;571.5
La Paila;2019-08-30;34.2;16.2;72.0;537.5
Bugalagrande;2019-08-31;33.1;17.4;73.0;453.2
La Paila;2019-08-31;32.8;18.6;73.0;483.9
Bugalagrande;2019-09-01;31.7;18.1;79.0;354.1
La Paila;2019-09-01;32.0;18.6;74.0;416.7
Bugalagrande;2019-09-02;30.3;17.4;81.0;333.5
La Paila;2019-09-02;32.3;18.6;77.0;366.7
Bugalagrande;2019-09-03;34.1;16.2;73.0;617.1
La Paila;2019-09-03;34.4;17.2;72.0;627.0
Bugalagrande;2019-09-04;33.4;18.8;74.0;496.1
La Paila;2019-09-04;31.6;18.6;74.0;413.2
Bugalagrande;2019-09-05;32.7;18.3;71.0;526.2
La Paila;2019-09-05;33.7;18.6;71.0;509.4
Bugalagrande;2019-09-06;32.7;17.4;75.0;439.9
La Paila;2019-09-06;30.9;18.5;75.0;398.0
Bugalagrande;2019-09-07;33.9;16.7;71.0;640.9
La Paila;2019-09-07;34.2;17.2;70.0;627.8
Bugalagrande;2019-09-08;34.4;17.8;71.0;597.4
La Paila;2019-09-08;35.1;17.9;70.0;601.2
Bugalagrande;2019-09-09;33.1;16.2;71.0;529.0
La Paila;2019-09-09;33.7;16.6;70.0;571.1
Bugalagrande;2019-09-10;33.4;17.2;71.0;557.6
La Paila;2019-09-10;35.1;17.2;68.0;618.9
Bugalagrande;2019-09-11;33.6;18.1;75.0;573.6
La Paila;2019-09-11;34.7;18.3;72.0;517.7
Bugalagrande;2019-09-12;32.7;19.5;70.0;583.9
La Paila;2019-09-12;33.7;19.1;69.0;642.1
Bugalagrande;2019-09-13;32.7;19.9;72.0;516.3
La Paila;2019-09-13;33.9;20.2;72.0;440.7
Bugalagrande;2019-09-14;33.6;19.5;71.0;470.8
La Paila;2019-09-14;33.7;19.1;71.0;423.6
Bugalagrande;2019-09-15;33.2;19.5;72.0;486.3
La Paila;2019-09-15;32.7;19.3;71.0;444.5
Bugalagrande;2019-09-16;32.5;18.1;71.0;506.9
La Paila;2019-09-16;33.7;18.6;75.0;527.8
Bugalagrande;2019-09-17;30.6;19.5;75.0;414.9
La Paila;2019-09-17;30.6;20.0;77.0;406.9
Bugalagrande;2019-09-18;29.2;19.5;93.0;325.5
La Paila;2019-09-18;27.8;19.8;92.0;322.7
Bugalagrande;2019-09-19;28.2;18.8;87.0;337.0
La Paila;2019-09-19;27.9;19.1;85.0;453.4
Bugalagrande;2019-09-20;24.9;18.1;88.0;212.9
La Paila;2019-09-20;26.0;19.0;84.0;222.6
Bugalagrande;2019-09-21;30.3;18.1;82.0;431.6
La Paila;2019-09-21;29.7;18.6;80.0;454.3
Bugalagrande;2019-09-22;31.7;17.4;79.0;580.0
La Paila;2019-09-22;32.3;18.5;80.0;549.9
Bugalagrande;2019-09-23;30.6;19.5;83.0;542.2
La Paila;2019-09-23;31.6;19.8;85.0;496.3
Bugalagrande;2019-09-24;31.8;17.4;76.0;484.8
La Paila;2019-09-24;32.3;17.8;79.0;532.8
Bugalagrande;2019-09-25;29.2;18.1;83.0;385.2
La Paila;2019-09-25;28.9;18.6;82.0;441.5
Bugalagrande;2019-09-26;30.3;19.5;81.0;520.2
La Paila;2019-09-26;30.9;19.8;80.0;506.5
Bugalagrande;2019-09-27;32.0;18.8;74.0;575.5
La Paila;2019-09-27;32.3;19.3;75.0;583.6
Bugalagrande;2019-09-28;32.0;19.5;84.0;562.0
La Paila;2019-09-28;31.6;20.5;81.0;474.9
Bugalagrande;2019-09-29;28.5;19.5;90.0;380.7
La Paila;2019-09-29;29.4;19.8;84.0;410.4
Bugalagrande;2019-09-30;29.9;18.8;88.0;522.8
La Paila;2019-09-30;30.9;19.8;85.0;535.0
Bugalagrande;2019-10-01;29.9;16.7;83.0;595.1
La Paila;2019-10-01;31.5;17.8;80.0;607.4
Bugalagrande;2019-10-02;29.9;19.3;86.0;401.1
La Paila;2019-10-02;30.1;20.0;83.0;422.4
Bugalagrande;2019-10-03;28.3;18.8;86.0;408.5
La Paila;2019-10-03;28.9;19.3;84.0;426.8
Bugalagrande;2019-10-04;31.7;18.1;79.0;603.3
La Paila;2019-10-04;30.9;19.1;78.0;512.9
Bugalagrande;2019-10-05;30.6;18.1;80.0;468.2
La Paila;2019-10-05;30.9;19.0;80.0;453.5
Bugalagrande;2019-10-06;30.6;19.5;85.0;534.8
La Paila;2019-10-06;30.2;19.8;83.0;554.2
Bugalagrande;2019-10-07;31.0;18.8;79.0;519.7
La Paila;2019-10-07;30.2;19.3;77.0;496.4
Bugalagrande;2019-10-08;29.7;18.8;83.0;399.2
La Paila;2019-10-08;30.0;19.3;82.0;376.5
Bugalagrande;2019-10-09;31.3;19.0;80.0;531.0
La Paila;2019-10-09;30.2;19.5;80.0;484.7
Bugalagrande;2019-10-10;31.3;18.1;80.0;412.1
La Paila;2019-10-10;30.9;18.4;79.0;479.3
Bugalagrande;2019-10-11;29.9;19.3;81.0;435.6
La Paila;2019-10-11;29.9;19.1;83.0;416.5
Bugalagrande;2019-10-12;32.0;18.8;79.0;606.2
La Paila;2019-10-12;33.0;19.1;80.0;598.7
Bugalagrande;2019-10-13;29.2;18.8;82.0;499.8
La Paila;2019-10-13;29.6;19.1;83.0;486.1
Bugalagrande;2019-10-14;30.6;17.4;78.0;495.8
La Paila;2019-10-14;30.9;17.8;78.0;482.6
Bugalagrande;2019-10-15;30.3;17.6;84.0;399.3
La Paila;2019-10-15;30.9;18.6;83.0;504.1
Bugalagrande;2019-10-16;27.5;18.5;88.0;382.1
La Paila;2019-10-16;28.9;18.6;87.0;404.7
Bugalagrande;2019-10-17;31.3;18.8;81.0;539.0
La Paila;2019-10-17;31.5;18.6;82.0;487.6
Bugalagrande;2019-10-18;31.0;19.5;85.0;522.0
La Paila;2019-10-18;30.2;19.8;81.0;448.2
Bugalagrande;2019-10-19;26.8;17.8;88.0;350.5
La Paila;2019-10-19;28.9;17.9;86.0;399.6
Bugalagrande;2019-10-20;29.2;19.0;84.0;423.8
La Paila;2019-10-20;28.9;19.1;83.0;401.4
Bugalagrande;2019-10-21;27.5;18.8;90.0;356.0
La Paila;2019-10-21;27.7;19.3;89.0;331.7
Bugalagrande;2019-10-22;30.3;19.0;88.0;491.5
La Paila;2019-10-22;29.7;19.7;84.0;484.9
Bugalagrande;2019-10-23;29.6;18.8;86.0;434.2
La Paila;2019-10-23;29.6;19.3;83.0;484.7
Bugalagrande;2019-10-24;29.2;18.6;88.0;439.0
La Paila;2019-10-24;29.6;19.8;84.0;406.7
Bugalagrande;2019-10-25;28.5;18.5;88.0;402.2
La Paila;2019-10-25;30.2;19.5;83.0;423.4
Bugalagrande;2019-10-26;31.3;18.1;82.0;525.5
La Paila;2019-10-26;31.6;18.6;81.0;489.6
Bugalagrande;2019-10-27;30.6;18.8;83.0;568.8
La Paila;2019-10-27;30.8;19.0;80.0;531.4
Bugalagrande;2019-10-28;31.8;17.4;79.0;555.1
La Paila;2019-10-28;33.0;17.9;78.0;521.1
Bugalagrande;2019-10-29;30.3;19.5;82.0;396.0
La Paila;2019-10-29;30.2;19.8;80.0;430.2
Bugalagrande;2019-10-30;30.6;18.5;81.0;384.7
La Paila;2019-10-30;30.2;18.6;81.0;364.7
Bugalagrande;2019-10-31;30.6;18.8;84.0;401.7
La Paila;2019-10-31;30.1;19.8;82.0;443.1
Bugalagrande;2019-11-01;30.1;18.1;88.0;424.0
La Paila;2019-11-01;30.2;18.6;84.0;423.5
Bugalagrande;2019-11-02;31.0;18.1;83.0;521.7
La Paila;2019-11-02;30.9;18.6;80.0;551.2
Bugalagrande;2019-11-03;30.3;18.8;82.0;439.8
La Paila;2019-11-03;31.6;19.5;79.0;464.9
Bugalagrande;2019-11-04;29.6;20.0;81.0;478.5
La Paila;2019-11-04;30.2;20.5;79.0;439.9
Bugalagrande;2019-11-05;30.4;19.9;80.0;465.1
La Paila;2019-11-05;31.3;20.5;78.0;455.8
Bugalagrande;2019-11-06;29.9;18.8;82.0;375.6
La Paila;2019-11-06;31.6;20.3;79.0;403.3
Bugalagrande;2019-11-07;32.0;19.5;80.0;468.1
La Paila;2019-11-07;31.5;19.8;77.0;455.7
Bugalagrande;2019-11-08;31.8;18.8;78.0;479.8
La Paila;2019-11-08;32.1;19.8;76.0;460.5
Bugalagrande;2019-11-09;26.8;18.8;90.0;216.3
La Paila;2019-11-09;27.0;19.8;86.0;267.6
Bugalagrande;2019-11-10;29.9;18.1;81.0;498.0
La Paila;2019-11-10;30.1;19.8;79.0;428.6
Bugalagrande;2019-11-11;30.3;19.5;82.0;433.9
La Paila;2019-11-11;30.4;20.5;78.0;491.3
Bugalagrande;2019-11-12;27.3;19.5;89.0;280.6
La Paila;2019-11-12;27.2;19.8;89.0;285.2
Bugalagrande;2019-11-13;27.1;19.3;92.0;275.3
La Paila;2019-11-13;27.3;19.8;90.0;325.6
Bugalagrande;2019-11-14;28.5;19.2;88.0;383.5
La Paila;2019-11-14;30.6;19.8;86.0;429.3
Bugalagrande;2019-11-15;28.9;19.5;88.0;363.0
La Paila;2019-11-15;28.9;19.8;85.0;351.7
Bugalagrande;2019-11-16;30.3;18.8;85.0;442.6
La Paila;2019-11-16;28.0;19.8;86.0;336.7
Bugalagrande;2019-11-17;29.0;18.8;85.0;372.8
La Paila;2019-11-17;30.1;19.8;82.0;404.8
Bugalagrande;2019-11-18;31.3;18.8;86.0;347.3
La Paila;2019-11-18;30.6;19.8;81.0;473.6
Bugalagrande;2019-11-19;31.3;17.1;86.0;468.3
La Paila;2019-11-19;30.9;19.1;86.0;504.2
Bugalagrande;2019-11-20;30.1;17.6;84.0;507.7
La Paila;2019-11-20;30.8;18.6;82.0;484.9
Bugalagrande;2019-11-21;31.0;17.9;81.0;464.5
La Paila;2019-11-21;30.8;20.0;79.0;535.3
Bugalagrande;2019-11-22;28.5;17.4;87.0;331.6
La Paila;2019-11-22;28.9;18.4;87.0;343.0
Bugalagrande;2019-11-23;29.9;17.4;82.0;408.0
La Paila;2019-11-23;31.3;18.5;81.0;484.4
Bugalagrande;2019-11-24;32.0;17.8;80.0;421.7
La Paila;2019-11-24;31.3;17.9;79.0;509.8
Bugalagrande;2019-11-25;31.7;17.2;80.0;454.8
La Paila;2019-11-25;31.6;18.8;78.0;484.4
Bugalagrande;2019-11-26;33.4;18.5;80.0;376.0
La Paila;2019-11-26;32.3;19.1;78.0;460.2
Bugalagrande;2019-11-27;30.6;17.6;83.0;289.2
La Paila;2019-11-27;30.9;19.1;79.0;403.6
Bugalagrande;2019-11-28;30.6;18.1;82.0;320.3
La Paila;2019-11-28;30.1;18.8;81.0;362.7
Bugalagrande;2019-11-29;29.9;19.5;85.0;324.4
La Paila;2019-11-29;29.6;19.7;83.0;355.9
Bugalagrande;2019-11-30;30.3;18.8;82.0;426.5
La Paila;2019-11-30;31.5;19.8;81.0;443.6
Bugalagrande;2019-12-01;32.0;20.6;81.0;442.8
La Paila;2019-12-01;31.6;21.0;79.0;454.0
Bugalagrande;2019-12-02;33.2;19.5;79.0;508.2
La Paila;2019-12-02;32.3;19.7;76.0;483.3
Bugalagrande;2019-12-03;32.0;18.8;79.0;440.1
La Paila;2019-12-03;30.2;20.0;78.0;405.4
Bugalagrande;2019-12-04;30.6;19.5;86.0;400.0
La Paila;2019-12-04;30.9;20.5;84.0;378.8
Bugalagrande;2019-12-05;30.3;19.5;83.0;450.9
La Paila;2019-12-05;30.4;20.5;82.0;414.9
Bugalagrande;2019-12-06;29.7;18.8;87.0;386.5
La Paila;2019-12-06;30.2;19.5;83.0;367.6
Bugalagrande;2019-12-07;26.6;19.2;86.0;329.0
La Paila;2019-12-07;27.7;19.3;86.0;303.8
Bugalagrande;2019-12-08;29.6;17.4;81.0;530.9
La Paila;2019-12-08;30.9;18.6;84.0;500.7
Bugalagrande;2019-12-09;32.2;17.4;78.0;535.5
La Paila;2019-12-09;32.1;18.3;77.0;512.9
Bugalagrande;2019-12-10;31.3;17.4;80.0;511.1
La Paila;2019-12-10;31.3;19.3;79.0;440.7
Bugalagrande;2019-12-11;29.2;19.5;82.0;367.6
La Paila;2019-12-11;29.6;20.0;79.0;388.9
Bugalagrande;2019-12-12;28.5;18.8;89.0;342.0
La Paila;2019-12-12;27.1;19.8;88.0;325.9
Bugalagrande;2019-12-13;28.2;18.1;85.0;415.9
La Paila;2019-12-13;30.1;18.6;81.0;454.4
Bugalagrande;2019-12-14;29.9;19.5;86.0;444.3
La Paila;2019-12-14;29.6;20.0;84.0;464.2
Bugalagrande;2019-12-15;30.6;19.3;82.0;461.7
La Paila;2019-12-15;30.4;19.8;81.0;455.4
Bugalagrande;2019-12-16;31.8;18.8;80.0;538.5
La Paila;2019-12-16;30.8;19.7;81.0;394.7
Bugalagrande;2019-12-17;31.8;20.2;89.0;391.5
La Paila;2019-12-17;30.9;20.3;86.0;410.6
Bugalagrande;2019-12-18;29.6;19.5;86.0;453.9
La Paila;2019-12-18;29.6;19.8;85.0;400.7
Bugalagrande;2019-12-19;31.3;18.5;79.0;483.6
La Paila;2019-12-19;32.3;18.8;78.0;539.1
Bugalagrande;2019-12-20;31.8;18.8;84.0;487.4
La Paila;2019-12-20;33.0;19.8;77.0;500.4
Bugalagrande;2019-12-21;31.0;19.5;84.0;460.1
La Paila;2019-12-21;30.6;19.8;80.0;366.3
Bugalagrande;2019-12-22;31.7;19.5;80.0;489.7
La Paila;2019-12-22;32.3;19.3;77.0;436.6
Bugalagrande;2019-12-23;30.8;19.5;84.0;371.7
La Paila;2019-12-23;31.0;20.5;85.0;454.1
Bugalagrande;2019-12-24;31.3;18.8;81.0;428.2
La Paila;2019-12-24;31.6;19.8;82.0;470.0
Bugalagrande;2019-12-25;33.0;19.5;84.0;475.2
La Paila;2019-12-25;33.0;19.8;81.0;491.1
Bugalagrande;2019-12-26;32.5;19.2;80.0;489.1
La Paila;2019-12-26;32.3;19.8;82.0;487.4
Bugalagrande;2019-12-27;30.1;19.9;87.0;299.5
La Paila;2019-12-27;29.6;20.5;86.0;286.3
Bugalagrande;2019-12-28;32.5;19.5;83.0;516.6
La Paila;2019-12-28;32.8;19.8;81.0;513.7
Bugalagrande;2019-12-29;31.8;18.8;83.0;451.3
La Paila;2019-12-29;32.3;19.7;83.0;452.8
Bugalagrande;2019-12-30;30.3;20.2;88.0;366.6
La Paila;2019-12-30;29.6;20.5;86.0;343.3
Bugalagrande;2019-12-31;28.9;19.9;86.0;436.0
La Paila;2019-12-31;29.4;19.8;85.0;400.6
Bugalagrande;2020-01-01;30.3;19.5;85.0;492.4
La Paila;2020-01-01;30.8;20.5;80.0;481.9
Bugalagrande;2020-01-02;31.7;19.5;81.0;549.9
La Paila;2020-01-02;31.6;18.6;80.0;507.8
Bugalagrande;2020-01-03;32.0;19.5;79.0;536.2
La Paila;2020-01-03;32.1;19.8;78.0;452.4
Bugalagrande;2020-01-04;32.5;17.1;77.0;553.5
La Paila;2020-01-04;32.3;18.1;75.0;520.1
Bugalagrande;2020-01-05;31.7;17.4;80.0;492.3
La Paila;2020-01-05;31.6;18.8;77.0;477.8
Bugalagrande;2020-01-06;31.3;16.7;79.0;515.6
La Paila;2020-01-06;31.6;17.2;76.0;493.7
Bugalagrande;2020-01-07;32.0;16.6;77.0;531.6
La Paila;2020-01-07;32.3;18.6;74.0;500.8
Bugalagrande;2020-01-08;31.3;15.7;76.0;516.4
La Paila;2020-01-08;33.0;16.6;75.0;534.9
Bugalagrande;2020-01-09;31.8;16.2;75.0;539.0
La Paila;2020-01-09;32.8;17.2;74.0;515.7
Bugalagrande;2020-01-10;32.4;16.2;77.0;540.2
La Paila;2020-01-10;33.0;16.9;74.0;523.3
Bugalagrande;2020-01-11;31.3;16.9;77.0;485.9
La Paila;2020-01-11;33.7;17.1;73.0;523.1
Bugalagrande;2020-01-12;33.2;16.9;76.0;488.5
La Paila;2020-01-12;34.5;17.9;72.0;571.2
Bugalagrande;2020-01-13;32.7;16.4;77.0;538.4
La Paila;2020-01-13;34.4;17.2;73.0;545.2
Bugalagrande;2020-01-14;32.5;17.2;76.0;482.6
La Paila;2020-01-14;33.0;18.3;74.0;470.5
Bugalagrande;2020-01-15;31.3;17.4;78.0;391.6
La Paila;2020-01-15;32.3;18.3;76.0;400.8
Bugalagrande;2020-01-16;33.7;17.1;75.0;558.8
La Paila;2020-01-16;35.1;18.8;74.0;531.5
Bugalagrande;2020-01-17;34.4;16.7;74.0;548.2
La Paila;2020-01-17;35.3;17.2;72.0;540.3
Bugalagrande;2020-01-18;33.4;16.7;75.0;481.5
La Paila;2020-01-18;35.6;17.8;73.0;519.2
Bugalagrande;2020-01-19;33.0;18.3;77.0;494.1
La Paila;2020-01-19;33.5;19.8;74.0;439.5
Bugalagrande;2020-01-20;28.0;20.2;85.0;188.4
La Paila;2020-01-20;27.4;20.7;83.0;163.0
Bugalagrande;2020-01-21;26.8;18.1;90.0;279.8
La Paila;2020-01-21;28.4;19.3;83.0;317.6
Bugalagrande;2020-01-22;26.1;16.9;89.0;239.8
La Paila;2020-01-22;26.2;18.6;87.0;219.0
Bugalagrande;2020-01-23;31.0;16.2;79.0;476.2
La Paila;2020-01-23;31.6;17.2;78.0;476.3
Bugalagrande;2020-01-24;31.8;16.9;78.0;471.0
La Paila;2020-01-24;32.3;17.9;76.0;459.8
Bugalagrande;2020-01-25;32.9;18.8;80.0;457.7
La Paila;2020-01-25;33.2;20.7;75.0;476.9
Bugalagrande;2020-01-26;31.7;20.0;79.0;483.4
La Paila;2020-01-26;32.1;20.5;74.0;451.5
Bugalagrande;2020-01-27;30.6;19.5;81.0;523.0
La Paila;2020-01-27;30.4;19.8;81.0;458.5
Bugalagrande;2020-01-28;30.6;19.9;77.0;428.0
La Paila;2020-01-28;30.9;19.5;77.0;438.2
Bugalagrande;2020-01-29;32.5;18.1;80.0;525.8
La Paila;2020-01-29;32.0;18.6;82.0;481.4
Bugalagrande;2020-01-30;33.0;17.4;77.0;541.5
La Paila;2020-01-30;32.3;18.6;78.0;503.9
Bugalagrande;2020-01-31;32.7;18.8;76.0;486.4
La Paila;2020-01-31;33.7;19.7;75.0;487.7
Bugalagrande;2020-02-01;34.1;18.1;73.0;537.5
La Paila;2020-02-01;33.7;18.6;74.0;502.0
Bugalagrande;2020-02-02;32.2;18.1;79.0;529.3
La Paila;2020-02-02;32.7;18.8;77.0;480.1
Bugalagrande;2020-02-03;33.9;18.3;77.0;536.4
La Paila;2020-02-03;33.7;18.6;74.0;530.8
Bugalagrande;2020-02-04;33.2;18.1;72.0;583.5
La Paila;2020-02-04;33.7;19.1;71.0;568.5
Bugalagrande;2020-02-05;33.0;16.4;72.0;584.1
La Paila;2020-02-05;33.7;17.9;70.0;575.9
Bugalagrande;2020-02-06;33.4;15.7;72.0;583.2
La Paila;2020-02-06;33.2;17.2;69.0;555.4
Bugalagrande;2020-02-07;32.9;16.4;72.0;515.0
La Paila;2020-02-07;33.7;17.9;70.0;549.9
Bugalagrande;2020-02-08;32.0;17.9;74.0;468.9
La Paila;2020-02-08;31.6;19.3;70.0;419.3
Bugalagrande;2020-02-09;32.0;18.1;74.0;452.2
La Paila;2020-02-09;32.3;18.6;74.0;427.2
Bugalagrande;2020-02-10;34.1;17.6;74.0;582.0
La Paila;2020-02-10;34.2;18.6;71.0;541.5
Bugalagrande;2020-02-11;34.4;18.1;71.0;564.6
La Paila;2020-02-11;34.4;18.5;69.0;566.2
Bugalagrande;2020-02-12;33.7;17.6;71.0;597.3
La Paila;2020-02-12;34.2;19.0;69.0;542.0
Bugalagrande;2020-02-13;34.4;17.6;72.0;556.7
La Paila;2020-02-13;34.2;18.6;70.0;559.0
Bugalagrande;2020-02-14;32.0;18.1;76.0;421.6
La Paila;2020-02-14;30.2;19.7;74.0;321.2
Bugalagrande;2020-02-15;34.2;17.4;73.0;557.6
La Paila;2020-02-15;34.9;18.5;71.0;540.8
Bugalagrande;2020-02-16;34.8;19.5;72.0;528.0
La Paila;2020-02-16;35.2;19.8;69.0;560.6
Bugalagrande;2020-02-17;35.8;18.1;71.0;608.1
La Paila;2020-02-17;35.2;19.7;70.0;570.8
Bugalagrande;2020-02-18;35.8;16.9;70.0;572.3
La Paila;2020-02-18;36.1;18.6;68.0;552.4
Bugalagrande;2020-02-19;33.4;18.1;74.0;385.8
La Paila;2020-02-19;33.0;19.1;72.0;399.6
Bugalagrande;2020-02-20;27.5;20.9;84.0;204.2
La Paila;2020-02-20;28.5;21.6;81.0;193.9
Bugalagrande;2020-02-21;31.3;20.2;78.0;438.7
La Paila;2020-02-21;31.3;21.0;76.0;358.2
Bugalagrande;2020-02-22;30.6;20.2;91.0;350.2
La Paila;2020-02-22;30.6;20.5;87.0;353.9
Bugalagrande;2020-02-23;31.8;20.2;80.0;497.3
La Paila;2020-02-23;32.0;20.9;81.0;455.2
Bugalagrande;2020-02-24;31.8;19.3;83.0;383.4
La Paila;2020-02-24;31.6;19.8;80.0;379.1
Bugalagrande;2020-02-25;29.9;18.8;85.0;460.9
La Paila;2020-02-25;30.9;19.3;83.0;461.3
Bugalagrande;2020-02-26;27.8;19.2;86.0;257.3
La Paila;2020-02-26;27.3;19.7;86.0;263.8
Bugalagrande;2020-02-27;31.8;18.8;75.0;611.0
La Paila;2020-02-27;32.3;20.5;75.0;563.5
Bugalagrande;2020-02-28;33.1;20.2;76.0;520.0
La Paila;2020-02-28;32.1;19.8;75.0;492.8
Bugalagrande;2020-02-29;33.7;18.8;75.0;595.6
La Paila;2020-02-29;33.9;19.1;73.0;609.5
Bugalagrande;2020-03-01;32.9;20.9;78.0;508.8
La Paila;2020-03-01;33.7;20.5;77.0;491.5
Bugalagrande;2020-03-02;33.0;20.9;81.0;415.6
La Paila;2020-03-02;32.3;20.5;84.0;439.8
Bugalagrande;2020-03-03;31.8;19.5;80.0;443.3
La Paila;2020-03-03;32.8;19.3;81.0;471.5
Bugalagrande;2020-03-04;34.4;19.5;73.0;590.7
La Paila;2020-03-04;34.4;19.8;74.0;626.0
Bugalagrande;2020-03-05;34.4;18.3;73.0;600.1
La Paila;2020-03-05;35.1;18.6;73.0;603.8
Bugalagrande;2020-03-06;34.2;19.5;75.0;567.6
La Paila;2020-03-06;34.9;19.3;72.0;589.3
Bugalagrande;2020-03-07;30.6;19.2;87.0;314.0
La Paila;2020-03-07;30.9;19.8;85.0;325.6
Bugalagrande;2020-03-08;32.5;18.1;77.0;598.1
La Paila;2020-03-08;33.7;19.0;79.0;557.8
Bugalagrande;2020-03-09;33.2;20.2;73.0;540.1
La Paila;2020-03-09;33.9;20.5;73.0;564.2
Bugalagrande;2020-03-10;31.3;19.5;80.0;531.1
La Paila;2020-03-10;31.8;19.8;75.0;518.3
Bugalagrande;2020-03-11;30.8;20.9;79.0;469.0
La Paila;2020-03-11;30.9;21.2;74.0;417.8
Bugalagrande;2020-03-12;32.2;20.9;76.0;541.0
La Paila;2020-03-12;32.3;20.9;73.0;502.3
Bugalagrande;2020-03-13;31.3;20.9;76.0;399.6
La Paila;2020-03-13;30.3;21.2;77.0;339.5
Bugalagrande;2020-03-14;29.2;20.9;83.0;474.9
La Paila;2020-03-14;29.4;19.8;84.0;363.5
Bugalagrande;2020-03-15;30.6;20.2;82.0;501.0
La Paila;2020-03-15;30.9;20.8;83.0;470.6
Bugalagrande;2020-03-16;30.6;19.5;83.0;386.4
La Paila;2020-03-16;31.3;20.0;81.0;396.8
Bugalagrande;2020-03-17;32.4;20.2;75.0;564.3
La Paila;2020-03-17;31.6;20.5;75.0;606.6
Bugalagrande;2020-03-18;32.7;19.5;73.0;626.9
La Paila;2020-03-18;33.0;20.5;72.0;610.6
Bugalagrande;2020-03-19;32.4;18.3;73.0;568.3
La Paila;2020-03-19;32.1;19.3;72.0;611.9
Bugalagrande;2020-03-20;28.9;17.9;78.0;331.2
La Paila;2020-03-20;30.1;19.0;75.0;421.9
Bugalagrande;2020-03-21;32.0;15.7;71.0;650.8
La Paila;2020-03-21;32.0;16.4;71.0;656.1
Bugalagrande;2020-03-22;33.2;13.3;70.0;663.1
La Paila;2020-03-22;33.7;14.5;68.0;653.3
Bugalagrande;2020-03-23;33.7;15.7;71.0;606.1
La Paila;2020-03-23;34.0;16.2;70.0;621.7
Bugalagrande;2020-03-24;28.5;18.8;82.0;355.4
La Paila;2020-03-24;27.5;19.8;84.0;296.5
Bugalagrande;2020-03-25;32.0;18.1;75.0;507.9
La Paila;2020-03-25;32.1;19.3;76.0;528.1
Bugalagrande;2020-03-26;32.9;20.2;77.0;543.7
La Paila;2020-03-26;33.0;21.2;74.0;563.0
Bugalagrande;2020-03-27;33.0;18.8;73.0;600.3
La Paila;2020-03-27;33.7;19.3;71.0;597.6
Bugalagrande;2020-03-28;32.9;18.3;70.0;561.2
La Paila;2020-03-28;32.3;19.0;70.0;544.1
Bugalagrande;2020-03-29;30.6;20.2;73.0;407.9
La Paila;2020-03-29;32.1;20.5;76.0;502.4
Bugalagrande;2020-03-30;28.5;19.5;76.0;288.0
La Paila;2020-03-30;29.7;19.1;78.0;357.1
Bugalagrande;2020-03-31;30.3;20.2;78.0;407.3
La Paila;2020-03-31;30.4;20.5;76.0;354.4
Bugalagrande;2020-04-01;29.9;20.2;77.0;411.0
La Paila;2020-04-01;30.2;20.8;76.0;439.1
Bugalagrande;2020-04-02;32.7;18.5;74.0;544.1
La Paila;2020-04-02;33.0;19.0;73.0;513.7
Bugalagrande;2020-04-03;34.1;19.5;70.0;558.2
La Paila;2020-04-03;33.9;19.3;70.0;555.0
Bugalagrande;2020-04-04;33.4;20.2;70.0;494.3
La Paila;2020-04-04;34.9;20.5;69.0;528.1
Bugalagrande;2020-04-05;34.1;19.2;71.0;524.4
La Paila;2020-04-05;34.5;20.0;70.0;585.7
Bugalagrande;2020-04-06;33.1;20.9;70.0;476.6
La Paila;2020-04-06;34.3;21.2;70.0;494.1
Bugalagrande;2020-04-07;31.8;18.8;80.0;597.5
La Paila;2020-04-07;31.5;19.8;81.0;530.4
Bugalagrande;2020-04-08;33.2;20.2;80.0;568.3
La Paila;2020-04-08;33.7;20.0;77.0;570.9
Bugalagrande;2020-04-09;31.0;21.1;79.0;351.4
La Paila;2020-04-09;31.5;21.7;78.0;381.3
Bugalagrande;2020-04-10;32.8;20.9;78.0;416.8
La Paila;2020-04-10;32.8;21.6;78.0;458.8
Bugalagrande;2020-04-11;27.8;20.2;91.0;285.1
La Paila;2020-04-11;27.2;21.0;89.0;225.6
Bugalagrande;2020-04-12;29.2;20.6;87.0;362.5
La Paila;2020-04-12;29.9;20.5;87.0;376.7
Bugalagrande;2020-04-13;29.6;20.6;84.0;424.0
La Paila;2020-04-13;29.7;21.2;83.0;405.7
Bugalagrande;2020-04-14;27.1;18.8;88.0;316.7
La Paila;2020-04-14;27.3;19.8;85.0;298.1
Bugalagrande;2020-04-15;28.5;19.5;89.0;452.7
La Paila;2020-04-15;28.9;19.8;86.0;475.2
Bugalagrande;2020-04-16;30.3;19.2;81.0;538.5
La Paila;2020-04-16;31.6;19.7;78.0;593.2
Bugalagrande;2020-04-17;32.1;18.1;77.0;596.0
La Paila;2020-04-17;33.0;18.6;76.0;588.5
Bugalagrande;2020-04-18;27.8;19.5;86.0;347.2
La Paila;2020-04-18;28.4;20.5;82.0;346.7
Bugalagrande;2020-04-19;31.1;18.6;81.0;604.6
La Paila;2020-04-19;32.3;19.1;78.0;585.7
Bugalagrande;2020-04-20;31.8;18.8;85.0;524.8
La Paila;2020-04-20;32.8;18.6;78.0;586.2
Bugalagrande;2020-04-21;30.3;18.8;89.0;517.1
La Paila;2020-04-21;30.2;19.8;85.0;467.5
Bugalagrande;2020-04-22;30.6;19.2;86.0;445.6
La Paila;2020-04-22;31.5;19.3;86.0;416.2
Bugalagrande;2020-04-23;29.9;19.0;88.0;407.9
La Paila;2020-04-23;30.9;18.6;85.0;451.2
Bugalagrande;2020-04-24;29.9;19.5;90.0;409.1
La Paila;2020-04-24;30.4;19.8;87.0;457.9
Bugalagrande;2020-04-25;31.8;20.2;83.0;535.0
La Paila;2020-04-25;33.3;20.2;82.0;548.5
Bugalagrande;2020-04-26;32.0;19.7;78.0;582.1
La Paila;2020-04-26;32.8;19.3;77.0;603.1
Bugalagrande;2020-04-27;30.6;18.1;81.0;506.5
La Paila;2020-04-27;30.8;18.6;82.0;408.3
Bugalagrande;2020-04-28;30.6;20.6;84.0;486.8
La Paila;2020-04-28;30.8;20.5;83.0;468.2
Bugalagrande;2020-04-29;32.0;19.2;84.0;536.9
La Paila;2020-04-29;33.0;19.3;84.0;552.8
Bugalagrande;2020-04-30;31.3;20.2;82.0;550.2
La Paila;2020-04-30;31.6;21.2;82.0;582.7
Bugalagrande;2020-05-01;30.6;20.2;89.0;421.4
La Paila;2020-05-01;31.5;21.2;87.0;422.2
Bugalagrande;2020-05-02;31.0;20.9;83.0;460.1
La Paila;2020-05-02;31.6;21.2;80.0;442.7
Bugalagrande;2020-05-03;31.8;19.7;82.0;506.8
La Paila;2020-05-03;32.3;19.8;78.0;489.7
Bugalagrande;2020-05-04;31.0;19.9;80.0;481.2
La Paila;2020-05-04;32.1;19.8;78.0;488.1
Bugalagrande;2020-05-05;31.3;20.2;81.0;378.0
La Paila;2020-05-05;31.6;20.5;78.0;399.2
Bugalagrande;2020-05-06;30.6;19.5;77.0;456.1
La Paila;2020-05-06;31.3;19.8;77.0;456.3
Bugalagrande;2020-05-07;32.0;20.9;78.0;498.1
La Paila;2020-05-07;32.0;21.2;79.0;471.2
Bugalagrande;2020-05-08;28.9;19.5;83.0;257.2
La Paila;2020-05-08;30.8;20.3;82.0;300.6
Bugalagrande;2020-05-09;34.1;20.2;75.0;579.0
La Paila;2020-05-09;33.7;21.2;76.0;544.0
Bugalagrande;2020-05-10;33.7;19.5;82.0;468.6
La Paila;2020-05-10;34.0;19.8;81.0;506.6
Bugalagrande;2020-05-11;32.0;20.6;83.0;463.5
La Paila;2020-05-11;31.6;20.9;82.0;477.1
Bugalagrande;2020-05-12;29.9;19.5;87.0;413.1
La Paila;2020-05-12;30.2;20.5;83.0;420.1
Bugalagrande;2020-05-13;26.8;18.8;88.0;221.5
La Paila;2020-05-13;27.3;19.3;86.0;274.8
Bugalagrande;2020-05-14;32.7;17.4;77.0;544.3
La Paila;2020-05-14;32.7;17.9;78.0;556.3
Bugalagrande;2020-05-15;33.0;19.9;82.0;400.4
La Paila;2020-05-15;33.2;20.5;80.0;481.6
Bugalagrande;2020-05-16;34.4;18.1;77.0;518.2
La Paila;2020-05-16;33.8;19.0;76.0;589.7
Bugalagrande;2020-05-17;33.4;20.9;82.0;497.2
La Paila;2020-05-17;32.8;20.9;81.0;477.6
Bugalagrande;2020-05-18;31.8;20.2;85.0;453.7
La Paila;2020-05-18;32.1;20.3;83.0;437.3
Bugalagrande;2020-05-19;27.3;20.9;88.0;306.8
La Paila;2020-05-19;28.9;20.9;86.0;327.5
Bugalagrande;2020-05-20;33.4;19.5;78.0;601.8
La Paila;2020-05-20;33.3;20.0;79.0;526.7
Bugalagrande;2020-05-21;33.2;20.2;78.0;457.3
La Paila;2020-05-21;32.3;20.3;77.0;514.3
Bugalagrande;2020-05-22;32.0;20.7;80.0;401.5
La Paila;2020-05-22;31.6;20.5;79.0;393.0
Bugalagrande;2020-05-23;34.8;20.4;76.0;601.8
La Paila;2020-05-23;34.2;20.2;76.0;556.0
Bugalagrande;2020-05-24;32.7;20.9;79.0;383.9
La Paila;2020-05-24;32.0;19.8;79.0;386.5
Bugalagrande;2020-05-25;33.7;18.8;76.0;477.4
La Paila;2020-05-25;33.0;19.1;77.0;467.6
Bugalagrande;2020-05-26;32.7;20.9;81.0;446.1
La Paila;2020-05-26;33.5;20.0;80.0;492.2
Bugalagrande;2020-05-27;29.9;19.5;84.0;294.8
La Paila;2020-05-27;30.2;19.8;83.0;377.1
Bugalagrande;2020-05-28;31.3;17.6;85.0;392.6
La Paila;2020-05-28;31.6;18.6;85.0;396.0
Bugalagrande;2020-05-29;30.1;18.8;85.0;467.2
La Paila;2020-05-29;30.2;19.8;87.0;478.5
Bugalagrande;2020-05-30;27.5;20.0;92.0;357.5
La Paila;2020-05-30;26.8;20.3;91.0;276.2
Bugalagrande;2020-05-31;30.4;19.7;82.0;423.0
La Paila;2020-05-31;30.9;19.8;86.0;498.6
Bugalagrande;2020-06-01;31.8;20.0;88.0;387.9
La Paila;2020-06-01;30.4;19.1;89.0;324.9
Bugalagrande;2020-06-02;29.2;19.9;85.0;369.2
La Paila;2020-06-02;30.9;19.3;85.0;431.0
Bugalagrande;2020-06-03;23.7;18.8;98.0;135.6
La Paila;2020-06-03;26.3;19.3;94.0;266.4
Bugalagrande;2020-06-04;30.6;18.8;85.0;500.9
La Paila;2020-06-04;29.6;19.3;84.0;475.2
Bugalagrande;2020-06-05;31.7;19.5;85.0;432.2
La Paila;2020-06-05;31.6;19.3;86.0;422.8
Bugalagrande;2020-06-06;29.6;18.8;88.0;331.0
La Paila;2020-06-06;29.1;19.3;88.0;347.0
Bugalagrande;2020-06-07;31.8;18.8;86.0;487.8
La Paila;2020-06-07;32.0;19.0;83.0;461.0
Bugalagrande;2020-06-08;31.3;18.1;82.0;498.2
La Paila;2020-06-08;31.6;18.6;81.0;505.5
Bugalagrande;2020-06-09;32.0;18.8;81.0;440.7
La Paila;2020-06-09;30.9;19.8;80.0;422.9
Bugalagrande;2020-06-10;31.0;18.8;79.0;464.7
La Paila;2020-06-10;30.4;18.6;77.0;427.7
Bugalagrande;2020-06-11;30.3;19.5;82.0;365.0
La Paila;2020-06-11;29.4;19.8;84.0;417.0
Bugalagrande;2020-06-12;30.6;19.5;82.0;440.7
La Paila;2020-06-12;30.8;19.8;81.0;503.1
Bugalagrande;2020-06-13;32.5;18.1;86.0;476.1
La Paila;2020-06-13;32.1;18.6;83.0;519.0
Bugalagrande;2020-06-14;31.7;19.5;89.0;473.7
La Paila;2020-06-14;31.5;19.3;88.0;439.1
Bugalagrande;2020-06-15;32.5;19.5;79.0;515.5
La Paila;2020-06-15;32.5;19.1;81.0;519.2
Bugalagrande;2020-06-16;31.0;18.6;83.0;452.3
La Paila;2020-06-16;32.3;18.8;85.0;481.4
Bugalagrande;2020-06-17;27.5;18.8;92.0;281.9
La Paila;2020-06-17;27.0;19.3;92.0;281.0
Bugalagrande;2020-06-18;31.1;18.8;83.0;501.0
La Paila;2020-06-18;31.1;18.6;82.0;449.6
Bugalagrande;2020-06-19;30.8;19.5;78.0;501.0
La Paila;2020-06-19;30.9;19.8;79.0;430.4
Bugalagrande;2020-06-20;31.8;19.5;84.0;470.8
La Paila;2020-06-20;32.0;20.5;80.0;493.6
Bugalagrande;2020-06-21;31.8;19.5;79.0;514.0
La Paila;2020-06-21;32.6;20.2;79.0;529.0
Bugalagrande;2020-06-22;31.3;20.2;77.0;502.9
La Paila;2020-06-22;31.6;19.8;79.0;444.8
Bugalagrande;2020-06-23;30.6;18.8;82.0;409.0
La Paila;2020-06-23;31.6;19.3;80.0;417.1
Bugalagrande;2020-06-24;31.5;18.1;79.0;502.2
La Paila;2020-06-24;31.6;18.6;77.0;521.4
Bugalagrande;2020-06-25;32.4;18.8;79.0;427.6
La Paila;2020-06-25;30.9;19.8;80.0;379.6
Bugalagrande;2020-06-26;30.4;19.0;83.0;415.9
La Paila;2020-06-26;31.3;19.8;81.0;330.4
Bugalagrande;2020-06-27;31.1;19.5;79.0;528.6
La Paila;2020-06-27;31.6;20.0;82.0;543.8
Bugalagrande;2020-06-28;26.8;19.3;88.0;299.5
La Paila;2020-06-28;27.5;19.3;89.0;304.7
Bugalagrande;2020-06-29;32.0;17.4;82.0;541.6
La Paila;2020-06-29;31.5;17.9;81.0;578.8
Bugalagrande;2020-06-30;31.0;19.5;80.0;436.9
La Paila;2020-06-30;30.8;20.0;82.0;362.5
Bugalagrande;2020-07-01;31.3;19.2;87.0;458.9
La Paila;2020-07-01;30.9;19.3;87.0;360.7
Bugalagrande;2020-07-02;29.7;19.5;84.0;488.5
La Paila;2020-07-02;30.6;19.3;83.0;478.5
Bugalagrande;2020-07-03;28.9;19.5;85.0;334.8
La Paila;2020-07-03;28.0;19.3;83.0;302.5
Bugalagrande;2020-07-04;28.3;18.8;90.0;393.4
La Paila;2020-07-04;29.4;19.3;88.0;413.2
Bugalagrande;2020-07-05;28.3;18.1;92.0;325.5
La Paila;2020-07-05;28.3;19.1;91.0;310.6
Bugalagrande;2020-07-06;29.9;17.4;84.0;495.9
La Paila;2020-07-06;30.1;18.5;84.0;481.2
Bugalagrande;2020-07-07;29.9;19.9;86.0;345.1
La Paila;2020-07-07;29.6;20.5;84.0;334.1
Bugalagrande;2020-07-08;30.4;18.5;79.0;498.7
La Paila;2020-07-08;30.8;18.6;80.0;481.2
Bugalagrande;2020-07-09;32.7;18.8;76.0;457.6
La Paila;2020-07-09;32.1;19.3;75.0;592.7
Bugalagrande;2020-07-10;28.3;19.5;91.0;280.1
La Paila;2020-07-10;28.9;19.3;89.0;306.3
Bugalagrande;2020-07-11;28.7;18.8;85.0;419.4
La Paila;2020-07-11;28.9;19.3;84.0;401.0
Bugalagrande;2020-07-12;28.9;18.1;86.0;377.3
La Paila;2020-07-12;29.1;19.3;85.0;388.6
Bugalagrande;2020-07-13;32.4;18.8;80.0;468.3
La Paila;2020-07-13;31.6;19.3;79.0;473.2
Bugalagrande;2020-07-14;31.8;18.8;79.0;469.0
La Paila;2020-07-14;32.0;19.1;78.0;495.4
Bugalagrande;2020-07-15;32.5;17.9;79.0;471.4
La Paila;2020-07-15;33.3;17.9;80.0;538.2
Bugalagrande;2020-07-16;32.0;18.8;75.0;435.0
La Paila;2020-07-16;31.8;19.1;76.0;484.0
Bugalagrande;2020-07-17;33.6;16.7;79.0;590.4
La Paila;2020-07-17;33.7;17.2;79.0;588.4
Bugalagrande;2020-07-18;33.2;16.7;77.0;595.8
La Paila;2020-07-18;32.8;17.6;79.0;550.3
Bugalagrande;2020-07-19;32.0;18.1;78.0;463.0
La Paila;2020-07-19;31.6;18.3;80.0;523.0
Bugalagrande;2020-07-20;31.3;19.2;79.0;452.9
La Paila;2020-07-20;30.9;19.3;79.0;417.6
Bugalagrande;2020-07-21;31.3;18.8;85.0;429.4
La Paila;2020-07-21;30.9;19.8;82.0;442.8
Bugalagrande;2020-07-22;28.5;18.8;86.0;384.6
La Paila;2020-07-22;28.9;19.3;83.0;466.6
Bugalagrande;2020-07-23;29.9;17.4;85.0;448.3
La Paila;2020-07-23;30.9;18.3;85.0;419.9
Bugalagrande;2020-07-24;30.6;18.8;86.0;526.7
La Paila;2020-07-24;30.9;19.3;86.0;461.3
Bugalagrande;2020-07-25;27.8;18.3;88.0;315.7
La Paila;2020-07-25;26.9;19.3;89.0;267.6
Bugalagrande;2020-07-26;31.7;17.4;80.0;552.0
La Paila;2020-07-26;32.3;17.9;80.0;481.6
Bugalagrande;2020-07-27;30.3;19.0;80.0;452.0
La Paila;2020-07-27;30.3;20.0;80.0;414.7
Bugalagrande;2020-07-28;32.0;19.2;81.0;527.6
La Paila;2020-07-28;32.6;19.3;77.0;537.7
Bugalagrande;2020-07-29;32.7;17.6;79.0;472.7
La Paila;2020-07-29;32.3;19.0;80.0;497.6
Bugalagrande;2020-07-30;32.0;17.4;85.0;439.7
La Paila;2020-07-30;33.1;19.3;79.0;514.9
Bugalagrande;2020-07-31;33.7;18.5;80.0;605.6
La Paila;2020-07-31;34.2;19.3;76.0;569.7
Bugalagrande;2020-08-01;32.7;18.1;76.0;533.1
La Paila;2020-08-01;33.5;19.3;75.0;546.5
Bugalagrande;2020-08-02;34.1;16.4;73.0;621.9
La Paila;2020-08-02;33.7;16.6;73.0;584.6
Bugalagrande;2020-08-03;33.4;16.7;74.0;533.2
La Paila;2020-08-03;33.0;17.9;74.0;505.8
Bugalagrande;2020-08-04;33.1;17.4;69.0;619.8
La Paila;2020-08-04;33.0;18.6;68.0;602.3
Bugalagrande;2020-08-05;31.0;16.9;74.0;415.6
La Paila;2020-08-05;31.5;17.9;72.0;426.1
Bugalagrande;2020-08-06;30.1;16.4;79.0;360.2
La Paila;2020-08-06;30.4;17.2;78.0;344.1
Bugalagrande;2020-08-07;32.4;19.5;77.0;440.3
La Paila;2020-08-07;32.5;19.3;74.0;520.8
Bugalagrande;2020-08-08;34.3;18.1;74.0;607.8
La Paila;2020-08-08;34.4;18.8;74.0;484.2
Bugalagrande;2020-08-09;32.7;17.4;76.0;501.7
La Paila;2020-08-09;33.5;18.3;75.0;444.2
Bugalagrande;2020-08-10;32.7;18.8;76.0;485.6
La Paila;2020-08-10;33.7;20.3;74.0;484.7
Bugalagrande;2020-08-11;33.7;18.8;78.0;579.7
La Paila;2020-08-11;33.7;19.3;75.0;556.4
Bugalagrande;2020-08-12;31.3;18.8;81.0;487.4
La Paila;2020-08-12;32.8;19.3;79.0;583.5
Bugalagrande;2020-08-13;32.2;20.2;87.0;439.0
La Paila;2020-08-13;32.8;20.4;84.0;420.7
Bugalagrande;2020-08-14;30.4;19.7;89.0;420.5
La Paila;2020-08-14;29.7;19.8;88.0;409.9
Bugalagrande;2020-08-15;29.9;18.8;89.0;300.5
La Paila;2020-08-15;29.6;19.3;87.0;317.5
Bugalagrande;2020-08-16;29.2;18.1;86.0;457.7
La Paila;2020-08-16;30.2;18.3;81.0;508.6
Bugalagrande;2020-08-17;28.7;18.1;86.0;357.7
La Paila;2020-08-17;29.1;18.6;85.0;362.8
Bugalagrande;2020-08-18;29.9;20.2;87.0;495.8
La Paila;2020-08-18;30.2;20.3;88.0;388.1
Bugalagrande;2020-08-19;27.8;19.5;93.0;296.7
La Paila;2020-08-19;27.3;20.0;89.0;325.5
Bugalagrande;2020-08-20;30.6;19.5;83.0;544.4
La Paila;2020-08-20;31.6;19.8;82.0;515.5
Bugalagrande;2020-08-21;29.9;20.2;84.0;436.6
La Paila;2020-08-21;29.2;20.3;84.0;428.7
Bugalagrande;2020-08-22;29.9;18.5;86.0;380.0
La Paila;2020-08-22;29.6;19.3;85.0;395.4
Bugalagrande;2020-08-23;31.3;18.1;82.0;525.8
La Paila;2020-08-23;32.1;19.0;82.0;511.5
Bugalagrande;2020-08-24;30.6;18.1;79.0;608.8
La Paila;2020-08-24;30.6;18.6;80.0;555.7
Bugalagrande;2020-08-25;29.2;19.5;85.0;419.1
La Paila;2020-08-25;30.2;19.8;85.0;399.8
Bugalagrande;2020-08-26;31.3;19.5;79.0;569.5
La Paila;2020-08-26;30.9;19.0;79.0;502.5
Bugalagrande;2020-08-27;30.6;18.8;79.0;495.2
La Paila;2020-08-27;31.6;19.3;76.0;514.1
Bugalagrande;2020-08-28;31.1;18.1;77.0;602.0
La Paila;2020-08-28;31.6;17.9;76.0;544.6
Bugalagrande;2020-08-29;29.6;18.8;88.0;351.4
La Paila;2020-08-29;29.1;19.1;88.0;353.4
Bugalagrande;2020-08-30;27.5;17.8;89.0;307.5
La Paila;2020-08-30;27.5;18.6;87.0;334.8
Bugalagrande;2020-08-31;31.3;16.4;82.0;545.0
La Paila;2020-08-31;31.5;16.9;80.0;543.4
Bugalagrande;2020-09-01;30.3;19.0;83.0;438.3
La Paila;2020-09-01;30.6;19.8;86.0;418.9
Bugalagrande;2020-09-02;28.9;18.8;85.0;370.5
La Paila;2020-09-02;29.6;19.3;82.0;441.7
Bugalagrande;2020-09-03;32.4;17.4;76.0;605.9
La Paila;2020-09-03;31.8;18.5;76.0;597.1
Bugalagrande;2020-09-04;29.2;19.9;83.0;269.6
La Paila;2020-09-04;30.9;20.0;80.0;435.7
Bugalagrande;2020-09-05;34.3;19.3;78.0;583.4
La Paila;2020-09-05;33.0;19.3;78.0;609.9
Bugalagrande;2020-09-06;29.9;18.8;80.0;512.7
La Paila;2020-09-06;30.9;19.3;79.0;548.8
Bugalagrande;2020-09-07;30.6;16.9;76.0;418.3
La Paila;2020-09-07;30.1;17.2;77.0;518.3
Bugalagrande;2020-09-08;26.8;18.8;89.0;279.0
La Paila;2020-09-08;26.8;19.3;86.0;339.9
Bugalagrande;2020-09-09;30.6;16.7;80.0;625.0
La Paila;2020-09-09;30.6;17.2;79.0;562.9
Bugalagrande;2020-09-10;32.7;18.1;78.0;513.7
La Paila;2020-09-10;33.0;18.6;77.0;625.1
Bugalagrande;2020-09-11;32.7;18.1;83.0;470.9
La Paila;2020-09-11;32.3;18.6;82.0;477.8
Bugalagrande;2020-09-12;32.0;17.4;82.0;477.1
La Paila;2020-09-12;31.5;18.5;78.0;494.2
Bugalagrande;2020-09-13;32.4;18.1;80.0;362.4
La Paila;2020-09-13;32.3;18.6;82.0;499.2
Bugalagrande;2020-09-14;33.1;17.4;77.0;466.3
La Paila;2020-09-14;33.3;17.4;79.0;586.9
Bugalagrande;2020-09-15;31.0;17.4;81.0;368.9
La Paila;2020-09-15;31.6;17.9;79.0;519.1
Bugalagrande;2020-09-16;29.9;17.4;84.0;449.4
La Paila;2020-09-16;29.9;17.9;85.0;459.2
Bugalagrande;2020-09-17;29.9;17.4;81.0;401.4
La Paila;2020-09-17;30.9;19.3;80.0;539.3
Bugalagrande;2020-09-18;30.4;18.8;88.0;340.0
La Paila;2020-09-18;30.6;19.3;83.0;388.0
Bugalagrande;2020-09-19;32.0;17.4;81.0;531.6
La Paila;2020-09-19;32.0;17.9;78.0;573.0
Bugalagrande;2020-09-20;32.0;18.8;85.0;275.9
La Paila;2020-09-20;30.9;20.0;82.0;395.9
Bugalagrande;2020-09-21;32.9;18.1;78.0;430.0
La Paila;2020-09-21;32.3;19.3;77.0;529.6
Bugalagrande;2020-09-22;32.7;18.6;78.0;467.6
La Paila;2020-09-22;33.0;19.3;77.0;536.2
Bugalagrande;2020-09-23;30.6;18.3;80.0;371.0
La Paila;2020-09-23;30.2;18.6;80.0;386.9
Bugalagrande;2020-09-24;32.5;18.5;80.0;542.1
La Paila;2020-09-24;33.0;18.6;81.0;504.1
Bugalagrande;2020-09-25;32.7;17.1;78.0;565.7
La Paila;2020-09-25;32.0;16.6;76.0;559.1
Bugalagrande;2020-09-26;30.6;18.8;78.0;427.6
La Paila;2020-09-26;30.9;17.9;82.0;356.0
Bugalagrande;2020-09-27;32.7;18.5;82.0;569.1
La Paila;2020-09-27;32.3;19.3;79.0;546.7
Bugalagrande;2020-09-28;32.7;18.8;79.0;584.8
La Paila;2020-09-28;32.7;18.6;77.0;508.7
Bugalagrande;2020-09-29;29.2;17.4;80.0;328.9
La Paila;2020-09-29;29.6;18.6;79.0;347.4
Bugalagrande;2020-09-30;32.7;18.1;79.0;395.9
La Paila;2020-09-30;32.3;19.1;77.0;453.4
Bugalagrande;2020-10-01;33.2;17.4;75.0;518.9
La Paila;2020-10-01;32.8;17.9;76.0;499.9
Bugalagrande;2020-10-02;32.7;17.4;76.0;489.8
La Paila;2020-10-02;31.8;19.1;75.0;477.7
Bugalagrande;2020-10-03;32.5;17.4;78.0;452.9
La Paila;2020-10-03;30.8;19.1;75.0;389.0
Bugalagrande;2020-10-04;27.0;18.8;90.0;369.2
La Paila;2020-10-04;28.4;19.7;85.0;390.6
Bugalagrande;2020-10-05;32.9;18.5;78.0;569.8
La Paila;2020-10-05;32.3;18.6;77.0;580.3
Bugalagrande;2020-10-06;32.0;17.4;78.0;546.0
La Paila;2020-10-06;32.1;18.1;78.0;507.6
Bugalagrande;2020-10-07;29.6;17.4;88.0;319.5
La Paila;2020-10-07;30.1;18.6;82.0;351.6
Bugalagrande;2020-10-08;31.7;18.1;79.0;585.1
La Paila;2020-10-08;32.0;18.8;80.0;505.2
Bugalagrande;2020-10-09;33.4;17.6;77.0;500.8
La Paila;2020-10-09;31.5;19.0;78.0;491.4
Bugalagrande;2020-10-10;34.6;16.4;74.0;606.3
La Paila;2020-10-10;34.0;16.6;74.0;604.4
Bugalagrande;2020-10-11;33.2;18.3;74.0;537.4
La Paila;2020-10-11;32.3;19.3;74.0;502.1
Bugalagrande;2020-10-12;33.9;16.9;74.0;606.6
La Paila;2020-10-12;34.0;18.5;75.0;587.0
Bugalagrande;2020-10-13;30.3;19.5;78.0;418.1
La Paila;2020-10-13;29.9;19.8;80.0;461.4
Bugalagrande;2020-10-14;32.9;17.4;81.0;588.6
La Paila;2020-10-14;32.7;18.3;79.0;602.4
Bugalagrande;2020-10-15;32.7;17.4;81.0;587.6
La Paila;2020-10-15;31.8;18.6;79.0;587.1
Bugalagrande;2020-10-16;32.7;18.8;79.0;522.1
La Paila;2020-10-16;31.6;20.4;77.0;406.5
Bugalagrande;2020-10-17;30.6;18.5;79.0;357.0
La Paila;2020-10-17;31.6;18.6;79.0;417.8
Bugalagrande;2020-10-18;32.7;18.1;81.0;433.3
La Paila;2020-10-18;31.5;19.5;78.0;448.8
Bugalagrande;2020-10-19;27.0;18.8;90.0;316.9
La Paila;2020-10-19;27.0;19.1;88.0;303.5
Bugalagrande;2020-10-20;32.0;18.1;78.0;623.1
La Paila;2020-10-20;31.6;18.6;76.0;607.6
Bugalagrande;2020-10-21;30.3;19.5;81.0;358.7
La Paila;2020-10-21;30.3;20.4;79.0;382.9
Bugalagrande;2020-10-22;32.5;19.5;80.0;515.8
La Paila;2020-10-22;32.3;20.5;79.0;417.2
Bugalagrande;2020-10-23;32.4;18.8;84.0;497.5
La Paila;2020-10-23;32.8;19.7;84.0;427.9
Bugalagrande;2020-10-24;26.8;18.5;88.0;301.5
La Paila;2020-10-24;27.5;19.3;88.0;350.8
Bugalagrande;2020-10-25;32.0;16.7;80.0;552.6
La Paila;2020-10-25;31.8;17.2;82.0;513.1
Bugalagrande;2020-10-26;32.5;19.5;86.0;532.9
La Paila;2020-10-26;32.3;20.0;81.0;525.3
Bugalagrande;2020-10-27;30.6;17.9;90.0;400.0
La Paila;2020-10-27;31.5;17.9;88.0;419.6
Bugalagrande;2020-10-28;28.5;16.7;85.0;394.7
La Paila;2020-10-28;28.5;16.9;84.0;387.9
Bugalagrande;2020-10-29;31.3;17.1;76.0;591.1
La Paila;2020-10-29;31.1;17.2;76.0;553.7
Bugalagrande;2020-10-30;31.3;18.1;80.0;459.2
La Paila;2020-10-30;31.6;19.3;78.0;466.0
Bugalagrande;2020-10-31;28.0;19.7;89.0;309.4
La Paila;2020-10-31;28.5;20.0;83.0;297.5
Bugalagrande;2020-11-01;29.2;18.8;79.0;462.6
La Paila;2020-11-01;30.3;19.3;76.0;469.3
Bugalagrande;2020-11-02;32.7;18.8;75.0;588.6
La Paila;2020-11-02;32.1;19.3;74.0;542.9
Bugalagrande;2020-11-03;32.4;18.3;72.0;585.5
La Paila;2020-11-03;32.8;18.6;73.0;545.8
Bugalagrande;2020-11-04;32.9;16.9;74.0;599.1
La Paila;2020-11-04;32.3;17.2;73.0;587.8
Bugalagrande;2020-11-05;29.9;18.8;81.0;353.9
La Paila;2020-11-05;30.2;20.0;79.0;301.3
Bugalagrande;2020-11-06;29.9;18.8;81.0;465.3
La Paila;2020-11-06;29.6;19.3;80.0;388.1
Bugalagrande;2020-11-07;33.2;18.1;74.0;561.6
La Paila;2020-11-07;32.3;18.6;74.0;548.4
Bugalagrande;2020-11-08;32.3;16.7;75.0;549.4
La Paila;2020-11-08;31.8;17.2;77.0;531.1
Bugalagrande;2020-11-09;30.6;19.5;90.0;339.7
La Paila;2020-11-09;29.9;20.0;89.0;305.8
Bugalagrande;2020-11-10;28.2;19.0;92.0;301.8
La Paila;2020-11-10;29.2;20.0;89.0;342.9
Bugalagrande;2020-11-11;26.3;18.1;92.0;310.4
La Paila;2020-11-11;27.0;18.6;91.0;230.4
Bugalagrande;2020-11-12;29.2;17.4;83.0;420.4
La Paila;2020-11-12;29.6;18.3;83.0;378.3
Bugalagrande;2020-11-13;31.0;19.3;86.0;520.6
La Paila;2020-11-13;31.1;19.3;81.0;545.1
Bugalagrande;2020-11-14;28.2;18.1;85.0;419.8
La Paila;2020-11-14;28.9;18.6;82.0;462.3
Bugalagrande;2020-11-15;31.3;18.5;78.0;570.2
La Paila;2020-11-15;31.6;18.3;76.0;550.7
Bugalagrande;2020-11-16;30.6;18.8;82.0;456.1
La Paila;2020-11-16;30.2;19.3;79.0;462.5
Bugalagrande;2020-11-17;27.8;19.5;90.0;298.1
La Paila;2020-11-17;27.0;19.8;89.0;279.2
Bugalagrande;2020-11-18;30.3;18.8;83.0;543.4
La Paila;2020-11-18;30.8;20.0;81.0;527.1
Bugalagrande;2020-11-19;30.3;19.5;83.0;493.0
La Paila;2020-11-19;30.8;20.2;83.0;488.9
Bugalagrande;2020-11-20;28.2;20.0;89.0;376.8
La Paila;2020-11-20;29.6;20.0;87.0;405.0
Bugalagrande;2020-11-21;30.3;18.5;85.0;464.7
La Paila;2020-11-21;30.2;18.6;84.0;508.7
Bugalagrande;2020-11-22;32.0;18.1;80.0;516.1
La Paila;2020-11-22;32.3;19.3;80.0;495.2
Bugalagrande;2020-11-23;33.1;18.1;81.0;503.1
La Paila;2020-11-23;32.3;20.0;78.0;487.6
Bugalagrande;2020-11-24;31.3;20.2;87.0;526.1
La Paila;2020-11-24;32.0;19.8;86.0;445.4
Bugalagrande;2020-11-25;29.2;18.8;87.0;437.2
La Paila;2020-11-25;31.5;19.5;86.0;377.9
Bugalagrande;2020-11-26;30.3;18.1;85.0;573.1
La Paila;2020-11-26;30.9;18.6;85.0;513.6
Bugalagrande;2020-11-27;28.6;19.2;89.0;376.6
La Paila;2020-11-27;29.6;19.6;88.0;479.7
Bugalagrande;2020-11-28;29.2;18.6;83.0;526.5
La Paila;2020-11-28;30.1;19.3;83.0;466.4
Bugalagrande;2020-11-29;30.6;19.5;82.0;467.5
La Paila;2020-11-29;33.0;20.0;78.0;443.6
Bugalagrande;2020-11-30;30.6;18.6;84.0;432.1
La Paila;2020-11-30;30.2;19.3;86.0;377.4
Bugalagrande;2020-12-01;29.9;17.4;85.0;483.6
La Paila;2020-12-01;30.2;18.8;84.0;376.3
Bugalagrande;2020-12-02;29.0;19.2;89.0;365.6
La Paila;2020-12-02;29.0;20.3;86.0;428.2
Bugalagrande;2020-12-03;31.0;19.5;84.0;469.1
La Paila;2020-12-03;31.3;20.0;82.0;497.0
Bugalagrande;2020-12-04;32.0;18.8;84.0;503.8
La Paila;2020-12-04;30.9;20.0;80.0;425.1
Bugalagrande;2020-12-05;30.4;18.1;83.0;405.3
La Paila;2020-12-05;31.3;18.6;81.0;395.1
Bugalagrande;2020-12-06;32.0;18.5;80.0;497.1
La Paila;2020-12-06;32.0;19.3;78.0;445.6
Bugalagrande;2020-12-07;30.6;18.8;82.0;462.3
La Paila;2020-12-07;31.0;19.8;80.0;460.2
Bugalagrande;2020-12-08;30.3;19.5;88.0;438.1
La Paila;2020-12-08;30.3;19.8;85.0;357.2
Bugalagrande;2020-12-09;30.8;18.1;87.0;491.9
La Paila;2020-12-09;30.9;19.0;82.0;411.2
Bugalagrande;2020-12-10;31.3;18.8;83.0;496.0
La Paila;2020-12-10;32.1;19.8;79.0;447.9
Bugalagrande;2020-12-11;30.6;17.4;81.0;458.2
La Paila;2020-12-11;31.3;19.7;77.0;440.8
Bugalagrande;2020-12-12;31.7;18.1;79.0;518.2
La Paila;2020-12-12;31.6;19.7;76.0;463.5
Bugalagrande;2020-12-13;31.7;18.5;79.0;524.7
La Paila;2020-12-13;32.1;18.6;78.0;439.2
Bugalagrande;2020-12-14;31.3;17.4;80.0;454.2
La Paila;2020-12-14;31.3;18.3;78.0;444.6
Bugalagrande;2020-12-15;30.6;18.8;85.0;425.3
La Paila;2020-12-15;30.4;18.6;81.0;461.5
Bugalagrande;2020-12-16;32.0;18.8;79.0;565.8
La Paila;2020-12-16;32.1;18.6;78.0;499.9
Bugalagrande;2020-12-17;29.2;18.1;83.0;371.9
La Paila;2020-12-17;30.2;20.0;80.0;344.7
Bugalagrande;2020-12-18;30.6;18.8;82.0;510.1
La Paila;2020-12-18;30.9;20.0;83.0;431.2
Bugalagrande;2020-12-19;31.0;19.5;83.0;507.4
La Paila;2020-12-19;30.9;20.0;83.0;428.4
Bugalagrande;2020-12-20;29.2;19.5;84.0;357.5
La Paila;2020-12-20;29.9;19.8;84.0;355.4
Bugalagrande;2020-12-21;31.5;18.8;77.0;562.4
La Paila;2020-12-21;31.6;19.0;78.0;490.6
Bugalagrande;2020-12-22;29.9;17.6;82.0;396.5
La Paila;2020-12-22;30.1;18.8;80.0;336.7
Bugalagrande;2020-12-23;31.0;19.5;80.0;469.6
La Paila;2020-12-23;31.3;20.0;79.0;417.4
Bugalagrande;2020-12-24;31.0;18.8;82.0;422.0
La Paila;2020-12-24;30.9;19.7;78.0;360.8
Bugalagrande;2020-12-25;28.2;18.8;88.0;360.5
La Paila;2020-12-25;29.6;20.0;88.0;310.7
Bugalagrande;2020-12-26;27.5;18.1;91.0;293.8
La Paila;2020-12-26;26.3;18.6;90.0;269.2
Bugalagrande;2020-12-27;28.5;18.1;87.0;400.2
La Paila;2020-12-27;28.9;19.3;85.0;357.5
Bugalagrande;2020-12-28;29.4;17.9;85.0;502.0
La Paila;2020-12-28;29.7;18.3;81.0;434.6
Bugalagrande;2020-12-29;30.3;17.4;82.0;452.9
La Paila;2020-12-29;28.7;17.9;82.0;330.7
Bugalagrande;2020-12-30;30.6;17.6;83.0;423.7
La Paila;2020-12-30;30.1;19.1;78.0;431.5
Bugalagrande;2020-12-31;31.0;18.1;81.0;548.5
La Paila;2020-12-31;31.6;19.1;79.0;487.4
Bugalagrande;2021-01-01;30.6;18.8;86.0;444.4
La Paila;2021-01-01;30.9;20.0;86.0;401.9
Bugalagrande;2021-01-02;29.9;18.6;85.0;432.1
La Paila;2021-01-02;29.6;19.3;81.0;455.5
Bugalagrande;2021-01-03;29.9;18.8;88.0;405.7
La Paila;2021-01-03;29.4;19.7;86.0;401.3
Bugalagrande;2021-01-04;30.6;18.8;85.0;472.0
La Paila;2021-01-04;30.9;20.0;81.0;465.9
Bugalagrande;2021-01-05;26.5;18.5;93.0;230.9
La Paila;2021-01-05;26.5;20.0;86.0;261.2
Bugalagrande;2021-01-06;28.9;16.2;84.0;380.1
La Paila;2021-01-06;28.7;17.9;80.0;380.3
Bugalagrande;2021-01-07;31.1;18.8;81.0;506.0
La Paila;2021-01-07;31.5;19.7;77.0;441.2
Bugalagrande;2021-01-08;29.2;17.9;85.0;403.5
La Paila;2021-01-08;28.4;19.3;86.0;251.2
Bugalagrande;2021-01-09;28.6;18.1;85.0;424.5
La Paila;2021-01-09;28.7;18.3;84.0;417.4
Bugalagrande;2021-01-10;31.3;17.4;81.0;489.6
La Paila;2021-01-10;31.1;18.3;80.0;415.1
Bugalagrande;2021-01-11;30.6;19.2;84.0;439.6
La Paila;2021-01-11;29.9;20.0;84.0;431.2
Bugalagrande;2021-01-12;30.6;18.8;81.0;458.8
La Paila;2021-01-12;31.3;19.3;80.0;481.1
Bugalagrande;2021-01-13;31.7;16.2;81.0;466.9
La Paila;2021-01-13;31.6;17.9;79.0;540.5
Bugalagrande;2021-01-14;32.5;17.4;78.0;494.4
La Paila;2021-01-14;32.7;18.6;78.0;521.5
Bugalagrande;2021-01-15;32.0;18.1;79.0;468.6
La Paila;2021-01-15;32.0;19.3;77.0;469.0
Bugalagrande;2021-01-16;32.5;18.1;80.0;503.9
La Paila;2021-01-16;32.1;19.3;78.0;531.9
Bugalagrande;2021-01-17;31.0;17.6;79.0;502.6
La Paila;2021-01-17;31.6;19.3;76.0;489.0
Bugalagrande;2021-01-18;31.3;18.1;79.0;443.4
La Paila;2021-01-18;32.1;19.7;77.0;461.6
Bugalagrande;2021-01-19;32.2;16.7;77.0;534.2
La Paila;2021-01-19;32.8;17.9;75.0;489.3
Bugalagrande;2021-01-20;32.0;16.9;78.0;438.2
La Paila;2021-01-20;31.6;17.8;75.0;509.6
Bugalagrande;2021-01-21;32.4;17.4;79.0;463.5
La Paila;2021-01-21;32.0;18.3;74.0;499.9
Bugalagrande;2021-01-22;31.3;19.5;78.0;399.6
La Paila;2021-01-22;32.1;20.0;74.0;450.3
Bugalagrande;2021-01-23;29.7;18.1;84.0;363.4
La Paila;2021-01-23;31.1;19.1;82.0;391.6
Bugalagrande;2021-01-24;31.7;16.4;81.0;424.4
La Paila;2021-01-24;30.2;17.1;81.0;354.5
Bugalagrande;2021-01-25;31.7;16.7;80.0;395.4
La Paila;2021-01-25;31.6;17.9;77.0;429.0
Bugalagrande;2021-01-26;31.5;17.4;77.0;441.7
La Paila;2021-01-26;31.3;18.5;78.0;415.9
Bugalagrande;2021-01-27;33.0;18.8;76.0;560.7
La Paila;2021-01-27;32.3;19.3;78.0;466.2
Bugalagrande;2021-01-28;31.3;18.1;76.0;450.4
La Paila;2021-01-28;31.6;19.3;75.0;471.7
Bugalagrande;2021-01-29;33.2;18.8;75.0;536.0
La Paila;2021-01-29;33.0;19.7;72.0;540.8
Bugalagrande;2021-01-30;33.2;17.4;76.0;509.3
La Paila;2021-01-30;33.0;18.6;72.0;516.6
Bugalagrande;2021-01-31;33.9;16.4;75.0;588.8
La Paila;2021-01-31;34.0;16.6;73.0;543.1
Bugalagrande;2021-02-01;32.7;17.1;76.0;492.2
La Paila;2021-02-01;32.8;18.3;73.0;440.4
Bugalagrande;2021-02-02;33.0;19.5;74.0;534.5
La Paila;2021-02-02;34.4;20.5;70.0;509.2
Bugalagrande;2021-02-03;33.7;18.1;76.0;505.2
La Paila;2021-02-03;34.4;19.3;71.0;481.0
Bugalagrande;2021-02-04;33.4;17.4;75.0;559.3
La Paila;2021-02-04;33.0;18.6;71.0;454.5
Bugalagrande;2021-02-05;32.7;18.1;86.0;383.8
La Paila;2021-02-05;32.0;20.0;78.0;397.7
Bugalagrande;2021-02-06;32.9;19.5;81.0;378.3
La Paila;2021-02-06;32.1;20.0;77.0;415.7
Bugalagrande;2021-02-07;32.5;19.3;81.0;436.0
La Paila;2021-02-07;32.8;20.0;73.0;474.6
Bugalagrande;2021-02-08;31.3;18.5;81.0;372.0
La Paila;2021-02-08;33.3;19.1;77.0;390.0
Bugalagrande;2021-02-09;29.9;18.8;84.0;398.8
La Paila;2021-02-09;30.3;19.3;83.0;357.8
Bugalagrande;2021-02-10;29.9;19.3;85.0;445.5
La Paila;2021-02-10;30.8;20.3;82.0;467.9
Bugalagrande;2021-02-11;32.5;18.6;78.0;555.1
La Paila;2021-02-11;32.3;18.3;74.0;562.1
Bugalagrande;2021-02-12;29.0;19.5;87.0;345.7
La Paila;2021-02-12;29.1;20.5;84.0;286.7
Bugalagrande;2021-02-13;29.4;19.7;82.0;423.2
La Paila;2021-02-13;30.9;19.7;81.0;366.9
Bugalagrande;2021-02-14;32.0;18.6;78.0;460.5
La Paila;2021-02-14;32.3;19.7;77.0;483.7
Bugalagrande;2021-02-15;24.4;18.8;93.0;177.9
La Paila;2021-02-15;25.5;20.0;89.0;174.5
Bugalagrande;2021-02-16;29.9;17.4;78.0;545.1
La Paila;2021-02-16;30.8;18.6;76.0;501.6
Bugalagrande;2021-02-17;30.6;18.1;81.0;446.2
La Paila;2021-02-17;30.4;18.8;76.0;426.9
Bugalagrande;2021-02-18;29.9;18.8;84.0;496.9
La Paila;2021-02-18;30.4;19.3;82.0;461.8
Bugalagrande;2021-02-19;29.6;18.8;85.0;461.3
La Paila;2021-02-19;30.1;19.8;84.0;464.6
Bugalagrande;2021-02-20;31.0;19.3;83.0;467.4
La Paila;2021-02-20;30.9;20.0;74.0;511.2
Bugalagrande;2021-02-21;30.6;18.8;78.0;554.2
La Paila;2021-02-21;30.2;19.5;75.0;545.7
Bugalagrande;2021-02-22;28.5;19.7;81.0;407.1
La Paila;2021-02-22;28.5;20.0;79.0;385.0
Bugalagrande;2021-02-23;32.2;19.5;79.0;561.1
La Paila;2021-02-23;31.6;19.8;79.0;528.2
Bugalagrande;2021-02-24;32.2;17.4;77.0;580.6
La Paila;2021-02-24;32.7;17.9;75.0;500.9
Bugalagrande;2021-02-25;32.0;20.2;78.0;449.5
La Paila;2021-02-25;33.2;20.5;76.0;420.9
Bugalagrande;2021-02-26;32.0;18.8;85.0;433.2
La Paila;2021-02-26;32.3;20.0;80.0;398.5
Bugalagrande;2021-02-27;31.7;19.5;85.0;564.5
La Paila;2021-02-27;31.3;20.0;85.0;548.3
Bugalagrande;2021-02-28;31.3;19.9;90.0;431.1
La Paila;2021-02-28;30.1;20.4;89.0;349.5
Bugalagrande;2021-03-01;27.5;18.8;91.0;288.9
La Paila;2021-03-01;26.7;19.3;92.0;228.3
Bugalagrande;2021-03-02;29.2;18.8;88.0;401.8
La Paila;2021-03-02;29.9;19.3;84.0;489.3
Bugalagrande;2021-03-03;29.2;18.8;90.0;385.5
La Paila;2021-03-03;29.7;19.3;86.0;448.3
Bugalagrande;2021-03-04;30.6;19.5;82.0;497.5
La Paila;2021-03-04;30.8;20.0;78.0;450.8
Bugalagrande;2021-03-05;31.0;18.1;77.0;568.4
La Paila;2021-03-05;31.6;18.3;77.0;550.2
Bugalagrande;2021-03-06;30.8;19.0;80.0;432.7
La Paila;2021-03-06;32.1;20.0;77.0;524.9
Bugalagrande;2021-03-07;29.6;19.5;82.0;345.7
La Paila;2021-03-07;30.4;20.7;77.0;395.1
Bugalagrande;2021-03-08;27.1;18.8;94.0;272.8
La Paila;2021-03-08;26.8;18.5;90.0;246.7
Bugalagrande;2021-03-09;31.3;18.1;81.0;559.4
La Paila;2021-03-09;30.9;17.2;81.0;518.2
Bugalagrande;2021-03-10;27.8;18.5;92.0;271.0
La Paila;2021-03-10;28.5;19.3;88.0;268.1
Bugalagrande;2021-03-11;26.1;18.8;90.0;275.6
La Paila;2021-03-11;27.0;19.3;87.0;308.2
Bugalagrande;2021-03-12;26.8;18.8;89.0;306.7
La Paila;2021-03-12;28.2;19.3;87.0;314.3
Bugalagrande;2021-03-13;29.2;17.9;87.0;453.7
La Paila;2021-03-13;29.2;18.6;87.0;387.9
Bugalagrande;2021-03-14;32.0;17.4;80.0;553.4
La Paila;2021-03-14;32.3;17.9;78.0;617.8
Bugalagrande;2021-03-15;26.8;17.4;89.0;322.5
La Paila;2021-03-15;27.7;18.3;88.0;283.4
Bugalagrande;2021-03-16;28.9;18.8;84.0;408.8
La Paila;2021-03-16;28.4;19.0;83.0;394.4
Bugalagrande;2021-03-17;29.9;18.8;84.0;491.5
La Paila;2021-03-17;30.2;19.7;82.0;529.6
Bugalagrande;2021-03-18;28.2;18.1;87.0;503.6
La Paila;2021-03-18;26.5;19.8;89.0;294.5
Bugalagrande;2021-03-19;31.1;18.8;83.0;541.0
La Paila;2021-03-19;31.5;18.6;83.0;551.9
Bugalagrande;2021-03-20;28.2;19.0;87.0;404.8
La Paila;2021-03-20;28.5;18.6;88.0;381.9
Bugalagrande;2021-03-21;32.4;17.6;79.0;672.8
La Paila;2021-03-21;32.1;17.9;76.0;631.1
Bugalagrande;2021-03-22;25.1;18.8;93.0;237.3
La Paila;2021-03-22;24.6;18.6;92.0;213.4
Bugalagrande;2021-03-23;30.6;18.1;80.0;527.7
La Paila;2021-03-23;30.8;17.2;81.0;611.7
Bugalagrande;2021-03-24;29.2;19.5;84.0;374.0
La Paila;2021-03-24;30.2;20.0;83.0;413.4
Bugalagrande;2021-03-25;31.7;19.5;81.0;565.9
La Paila;2021-03-25;32.5;20.3;82.0;578.9
Bugalagrande;2021-03-26;31.3;19.0;87.0;398.0
La Paila;2021-03-26;32.1;20.0;86.0;407.6
Bugalagrande;2021-03-27;30.3;18.8;79.0;545.2
La Paila;2021-03-27;31.1;19.3;78.0;553.9
Bugalagrande;2021-03-28;29.2;20.2;85.0;380.5
La Paila;2021-03-28;29.2;20.5;85.0;401.9
Bugalagrande;2021-03-29;31.3;18.8;80.0;458.1
La Paila;2021-03-29;31.3;19.3;82.0;414.3
Bugalagrande;2021-03-30;32.7;18.3;79.0;525.5
La Paila;2021-03-30;32.3;18.6;79.0;536.5
Bugalagrande;2021-03-31;32.7;19.9;79.0;528.4
La Paila;2021-03-31;32.3;20.5;79.0;461.7
Bugalagrande;2021-04-01;24.4;18.1;95.0;117.7
La Paila;2021-04-01;24.3;19.3;94.0;117.3
Bugalagrande;2021-04-02;32.0;17.4;84.0;568.4
La Paila;2021-04-02;31.6;17.9;81.0;564.0
Bugalagrande;2021-04-03;30.6;19.5;85.0;389.4
La Paila;2021-04-03;30.2;20.0;85.0;405.4
Bugalagrande;2021-04-04;30.6;18.8;84.0;407.9
La Paila;2021-04-04;30.1;19.3;84.0;393.1
Bugalagrande;2021-04-05;29.2;18.8;81.0;464.4
La Paila;2021-04-05;30.2;19.7;80.0;418.1
Bugalagrande;2021-04-06;28.0;18.1;84.0;413.9
La Paila;2021-04-06;28.4;19.0;85.0;413.1
Bugalagrande;2021-04-07;28.4;17.4;86.0;337.1
La Paila;2021-04-07;28.7;17.9;86.0;363.1
Bugalagrande;2021-04-08;30.6;18.5;80.0;498.5
La Paila;2021-04-08;31.5;18.6;80.0;496.9
Bugalagrande;2021-04-09;27.7;18.1;93.0;263.9
La Paila;2021-04-09;29.6;18.6;92.0;291.6
Bugalagrande;2021-04-10;31.3;18.5;82.0;536.2
La Paila;2021-04-10;31.8;19.3;82.0;566.2
Bugalagrande;2021-04-11;30.6;19.5;85.0;431.6
La Paila;2021-04-11;31.3;20.5;83.0;439.9
Bugalagrande;2021-04-12;31.3;18.1;85.0;423.6
La Paila;2021-04-12;29.9;19.0;84.0;382.8
Bugalagrande;2021-04-13;32.7;20.9;77.0;534.5
La Paila;2021-04-13;33.4;20.0;78.0;567.2
Bugalagrande;2021-04-14;30.4;20.2;82.0;365.8
La Paila;2021-04-14;31.1;21.2;80.0;383.0
Bugalagrande;2021-04-15;30.6;20.4;81.0;356.8
La Paila;2021-04-15;30.3;20.4;80.0;369.7
Bugalagrande;2021-04-16;28.0;19.5;86.0;303.1
La Paila;2021-04-16;28.9;19.8;83.0;407.1
Bugalagrande;2021-04-17;31.3;18.8;83.0;377.7
La Paila;2021-04-17;31.3;18.6;82.0;430.6
Bugalagrande;2021-04-18;30.6;19.2;85.0;407.1
La Paila;2021-04-18;31.6;20.3;84.0;409.3
Bugalagrande;2021-04-19;31.3;19.3;83.0;519.3
La Paila;2021-04-19;31.6;19.3;82.0;506.7
Bugalagrande;2021-04-20;32.0;18.1;81.0;579.5
La Paila;2021-04-20;33.0;19.1;83.0;592.2
Bugalagrande;2021-04-21;31.3;19.2;84.0;543.4
La Paila;2021-04-21;30.6;19.7;83.0;479.9
Bugalagrande;2021-04-22;32.4;17.4;77.0;598.2
La Paila;2021-04-22;33.0;18.3;76.0;666.9
Bugalagrande;2021-04-23;27.7;19.5;90.0;256.7
La Paila;2021-04-23;28.2;20.0;88.0;322.7
Bugalagrande;2021-04-24;30.6;18.1;80.0;558.6
La Paila;2021-04-24;31.6;19.3;79.0;576.7
Bugalagrande;2021-04-25;31.0;18.8;82.0;395.8
La Paila;2021-04-25;31.6;20.0;82.0;428.8
Bugalagrande;2021-04-26;29.4;19.5;83.0;321.2
La Paila;2021-04-26;31.3;20.7;85.0;313.7
Bugalagrande;2021-04-27;30.1;19.2;88.0;411.3
La Paila;2021-04-27;30.2;20.0;88.0;365.8
Bugalagrande;2021-04-28;28.5;19.2;88.0;427.2
La Paila;2021-04-28;30.1;20.0;86.0;418.4
Bugalagrande;2021-04-29;28.5;18.8;89.0;471.5
La Paila;2021-04-29;29.9;19.3;86.0;494.7
Bugalagrande;2021-04-30;26.8;18.1;91.0;329.9
La Paila;2021-04-30;27.3;18.6;87.0;331.4
Bugalagrande;2021-05-01;30.4;17.4;79.0;557.6
La Paila;2021-05-01;30.1;18.5;78.0;612.2
Bugalagrande;2021-05-02;28.2;18.1;87.0;421.8
La Paila;2021-05-02;29.1;19.1;82.0;446.0
Bugalagrande;2021-05-03;28.9;18.1;86.0;457.0
La Paila;2021-05-03;28.9;19.7;83.0;442.1
Bugalagrande;2021-05-04;29.9;18.5;81.0;538.8
La Paila;2021-05-04;30.1;18.6;80.0;547.6
Bugalagrande;2021-05-05;31.3;16.7;81.0;488.3
La Paila;2021-05-05;31.6;17.9;78.0;527.7
Bugalagrande;2021-05-06;30.8;18.8;83.0;540.0
La Paila;2021-05-06;31.6;19.7;80.0;479.5
Bugalagrande;2021-05-07;31.3;18.8;80.0;577.3
La Paila;2021-05-07;31.6;19.0;78.0;612.3
Bugalagrande;2021-05-08;29.6;18.8;81.0;421.6
La Paila;2021-05-08;30.3;17.9;81.0;452.7
Bugalagrande;2021-05-09;30.6;19.5;83.0;542.4
La Paila;2021-05-09;31.6;19.7;82.0;544.2
Bugalagrande;2021-05-10;28.9;19.2;87.0;321.0
La Paila;2021-05-10;30.1;20.4;84.0;340.0
Bugalagrande;2021-05-11;32.0;18.8;81.0;561.9
La Paila;2021-05-11;33.0;19.3;81.0;548.1
Bugalagrande;2021-05-12;31.3;19.5;77.0;567.2
La Paila;2021-05-12;32.3;19.3;77.0;509.2
Bugalagrande;2021-05-13;32.9;19.9;79.0;621.5
La Paila;2021-05-13;33.0;20.0;77.0;598.3
Bugalagrande;2021-05-14;31.3;20.9;81.0;467.6
La Paila;2021-05-14;32.5;20.7;82.0;432.9
Bugalagrande;2021-05-15;31.7;20.9;89.0;444.2
La Paila;2021-05-15;32.3;21.2;87.0;462.2
Bugalagrande;2021-05-16;29.9;18.8;87.0;537.6
La Paila;2021-05-16;30.9;18.5;86.0;537.5
Bugalagrande;2021-05-17;27.8;19.9;92.0;334.1
La Paila;2021-05-17;28.7;20.5;90.0;340.0
Bugalagrande;2021-05-18;28.9;18.8;89.0;464.9
La Paila;2021-05-18;30.6;19.1;87.0;442.8
Bugalagrande;2021-05-19;30.6;18.8;82.0;520.0
La Paila;2021-05-19;32.0;19.0;83.0;534.3
Bugalagrande;2021-05-20;32.2;18.1;78.0;613.7
La Paila;2021-05-20;33.0;17.9;79.0;625.4
Bugalagrande;2021-05-21;31.8;19.5;85.0;472.1
La Paila;2021-05-21;32.0;19.3;83.0;479.7
Bugalagrande;2021-05-22;30.6;20.2;83.0;393.1
La Paila;2021-05-22;31.3;20.5;83.0;363.6
Bugalagrande;2021-05-23;29.2;20.9;83.0;342.2
La Paila;2021-05-23;29.6;20.2;83.0;375.7
Bugalagrande;2021-05-24;30.6;20.9;82.0;483.8
La Paila;2021-05-24;31.5;20.5;81.0;383.6
Bugalagrande;2021-05-25;31.3;20.2;81.0;479.8
La Paila;2021-05-25;32.0;20.7;78.0;452.7
Bugalagrande;2021-05-26;31.3;19.7;78.0;496.1
La Paila;2021-05-26;31.3;20.0;81.0;470.5
Bugalagrande;2021-05-27;28.9;20.2;80.0;331.4
La Paila;2021-05-27;31.5;20.4;80.0;462.4
Bugalagrande;2021-05-28;29.2;20.2;88.0;349.0
La Paila;2021-05-28;30.1;20.5;88.0;364.6
Bugalagrande;2021-05-29;29.6;19.5;84.0;536.4
La Paila;2021-05-29;29.9;19.3;82.0;512.6
Bugalagrande;2021-05-30;30.3;18.8;82.0;505.1
La Paila;2021-05-30;30.4;19.7;81.0;520.7
Bugalagrande;2021-05-31;29.9;19.2;89.0;331.5
La Paila;2021-05-31;30.4;19.8;87.0;390.0
Bugalagrande;2021-06-01;31.3;17.8;84.0;476.1
La Paila;2021-06-01;31.6;17.9;79.0;535.0
Bugalagrande;2021-06-02;32.0;18.5;81.0;448.0
La Paila;2021-06-02;32.5;18.6;78.0;513.8
Bugalagrande;2021-06-03;31.5;20.2;81.0;412.1
La Paila;2021-06-03;32.0;20.5;78.0;453.8
Bugalagrande;2021-06-04;27.3;18.1;88.0;391.2
La Paila;2021-06-04;28.4;19.1;88.0;315.1
Bugalagrande;2021-06-05;31.0;18.8;84.0;364.9
La Paila;2021-06-05;31.6;19.1;83.0;459.5
Bugalagrande;2021-06-06;29.2;19.3;89.0;312.7
La Paila;2021-06-06;29.7;20.0;88.0;324.2
Bugalagrande;2021-06-07;27.3;18.8;89.0;309.8
La Paila;2021-06-07;27.3;20.0;90.0;288.1
Bugalagrande;2021-06-08;25.9;18.8;92.0;222.8
La Paila;2021-06-08;27.1;20.0;91.0;259.9
Bugalagrande;2021-06-09;27.6;19.2;90.0;339.6
La Paila;2021-06-09;28.0;19.3;87.0;354.8
Bugalagrande;2021-06-10;27.5;18.8;90.0;285.6
La Paila;2021-06-10;28.9;19.3;87.0;328.7
Bugalagrande;2021-06-11;32.0;18.1;83.0;344.5
La Paila;2021-06-11;32.7;18.6;83.0;447.6
Bugalagrande;2021-06-12;31.0;17.4;81.0;426.4
La Paila;2021-06-12;31.6;18.6;80.0;521.0
Bugalagrande;2021-06-13;25.1;19.5;89.0;205.0
La Paila;2021-06-13;25.5;18.6;86.0;230.9
Bugalagrande;2021-06-14;30.6;18.8;88.0;438.9
La Paila;2021-06-14;30.2;19.3;85.0;428.1
Bugalagrande;2021-06-15;28.7;18.8;84.0;511.0
La Paila;2021-06-15;30.1;18.6;83.0;518.3
Bugalagrande;2021-06-16;30.3;18.1;83.0;446.8
La Paila;2021-06-16;30.9;19.3;82.0;512.4
Bugalagrande;2021-06-17;31.1;17.4;80.0;434.9
La Paila;2021-06-17;32.0;17.9;79.0;534.1
Bugalagrande;2021-06-18;31.5;18.8;78.0;472.4
La Paila;2021-06-18;32.5;19.3;76.0;511.4
Bugalagrande;2021-06-19;32.0;18.8;84.0;491.3
La Paila;2021-06-19;31.8;19.3;78.0;506.9
Bugalagrande;2021-06-20;29.9;18.8;83.0;418.5
La Paila;2021-06-20;31.1;20.0;81.0;413.6
Bugalagrande;2021-06-21;31.3;18.8;79.0;452.4
La Paila;2021-06-21;32.3;19.3;80.0;526.9
Bugalagrande;2021-06-22;29.6;16.9;81.0;402.1
La Paila;2021-06-22;30.2;17.9;80.0;458.0
Bugalagrande;2021-06-23;29.9;18.8;86.0;403.2
La Paila;2021-06-23;30.6;19.3;85.0;499.3
Bugalagrande;2021-06-24;29.0;18.8;84.0;398.8
La Paila;2021-06-24;28.9;18.8;84.0;415.8
Bugalagrande;2021-06-25;28.5;18.1;82.0;352.7
La Paila;2021-06-25;29.9;18.3;82.0;402.1
Bugalagrande;2021-06-26;30.3;18.8;77.0;515.4
La Paila;2021-06-26;31.1;19.0;78.0;524.2
Bugalagrande;2021-06-27;29.2;17.4;83.0;440.1
La Paila;2021-06-27;29.7;17.9;85.0;418.0
Bugalagrande;2021-06-28;31.8;16.2;78.0;534.6
La Paila;2021-06-28;32.3;17.2;78.0;567.0
Bugalagrande;2021-06-29;32.2;19.5;79.0;535.5
La Paila;2021-06-29;33.4;20.0;78.0;558.0
Bugalagrande;2021-06-30;29.9;18.1;81.0;372.8
La Paila;2021-06-30;30.2;18.6;80.0;394.2
Bugalagrande;2021-07-01;28.2;17.6;83.0;430.5
La Paila;2021-07-01;28.7;18.6;86.0;323.7
Bugalagrande;2021-07-02;32.0;18.3;79.0;562.0
La Paila;2021-07-02;32.8;19.3;78.0;570.5
Bugalagrande;2021-07-03;31.3;18.1;79.0;502.0
La Paila;2021-07-03;31.8;18.6;77.0;490.6
Bugalagrande;2021-07-04;31.7;15.9;77.0;510.9
La Paila;2021-07-04;31.1;17.1;76.0;524.3
Bugalagrande;2021-07-05;30.6;17.4;75.0;427.6
La Paila;2021-07-05;29.4;18.3;76.0;399.0
Bugalagrande;2021-07-06;32.5;15.7;74.0;607.5
La Paila;2021-07-06;33.0;15.4;75.0;589.6
Bugalagrande;2021-07-07;33.2;17.4;75.0;505.9
La Paila;2021-07-07;33.0;17.9;75.0;525.8
Bugalagrande;2021-07-08;31.3;18.1;78.0;512.2
La Paila;2021-07-08;33.0;18.6;79.0;561.4
Bugalagrande;2021-07-09;30.1;18.8;86.0;355.3
La Paila;2021-07-09;30.8;20.0;88.0;326.7
Bugalagrande;2021-07-10;29.2;19.5;81.0;378.3
La Paila;2021-07-10;29.2;19.5;80.0;424.0
Bugalagrande;2021-07-11;29.9;18.8;79.0;541.6
La Paila;2021-07-11;31.5;19.3;81.0;552.9
Bugalagrande;2021-07-12;32.2;17.6;74.0;499.0
La Paila;2021-07-12;32.3;18.3;79.0;511.1
Bugalagrande;2021-07-13;29.9;18.8;83.0;436.3
La Paila;2021-07-13;29.7;18.6;86.0;363.8
Bugalagrande;2021-07-14;31.0;17.4;80.0;481.5
La Paila;2021-07-14;31.6;17.2;83.0;462.9
Bugalagrande;2021-07-15;33.0;18.8;77.0;535.6
La Paila;2021-07-15;33.7;19.7;78.0;565.8
Bugalagrande;2021-07-16;29.9;18.8;81.0;517.4
La Paila;2021-07-16;30.4;19.3;79.0;454.5
Bugalagrande;2021-07-17;31.3;19.2;80.0;475.5
La Paila;2021-07-17;32.1;19.3;78.0;501.2
Bugalagrande;2021-07-18;30.3;18.8;81.0;415.0
La Paila;2021-07-18;30.8;19.8;83.0;435.0
Bugalagrande;2021-07-19;32.7;17.4;76.0;593.3
La Paila;2021-07-19;33.2;17.9;80.0;511.3
Bugalagrande;2021-07-20;33.2;16.5;73.0;587.0
La Paila;2021-07-20;33.7;17.2;76.0;468.6
Bugalagrande;2021-07-21;31.1;16.9;77.0;415.3
La Paila;2021-07-21;31.5;17.2;79.0;384.6
Bugalagrande;2021-07-22;32.0;18.8;75.0;454.4
La Paila;2021-07-22;31.5;19.3;78.0;441.3
Bugalagrande;2021-07-23;30.3;18.8;76.0;405.9
La Paila;2021-07-23;31.5;20.0;77.0;463.2
Bugalagrande;2021-07-24;28.5;18.8;90.0;251.5
La Paila;2021-07-24;27.7;19.7;88.0;261.8
Bugalagrande;2021-07-25;25.4;18.8;94.0;284.9
La Paila;2021-07-25;27.5;19.1;91.0;330.8
Bugalagrande;2021-07-26;29.9;18.5;84.0;523.9
La Paila;2021-07-26;31.3;18.6;83.0;475.1
Bugalagrande;2021-07-27;26.4;17.4;91.0;330.7
La Paila;2021-07-27;27.0;18.1;91.0;280.5
Bugalagrande;2021-07-28;31.0;16.2;81.0;562.9
La Paila;2021-07-28;31.5;16.6;82.0;518.6
Bugalagrande;2021-07-29;31.3;17.6;79.0;536.2
La Paila;2021-07-29;31.6;17.9;79.0;544.7
Bugalagrande;2021-07-30;31.7;18.1;79.0;568.7
La Paila;2021-07-30;33.0;18.6;79.0;565.9
Bugalagrande;2021-07-31;32.5;18.8;77.0;613.5
La Paila;2021-07-31;33.0;19.3;79.0;559.7
Bugalagrande;2021-08-01;31.3;18.8;78.0;427.7
La Paila;2021-08-01;31.1;18.6;78.0;416.2
Bugalagrande;2021-08-02;32.0;17.4;75.0;509.9
La Paila;2021-08-02;32.3;18.3;76.0;475.4
Bugalagrande;2021-08-03;29.9;18.8;76.0;416.6
La Paila;2021-08-03;30.9;18.6;75.0;446.5
Bugalagrande;2021-08-04;31.8;16.9;72.0;501.5
La Paila;2021-08-04;33.0;16.7;71.0;556.3
Bugalagrande;2021-08-05;32.7;15.7;71.0;578.0
La Paila;2021-08-05;32.3;15.9;71.0;583.4
Bugalagrande;2021-08-06;31.0;16.7;74.0;543.1
La Paila;2021-08-06;32.3;17.2;73.0;538.1
Bugalagrande;2021-08-07;31.8;15.7;76.0;531.9
La Paila;2021-08-07;32.3;16.6;79.0;536.3
Bugalagrande;2021-08-08;31.5;19.5;84.0;505.2
La Paila;2021-08-08;32.3;20.0;80.0;548.1
Bugalagrande;2021-08-09;31.3;18.8;82.0;562.9
La Paila;2021-08-09;31.5;18.6;80.0;548.5
Bugalagrande;2021-08-10;29.2;19.5;86.0;358.3
La Paila;2021-08-10;31.6;19.3;82.0;419.8
Bugalagrande;2021-08-11;31.3;20.2;78.0;547.4
La Paila;2021-08-11;30.9;20.0;79.0;521.3
Bugalagrande;2021-08-12;30.3;19.5;86.0;478.6
La Paila;2021-08-12;30.6;19.7;86.0;462.0
Bugalagrande;2021-08-13;29.9;18.8;82.0;519.6
La Paila;2021-08-13;29.9;19.3;82.0;471.2
Bugalagrande;2021-08-14;28.0;18.1;87.0;446.3
La Paila;2021-08-14;29.0;19.3;86.0;453.0
Bugalagrande;2021-08-15;27.8;18.1;87.0;423.1
La Paila;2021-08-15;27.8;18.6;87.0;343.0
Bugalagrande;2021-08-16;26.6;18.8;88.0;322.7
La Paila;2021-08-16;27.3;19.0;88.0;304.6
Bugalagrande;2021-08-17;29.9;18.8;83.0;531.2
La Paila;2021-08-17;30.9;18.8;82.0;481.5
Bugalagrande;2021-08-18;29.9;18.8;83.0;427.0
La Paila;2021-08-18;30.1;19.3;81.0;485.1
Bugalagrande;2021-08-19;28.5;18.8;90.0;398.6
La Paila;2021-08-19;29.6;19.3;88.0;399.2
Bugalagrande;2021-08-20;29.6;18.8;87.0;480.7
La Paila;2021-08-20;31.3;19.3;83.0;492.6
Bugalagrande;2021-08-21;31.3;17.4;81.0;569.3
La Paila;2021-08-21;32.1;17.9;80.0;562.2
Bugalagrande;2021-08-22;31.5;19.2;79.0;528.0
La Paila;2021-08-22;31.5;18.6;79.0;505.7
Bugalagrande;2021-08-23;29.9;18.8;88.0;416.4
La Paila;2021-08-23;31.1;19.8;87.0;447.0
Bugalagrande;2021-08-24;28.9;19.5;85.0;405.2
La Paila;2021-08-24;29.6;19.3;84.0;417.4
Bugalagrande;2021-08-25;26.6;19.5;89.0;346.2
La Paila;2021-08-25;26.3;20.0;92.0;287.7
Bugalagrande;2021-08-26;29.9;18.8;83.0;470.9
La Paila;2021-08-26;30.6;19.3;83.0;457.9
Bugalagrande;2021-08-27;29.9;19.5;82.0;504.3
La Paila;2021-08-27;30.2;20.0;81.0;465.7
Bugalagrande;2021-08-28;30.6;19.5;82.0;539.2
La Paila;2021-08-28;31.6;19.7;81.0;535.1
Bugalagrande;2021-08-29;29.7;18.1;82.0;391.5
La Paila;2021-08-29;30.4;18.6;82.0;356.4
Bugalagrande;2021-08-30;27.8;18.6;89.0;361.7
La Paila;2021-08-30;27.7;19.3;87.0;346.7
Bugalagrande;2021-08-31;28.5;18.1;85.0;447.0
La Paila;2021-08-31;29.4;19.3;81.0;398.7
Bugalagrande;2021-09-01;28.5;18.1;90.0;339.8
La Paila;2021-09-01;30.8;17.9;87.0;349.2
Bugalagrande;2021-09-02;32.0;17.4;79.0;620.4
La Paila;2021-09-02;33.0;17.6;79.0;567.4
Bugalagrande;2021-09-03;31.7;18.1;80.0;495.1
La Paila;2021-09-03;32.3;17.9;78.0;528.5
Bugalagrande;2021-09-04;29.9;17.9;79.0;464.9
La Paila;2021-09-04;30.1;19.1;78.0;427.4
Bugalagrande;2021-09-05;31.3;18.1;85.0;517.8
La Paila;2021-09-05;31.8;18.3;86.0;478.8
Bugalagrande;2021-09-06;28.5;18.8;86.0;425.3
La Paila;2021-09-06;29.6;19.3;84.0;401.0
Bugalagrande;2021-09-07;30.8;18.3;87.0;477.3
La Paila;2021-09-07;30.2;18.6;85.0;529.7
Bugalagrande;2021-09-08;30.3;18.8;88.0;395.8
La Paila;2021-09-08;30.2;19.7;86.0;391.0
Bugalagrande;2021-09-09;32.2;17.4;81.0;643.7
La Paila;2021-09-09;32.3;17.9;78.0;617.6
Bugalagrande;2021-09-10;29.9;18.1;87.0;354.7
La Paila;2021-09-10;29.7;19.0;86.0;391.2
Bugalagrande;2021-09-11;29.9;18.8;82.0;422.1
La Paila;2021-09-11;29.9;18.6;84.0;458.4
Bugalagrande;2021-09-12;26.8;16.9;89.0;266.4
La Paila;2021-09-12;26.7;18.6;89.0;259.9
Bugalagrande;2021-09-13;31.8;15.2;77.0;632.8
La Paila;2021-09-13;32.1;15.7;79.0;611.2
Bugalagrande;2021-09-14;31.7;16.9;81.0;540.4
La Paila;2021-09-14;32.8;17.2;82.0;563.6
Bugalagrande;2021-09-15;32.4;18.5;78.0;571.2
La Paila;2021-09-15;32.3;17.8;79.0;604.5
Bugalagrande;2021-09-16;32.7;16.9;77.0;620.5
La Paila;2021-09-16;31.6;17.2;78.0;504.1
Bugalagrande;2021-09-17;33.9;16.2;74.0;633.3
La Paila;2021-09-17;33.7;16.6;75.0;613.6
Bugalagrande;2021-09-18;33.1;16.9;75.0;580.1
La Paila;2021-09-18;32.3;16.9;75.0;532.0
Bugalagrande;2021-09-19;32.7;17.4;80.0;558.0
La Paila;2021-09-19;32.3;18.5;81.0;526.5
Bugalagrande;2021-09-20;32.0;18.1;80.0;651.1
La Paila;2021-09-20;32.1;17.9;82.0;566.7
Bugalagrande;2021-09-21;30.3;20.2;85.0;417.6
La Paila;2021-09-21;30.3;20.5;87.0;360.2
Bugalagrande;2021-09-22;30.6;20.2;82.0;558.1
La Paila;2021-09-22;30.6;20.2;83.0;552.8
Bugalagrande;2021-09-23;28.5;17.4;92.0;295.3
La Paila;2021-09-23;29.6;18.6;88.0;449.8
Bugalagrande;2021-09-24;32.0;16.7;80.0;585.3
La Paila;2021-09-24;32.3;17.9;80.0;595.2
Bugalagrande;2021-09-25;32.9;18.8;77.0;562.7
La Paila;2021-09-25;33.7;19.3;77.0;594.4
Bugalagrande;2021-09-26;33.9;17.4;76.0;613.4
La Paila;2021-09-26;33.9;17.9;76.0;617.5
Bugalagrande;2021-09-27;32.7;16.6;75.0;645.1
La Paila;2021-09-27;33.0;16.9;76.0;591.9
Bugalagrande;2021-09-28;28.5;19.5;83.0;363.3
La Paila;2021-09-28;29.6;19.3;82.0;337.7
Bugalagrande;2021-09-29;32.0;18.8;82.0;619.6
La Paila;2021-09-29;31.6;19.1;83.0;569.5
Bugalagrande;2021-09-30;25.1;18.1;91.0;209.2
La Paila;2021-09-30;25.3;19.1;90.0;200.3
Bugalagrande;2021-10-01;31.3;16.2;79.0;506.7
La Paila;2021-10-01;31.6;16.7;80.0;582.7
Bugalagrande;2021-10-02;31.1;18.5;82.0;514.9
La Paila;2021-10-02;31.3;19.3;79.0;578.1
Bugalagrande;2021-10-03;31.3;17.2;81.0;506.5
La Paila;2021-10-03;31.5;17.9;80.0;518.8
Bugalagrande;2021-10-04;32.5;17.4;84.0;579.3
La Paila;2021-10-04;32.5;19.1;79.0;529.4
Bugalagrande;2021-10-05;29.2;19.2;87.0;342.1
La Paila;2021-10-05;30.1;20.0;87.0;332.0
Bugalagrande;2021-10-06;30.3;19.5;87.0;401.4
La Paila;2021-10-06;30.3;20.0;88.0;418.8
Bugalagrande;2021-10-07;32.0;19.5;82.0;510.7
La Paila;2021-10-07;31.8;19.7;82.0;591.0
Bugalagrande;2021-10-08;32.0;18.1;86.0;497.4
La Paila;2021-10-08;32.3;19.3;83.0;507.9
Bugalagrande;2021-10-09;29.2;18.8;88.0;457.1
La Paila;2021-10-09;29.7;19.7;84.0;469.6
Bugalagrande;2021-10-10;30.8;18.1;85.0;485.9
La Paila;2021-10-10;29.9;19.3;87.0;409.5
Bugalagrande;2021-10-11;27.8;19.3;86.0;386.9
La Paila;2021-10-11;28.2;20.0;86.0;327.8
Bugalagrande;2021-10-12;32.0;17.9;84.0;540.7
La Paila;2021-10-12;32.1;18.6;86.0;477.2
Bugalagrande;2021-10-13;31.3;19.5;81.0;598.3
La Paila;2021-10-13;32.3;20.3;80.0;591.8
Bugalagrande;2021-10-14;31.3;18.1;86.0;398.9
La Paila;2021-10-14;31.6;19.0;84.0;446.3
Bugalagrande;2021-10-15;31.1;18.1;80.0;607.2
La Paila;2021-10-15;31.3;18.6;80.0;609.3
Bugalagrande;2021-10-16;28.5;18.8;87.0;416.4
La Paila;2021-10-16;28.7;19.3;82.0;385.0
Bugalagrande;2021-10-17;28.0;18.1;89.0;404.0
La Paila;2021-10-17;28.9;18.8;87.0;399.7
Bugalagrande;2021-10-18;31.3;17.4;84.0;510.5
La Paila;2021-10-18;29.7;18.3;83.0;456.7
Bugalagrande;2021-10-19;31.3;16.4;83.0;469.6
La Paila;2021-10-19;30.6;17.2;81.0;463.4
Bugalagrande;2021-10-20;29.6;18.8;89.0;499.8
La Paila;2021-10-20;30.4;19.3;88.0;482.2
Bugalagrande;2021-10-21;28.5;18.1;93.0;320.5
La Paila;2021-10-21;29.0;19.1;92.0;352.7
Bugalagrande;2021-10-22;29.9;18.1;86.0;570.8
La Paila;2021-10-22;30.8;19.3;88.0;532.6
Bugalagrande;2021-10-23;28.5;18.1;92.0;412.8
La Paila;2021-10-23;28.4;19.0;92.0;353.8
Bugalagrande;2021-10-24;30.8;16.9;85.0;565.4
La Paila;2021-10-24;30.6;17.9;84.0;559.1
Bugalagrande;2021-10-25;30.6;19.5;90.0;411.5
La Paila;2021-10-25;29.7;19.8;88.0;417.5
Bugalagrande;2021-10-26;29.2;18.8;88.0;381.5
La Paila;2021-10-26;29.6;19.3;86.0;399.7
Bugalagrande;2021-10-27;28.5;18.8;86.0;347.0
La Paila;2021-10-27;28.9;19.3;86.0;374.2
Bugalagrande;2021-10-28;32.0;18.1;83.0;519.2
La Paila;2021-10-28;32.0;18.6;83.0;453.9
Bugalagrande;2021-10-29;30.8;17.6;81.0;530.7
La Paila;2021-10-29;30.2;17.9;82.0;465.6
Bugalagrande;2021-10-30;30.1;17.4;81.0;467.7
La Paila;2021-10-30;30.9;17.9;77.0;565.5
Bugalagrande;2021-10-31;29.9;18.8;84.0;499.2
La Paila;2021-10-31;29.6;19.3;83.0;508.2
Bugalagrande;2021-11-01;30.4;18.8;83.0;482.8
La Paila;2021-11-01;30.3;19.3;82.0;463.3
Bugalagrande;2021-11-02;31.0;18.8;84.0;517.6
La Paila;2021-11-02;30.4;18.6;82.0;495.2
Bugalagrande;2021-11-03;29.9;18.8;84.0;479.2
La Paila;2021-11-03;29.9;19.3;83.0;519.1
Bugalagrande;2021-11-04;29.9;18.1;84.0;528.1
La Paila;2021-11-04;30.9;17.9;81.0;504.1
Bugalagrande;2021-11-05;31.5;18.8;84.0;541.7
La Paila;2021-11-05;31.6;19.3;81.0;540.3
Bugalagrande;2021-11-06;29.2;18.1;84.0;361.8
La Paila;2021-11-06;29.1;18.5;82.0;377.2
Bugalagrande;2021-11-07;31.3;17.4;80.0;458.7
La Paila;2021-11-07;30.3;17.9;78.0;457.1
Bugalagrande;2021-11-08;29.6;19.5;89.0;416.4
La Paila;2021-11-08;29.0;20.0;86.0;392.4
Bugalagrande;2021-11-09;27.8;18.8;87.0;374.2
La Paila;2021-11-09;28.2;19.1;86.0;319.0
Bugalagrande;2021-11-10;29.9;18.8;85.0;461.6
La Paila;2021-11-10;30.1;18.6;83.0;510.8
Bugalagrande;2021-11-11;30.8;18.8;84.0;516.5
La Paila;2021-11-11;30.2;19.0;84.0;471.0
Bugalagrande;2021-11-12;31.6;18.1;84.0;444.8
La Paila;2021-11-12;30.9;18.6;82.0;465.9
Bugalagrande;2021-11-13;28.2;18.8;89.0;322.6
La Paila;2021-11-13;28.4;19.0;93.0;218.7
Bugalagrande;2021-11-14;31.6;18.1;82.0;474.8
La Paila;2021-11-14;29.7;19.1;84.0;451.7
Bugalagrande;2021-11-15;30.6;18.1;86.0;426.7
La Paila;2021-11-15;30.6;20.0;85.0;450.1
Bugalagrande;2021-11-16;31.8;19.2;85.0;502.6
La Paila;2021-11-16;30.9;19.1;82.0;466.3
Bugalagrande;2021-11-17;31.6;18.8;79.0;534.9
La Paila;2021-11-17;31.5;19.0;78.0;511.2
Bugalagrande;2021-11-18;26.5;18.8;96.0;261.1
La Paila;2021-11-18;26.6;19.3;92.0;261.6
Bugalagrande;2021-11-19;28.7;18.1;92.0;313.7
La Paila;2021-11-19;27.7;18.6;90.0;365.0
Bugalagrande;2021-11-20;29.2;18.8;85.0;441.4
La Paila;2021-11-20;29.6;19.7;85.0;413.8
Bugalagrande;2021-11-21;30.6;18.8;85.0;456.6
La Paila;2021-11-21;30.9;19.8;85.0;455.2
Bugalagrande;2021-11-22;29.9;18.5;92.0;377.5
La Paila;2021-11-22;29.6;19.8;91.0;341.0
Bugalagrande;2021-11-23;30.8;19.5;91.0;427.4
La Paila;2021-11-23;29.6;19.3;91.0;364.2
Bugalagrande;2021-11-24;30.2;18.8;91.0;471.4
La Paila;2021-11-24;28.9;19.3;89.0;454.4
Bugalagrande;2021-11-25;27.8;19.5;93.0;344.8
La Paila;2021-11-25;27.7;19.3;92.0;252.5
Bugalagrande;2021-11-26;29.6;18.8;89.0;386.0
La Paila;2021-11-26;28.9;19.3;89.0;398.6
Bugalagrande;2021-11-27;31.1;18.8;85.0;459.0
La Paila;2021-11-27;31.3;19.3;84.0;525.4
Bugalagrande;2021-11-28;30.6;18.1;83.0;459.8
La Paila;2021-11-28;30.6;18.3;81.0;455.4
Bugalagrande;2021-11-29;29.9;18.8;85.0;431.4
La Paila;2021-11-29;29.6;19.1;86.0;404.1
Bugalagrande;2021-11-30;29.6;19.5;90.0;328.3
La Paila;2021-11-30;28.9;20.0;88.0;299.2
Bugalagrande;2021-12-01;31.3;18.8;83.0;520.9
La Paila;2021-12-01;30.9;19.3;84.0;482.0
Bugalagrande;2021-12-02;31.6;18.8;80.0;537.4
La Paila;2021-12-02;31.6;19.3;82.0;474.4
Bugalagrande;2021-12-03;29.9;18.1;84.0;426.5
La Paila;2021-12-03;29.1;18.6;82.0;355.3
Bugalagrande;2021-12-04;31.3;19.5;82.0;477.0
La Paila;2021-12-04;31.0;20.0;82.0;412.8
Bugalagrande;2021-12-05;31.0;19.9;87.0;465.9
La Paila;2021-12-05;30.3;20.0;86.0;367.6
Bugalagrande;2021-12-06;31.6;18.3;85.0;480.5
La Paila;2021-12-06;31.6;19.3;84.0;443.7
Bugalagrande;2021-12-07;32.5;18.1;81.0;467.5
La Paila;2021-12-07;31.6;18.6;82.0;415.0
Bugalagrande;2021-12-08;32.7;17.4;79.0;542.2
La Paila;2021-12-08;32.8;17.9;78.0;476.1
Bugalagrande;2021-12-09;29.2;20.2;85.0;348.3
La Paila;2021-12-09;29.1;21.2;81.0;277.8
Bugalagrande;2021-12-10;27.7;20.2;88.0;241.2
La Paila;2021-12-10;27.9;20.7;85.0;267.3
Bugalagrande;2021-12-11;24.9;18.8;92.0;129.8
La Paila;2021-12-11;25.0;19.8;90.0;122.3
Bugalagrande;2021-12-12;24.0;18.1;95.0;183.8
La Paila;2021-12-12;24.1;19.3;92.0;176.3
Bugalagrande;2021-12-13;30.6;17.4;80.0;509.8
La Paila;2021-12-13;30.3;17.9;78.0;417.0
Bugalagrande;2021-12-14;30.3;17.4;79.0;448.5
La Paila;2021-12-14;30.2;17.9;78.0;395.9
Bugalagrande;2021-12-15;30.6;18.8;79.0;446.4
La Paila;2021-12-15;31.5;19.1;78.0;429.2
Bugalagrande;2021-12-16;28.9;19.5;83.0;353.0
La Paila;2021-12-16;28.6;20.0;81.0;296.0
Bugalagrande;2021-12-17;29.2;19.9;83.0;316.9
La Paila;2021-12-17;29.6;20.5;83.0;304.9
Bugalagrande;2021-12-18;27.9;20.2;91.0;316.6
La Paila;2021-12-18;27.5;20.5;89.0;306.0
Bugalagrande;2021-12-19;31.3;19.7;84.0;433.7
La Paila;2021-12-19;30.6;20.5;84.0;337.6
Bugalagrande;2021-12-20;29.6;19.5;88.0;329.4
La Paila;2021-12-20;30.8;20.5;82.0;383.2
Bugalagrande;2021-12-21;28.5;19.5;91.0;318.7
La Paila;2021-12-21;28.2;20.5;90.0;282.4
Bugalagrande;2021-12-22;30.6;19.5;83.0;443.9
La Paila;2021-12-22;30.4;20.0;82.0;361.6
Bugalagrande;2021-12-23;29.9;19.2;86.0;390.9
La Paila;2021-12-23;30.1;20.5;83.0;386.0
Bugalagrande;2021-12-24;32.3;18.8;80.0;482.6
La Paila;2021-12-24;32.0;20.4;79.0;395.9
Bugalagrande;2021-12-25;31.5;18.1;81.0;443.6
La Paila;2021-12-25;31.1;19.7;79.0;393.5
Bugalagrande;2021-12-26;29.6;19.5;88.0;306.3
La Paila;2021-12-26;30.3;20.0;82.0;404.4
Bugalagrande;2021-12-27;30.6;18.8;88.0;419.8
La Paila;2021-12-27;30.4;20.1;86.0;433.7
Bugalagrande;2021-12-28;30.3;19.5;85.0;476.8
La Paila;2021-12-28;30.2;20.0;85.0;414.7
Bugalagrande;2021-12-29;28.7;18.1;94.0;258.1
La Paila;2021-12-29;28.4;19.3;92.0;263.9
Bugalagrande;2021-12-30;30.4;18.8;84.0;481.2
La Paila;2021-12-30;30.4;18.5;86.0;387.5
Bugalagrande;2021-12-31;29.4;19.5;89.0;371.9
La Paila;2021-12-31;29.7;19.7;86.0;333.5
Bugalagrande;2022-01-01;26.8;19.2;91.0;257.1
La Paila;2022-01-01;28.4;19.3;87.0;331.2
Bugalagrande;2022-01-02;30.6;18.1;83.0;440.3
La Paila;2022-01-02;30.6;18.5;84.0;389.3
Bugalagrande;2022-01-03;29.9;19.5;87.0;397.8
La Paila;2022-01-03;30.2;19.3;85.0;401.2
Bugalagrande;2022-01-04;28.2;19.5;86.0;325.2
La Paila;2022-01-04;29.4;20.0;84.0;337.6
Bugalagrande;2022-01-05;29.6;18.1;84.0;455.8
La Paila;2022-01-05;29.1;19.3;82.0;322.4
Bugalagrande;2022-01-06;28.5;19.2;93.0;342.5
La Paila;2022-01-06;27.4;19.8;90.0;291.3
Bugalagrande;2022-01-07;26.1;18.1;92.0;234.2
La Paila;2022-01-07;27.9;19.3;89.0;258.8
Bugalagrande;2022-01-08;31.3;16.2;80.0;554.5
La Paila;2022-01-08;30.9;17.8;79.0;506.0
Bugalagrande;2022-01-09;30.6;17.4;81.0;522.9
La Paila;2022-01-09;30.2;18.6;80.0;462.8
Bugalagrande;2022-01-10;27.1;18.1;90.0;238.8
La Paila;2022-01-10;27.2;18.6;86.0;238.5
Bugalagrande;2022-01-11;27.8;18.1;87.0;342.3
La Paila;2022-01-11;27.4;18.3;86.0;297.5
Bugalagrande;2022-01-12;31.3;18.8;79.0;546.5
La Paila;2022-01-12;31.1;19.3;78.0;479.5
Bugalagrande;2022-01-13;27.3;19.3;86.0;285.1
La Paila;2022-01-13;27.7;19.1;83.0;282.7
Bugalagrande;2022-01-14;30.6;16.7;79.0;471.2
La Paila;2022-01-14;29.7;17.9;77.0;450.3
Bugalagrande;2022-01-15;30.6;17.4;82.0;402.7
La Paila;2022-01-15;30.3;17.8;80.0;353.4
Bugalagrande;2022-01-16;31.1;16.4;79.0;530.2
La Paila;2022-01-16;32.3;16.9;78.0;458.0
Bugalagrande;2022-01-17;29.9;17.4;81.0;382.9
La Paila;2022-01-17;30.9;17.9;80.0;361.7
Bugalagrande;2022-01-18;32.5;16.9;79.0;499.6
La Paila;2022-01-18;31.6;17.8;79.0;411.9
Bugalagrande;2022-01-19;33.0;17.4;80.0;531.4
La Paila;2022-01-19;33.0;17.8;77.0;467.7
Bugalagrande;2022-01-20;33.0;17.4;79.0;495.8
La Paila;2022-01-20;33.7;17.9;77.0;437.3
Bugalagrande;2022-01-21;32.3;17.4;80.0;495.9
La Paila;2022-01-21;32.1;18.3;76.0;407.7
Bugalagrande;2022-01-22;30.6;18.1;89.0;317.7
La Paila;2022-01-22;30.6;18.6;89.0;276.0
Bugalagrande;2022-01-23;31.5;17.4;80.0;528.1
La Paila;2022-01-23;31.8;18.5;81.0;476.8
Bugalagrande;2022-01-24;32.0;17.4;78.0;468.1
La Paila;2022-01-24;31.6;19.0;77.0;444.5
Bugalagrande;2022-01-25;26.3;17.4;92.0;201.1
La Paila;2022-01-25;26.6;17.9;89.0;217.9
Bugalagrande;2022-01-26;29.2;16.9;84.0;389.8
La Paila;2022-01-26;29.7;17.8;81.0;431.4
Bugalagrande;2022-01-27;31.1;18.8;81.0;432.6
La Paila;2022-01-27;30.6;19.3;79.0;435.5
Bugalagrande;2022-01-28;31.3;17.6;83.0;451.5
La Paila;2022-01-28;31.1;18.3;80.0;386.4
Bugalagrande;2022-01-29;31.1;16.7;80.0;510.0
La Paila;2022-01-29;31.6;17.6;78.0;454.9
Bugalagrande;2022-01-30;29.4;17.4;81.0;416.3
La Paila;2022-01-30;30.6;18.3;77.0;423.9
Bugalagrande;2022-01-31;31.5;18.1;83.0;419.9
La Paila;2022-01-31;30.6;19.3;77.0;423.6
Bugalagrande;2022-02-01;32.0;17.4;77.0;594.6
La Paila;2022-02-01;32.7;18.3;74.0;480.7
Bugalagrande;2022-02-02;32.1;18.1;76.0;580.5
La Paila;2022-02-02;32.3;19.1;74.0;473.0
Bugalagrande;2022-02-03;32.0;17.4;78.0;499.7
La Paila;2022-02-03;32.1;17.2;75.0;468.3
Bugalagrande;2022-02-04;30.6;18.1;79.0;460.3
La Paila;2022-02-04;31.6;18.6;75.0;452.9
Bugalagrande;2022-02-05;30.6;19.5;81.0;499.0
La Paila;2022-02-05;31.3;20.0;77.0;445.2
Bugalagrande;2022-02-06;29.9;19.5;90.0;348.3
La Paila;2022-02-06;28.4;19.3;84.0;265.1
Bugalagrande;2022-02-07;28.5;18.8;82.0;433.7
La Paila;2022-02-07;29.1;19.1;79.0;352.7
Bugalagrande;2022-02-08;27.1;17.4;93.0;283.7
La Paila;2022-02-08;28.2;17.9;87.0;259.8
Bugalagrande;2022-02-09;30.8;17.2;86.0;528.9
La Paila;2022-02-09;30.8;17.2;89.0;417.9
Bugalagrande;2022-02-10;31.1;18.1;88.0;457.7
La Paila;2022-02-10;30.2;17.9;87.0;428.0
Bugalagrande;2022-02-11;31.6;17.6;81.0;554.1
La Paila;2022-02-11;31.6;19.1;78.0;530.7
Bugalagrande;2022-02-12;32.0;19.9;77.0;520.8
La Paila;2022-02-12;32.3;20.0;76.0;507.6
Bugalagrande;2022-02-13;29.2;18.3;82.0;411.1
La Paila;2022-02-13;29.7;19.1;84.0;304.3
Bugalagrande;2022-02-14;28.5;19.7;83.0;401.6
La Paila;2022-02-14;28.4;20.0;82.0;300.2
Bugalagrande;2022-02-15;31.7;19.9;82.0;575.6
La Paila;2022-02-15;31.6;19.8;82.0;439.1
Bugalagrande;2022-02-16;31.8;19.5;78.0;524.7
La Paila;2022-02-16;32.1;19.3;81.0;442.4
Bugalagrande;2022-02-17;31.1;18.3;80.0;500.0
La Paila;2022-02-17;31.5;19.0;80.0;490.0
Bugalagrande;2022-02-18;23.0;18.8;97.0;92.4
La Paila;2022-02-18;22.2;19.5;95.0;74.2
Bugalagrande;2022-02-19;30.6;18.1;84.0;504.2
La Paila;2022-02-19;30.9;19.0;81.0;465.9
Bugalagrande;2022-02-20;30.6;17.6;80.0;564.4
La Paila;2022-02-20;31.3;18.5;77.0;552.2
Bugalagrande;2022-02-21;31.1;16.9;78.0;520.0
La Paila;2022-02-21;31.6;17.2;75.0;499.4
Bugalagrande;2022-02-22;31.3;17.2;78.0;589.4
La Paila;2022-02-22;31.6;17.9;74.0;478.6
Bugalagrande;2022-02-23;31.3;18.8;78.0;546.6
La Paila;2022-02-23;30.9;20.5;76.0;465.8
Bugalagrande;2022-02-24;29.6;19.9;87.0;452.4
La Paila;2022-02-24;28.7;20.7;82.0;307.2
Bugalagrande;2022-02-25;30.6;18.5;83.0;486.4
La Paila;2022-02-25;30.8;20.5;80.0;445.8
Bugalagrande;2022-02-26;30.6;19.7;83.0;437.9
La Paila;2022-02-26;30.8;20.4;81.0;428.9
Bugalagrande;2022-02-27;28.0;18.1;90.0;326.2
La Paila;2022-02-27;29.1;20.0;89.0;301.4
Bugalagrande;2022-02-28;26.1;19.0;91.0;286.3
La Paila;2022-02-28;28.2;19.3;88.0;387.1
Bugalagrande;2022-03-01;28.9;19.5;88.0;414.6
La Paila;2022-03-01;29.6;19.8;85.0;435.4
Bugalagrande;2022-03-02;22.3;18.8;97.0;124.7
La Paila;2022-03-02;24.3;20.0;92.0;178.8
Bugalagrande;2022-03-03;28.5;18.8;88.0;385.8
La Paila;2022-03-03;28.7;20.0;88.0;340.2
Bugalagrande;2022-03-04;29.7;19.2;88.0;394.9
La Paila;2022-03-04;30.1;19.3;86.0;488.0
Bugalagrande;2022-03-05;28.7;19.2;88.0;349.0
La Paila;2022-03-05;28.6;20.0;85.0;460.4
Bugalagrande;2022-03-06;26.6;18.8;91.0;330.1
La Paila;2022-03-06;27.2;19.3;88.0;396.0
Bugalagrande;2022-03-07;31.0;18.8;83.0;493.7
La Paila;2022-03-07;31.3;19.3;81.0;549.2
Bugalagrande;2022-03-08;32.2;18.1;77.0;619.1
La Paila;2022-03-08;31.6;17.9;77.0;612.1
Bugalagrande;2022-03-09;30.6;16.6;77.0;615.3
La Paila;2022-03-09;30.9;17.4;77.0;589.2
Bugalagrande;2022-03-10;31.3;15.5;77.0;617.0
La Paila;2022-03-10;32.0;16.6;74.0;628.8
Bugalagrande;2022-03-11;30.6;16.4;78.0;571.3
La Paila;2022-03-11;32.3;17.1;76.0;563.7
Bugalagrande;2022-03-12;31.3;15.7;74.0;608.7
La Paila;2022-03-12;31.8;16.6;71.0;572.0
Bugalagrande;2022-03-13;32.2;16.4;74.0;554.5
La Paila;2022-03-13;33.0;17.8;70.0;547.8
Bugalagrande;2022-03-14;32.7;18.8;73.0;620.0
La Paila;2022-03-14;33.0;20.5;69.0;621.0
Bugalagrande;2022-03-15;31.3;19.2;83.0;483.9
La Paila;2022-03-15;32.0;19.7;77.0;502.6
Bugalagrande;2022-03-16;30.6;18.1;85.0;435.9
La Paila;2022-03-16;31.6;19.7;81.0;412.4
Bugalagrande;2022-03-17;30.6;18.5;85.0;486.0
La Paila;2022-03-17;30.3;18.6;83.0;484.4
Bugalagrande;2022-03-18;30.3;17.4;85.0;393.5
La Paila;2022-03-18;30.2;19.1;84.0;425.2
Bugalagrande;2022-03-19;30.6;19.5;82.0;443.6
La Paila;2022-03-19;30.8;20.0;83.0;452.0
Bugalagrande;2022-03-20;29.2;20.2;89.0;330.6
La Paila;2022-03-20;29.7;20.5;89.0;398.2
Bugalagrande;2022-03-21;29.2;19.5;86.0;378.6
La Paila;2022-03-21;30.2;20.0;83.0;416.4
Bugalagrande;2022-03-22;31.1;18.8;84.0;367.9
La Paila;2022-03-22;30.6;19.7;80.0;403.1
Bugalagrande;2022-03-23;32.0;19.3;87.0;463.9
La Paila;2022-03-23;32.8;19.5;83.0;486.1
Bugalagrande;2022-03-24;30.6;19.5;86.0;406.9
La Paila;2022-03-24;32.1;20.7;83.0;490.3
Bugalagrande;2022-03-25;29.7;18.8;86.0;425.6
La Paila;2022-03-25;29.6;19.8;88.0;321.4
Bugalagrande;2022-03-26;28.5;18.8;88.0;342.8
La Paila;2022-03-26;29.1;20.0;88.0;320.4
Bugalagrande;2022-03-27;27.6;19.5;93.0;310.7
La Paila;2022-03-27;27.3;20.0;93.0;267.4
Bugalagrande;2022-03-28;30.6;18.8;83.0;499.8
La Paila;2022-03-28;30.6;19.7;83.0;569.3
Bugalagrande;2022-03-29;29.2;18.6;90.0;388.4
La Paila;2022-03-29;29.2;19.3;90.0;403.5
Bugalagrande;2022-03-30;30.6;18.8;89.0;396.1
La Paila;2022-03-30;29.7;19.3;89.0;432.9
Bugalagrande;2022-03-31;29.2;18.8;93.0;319.1
La Paila;2022-03-31;29.7;19.3;91.0;398.8
Bugalagrande;2022-04-01;30.1;18.8;87.0;424.1
La Paila;2022-04-01;30.2;19.3;88.0;463.3
Bugalagrande;2022-04-02;31.3;19.9;83.0;558.7
La Paila;2022-04-02;31.3;20.5;83.0;537.8
Bugalagrande;2022-04-03;30.6;19.5;91.0;406.8
La Paila;2022-04-03;29.4;20.5;87.0;298.5
Bugalagrande;2022-04-04;30.4;18.1;87.0;453.1
La Paila;2022-04-04;30.1;20.0;87.0;445.6
Bugalagrande;2022-04-05;31.7;18.8;82.0;502.5
La Paila;2022-04-05;32.5;19.7;79.0;518.1
Bugalagrande;2022-04-06;31.3;18.8;82.0;532.9
La Paila;2022-04-06;32.3;20.0;83.0;545.7
Bugalagrande;2022-04-07;29.9;19.5;87.0;409.0
La Paila;2022-04-07;29.4;20.4;86.0;467.1
Bugalagrande;2022-04-08;30.5;19.7;88.0;405.6
La Paila;2022-04-08;31.5;20.5;88.0;373.3
Bugalagrande;2022-04-09;30.6;19.5;85.0;477.8
La Paila;2022-04-09;31.5;20.5;83.0;496.6
Bugalagrande;2022-04-10;32.0;20.7;82.0;509.8
La Paila;2022-04-10;31.6;20.7;85.0;499.9
Bugalagrande;2022-04-11;32.4;19.5;81.0;480.8
La Paila;2022-04-11;31.6;20.4;82.0;485.3
Bugalagrande;2022-04-12;30.6;20.2;84.0;462.8
La Paila;2022-04-12;30.8;21.2;82.0;407.9
Bugalagrande;2022-04-13;30.6;19.2;82.0;389.4
La Paila;2022-04-13;29.6;20.7;82.0;342.6
Bugalagrande;2022-04-14;31.3;18.8;81.0;496.6
La Paila;2022-04-14;32.0;19.3;84.0;490.6
Bugalagrande;2022-04-15;33.6;19.5;82.0;582.9
La Paila;2022-04-15;33.5;20.0;81.0;588.8
Bugalagrande;2022-04-16;26.5;19.5;93.0;170.0
La Paila;2022-04-16;26.2;20.5;92.0;180.6
Bugalagrande;2022-04-17;31.3;18.8;85.0;436.6
La Paila;2022-04-17;30.2;19.3;85.0;427.7
Bugalagrande;2022-04-18;30.6;18.8;87.0;424.1
La Paila;2022-04-18;30.2;20.0;87.0;416.0
Bugalagrande;2022-04-19;27.5;18.8;88.0;332.7
La Paila;2022-04-19;26.5;19.5;87.0;327.9
Bugalagrande;2022-04-20;29.2;18.8;87.0;360.3
La Paila;2022-04-20;27.3;19.3;87.0;400.7
Bugalagrande;2022-04-21;30.4;18.1;83.0;538.6
La Paila;2022-04-21;29.6;19.3;80.0;496.7
Bugalagrande;2022-04-22;29.9;19.5;84.0;450.3
La Paila;2022-04-22;29.1;19.7;83.0;362.6
Bugalagrande;2022-04-23;31.0;18.6;78.0;554.8
La Paila;2022-04-23;31.3;18.6;79.0;603.9
Bugalagrande;2022-04-24;30.4;18.1;79.0;471.8
La Paila;2022-04-24;30.6;18.5;80.0;441.6
Bugalagrande;2022-04-25;25.4;16.9;94.0;203.5
La Paila;2022-04-25;24.1;17.9;92.0;188.1
Bugalagrande;2022-04-26;30.3;16.9;82.0;497.4
La Paila;2022-04-26;30.2;17.1;83.0;522.6
Bugalagrande;2022-04-27;31.3;19.2;82.0;430.2
La Paila;2022-04-27;30.9;20.0;86.0;412.4
Bugalagrande;2022-04-28;23.0;17.4;97.0;144.5
La Paila;2022-04-28;22.4;18.6;98.0;94.7
Bugalagrande;2022-04-29;29.9;17.4;84.0;537.8
La Paila;2022-04-29;29.1;17.6;86.0;443.7
Bugalagrande;2022-04-30;31.3;17.8;81.0;433.0
La Paila;2022-04-30;30.9;18.3;83.0;440.2
Bugalagrande;2022-05-01;30.6;19.5;78.0;488.1
La Paila;2022-05-01;31.1;20.5;80.0;527.7
Bugalagrande;2022-05-02;32.7;17.2;78.0;543.9
La Paila;2022-05-02;32.3;18.1;80.0;534.4
Bugalagrande;2022-05-03;33.4;17.4;77.0;590.6
La Paila;2022-05-03;33.5;18.6;78.0;581.0
Bugalagrande;2022-05-04;31.0;18.1;79.0;417.2
La Paila;2022-05-04;30.8;18.8;80.0;418.9
Bugalagrande;2022-05-05;27.5;19.5;91.0;213.9
La Paila;2022-05-05;27.6;20.5;89.0;188.7
Bugalagrande;2022-05-06;28.5;19.5;89.0;340.8
La Paila;2022-05-06;27.0;20.0;84.0;289.8
Bugalagrande;2022-05-07;28.0;19.2;86.0;315.1
La Paila;2022-05-07;26.3;19.5;87.0;280.0
Bugalagrande;2022-05-08;32.0;18.8;81.0;499.3
La Paila;2022-05-08;32.8;19.3;81.0;553.2
Bugalagrande;2022-05-09;30.6;19.5;89.0;336.9
La Paila;2022-05-09;31.5;20.0;85.0;385.0
Bugalagrande;2022-05-10;29.7;18.1;84.0;443.7
La Paila;2022-05-10;30.2;18.6;82.0;522.1
Bugalagrande;2022-05-11;30.6;19.5;88.0;452.0
La Paila;2022-05-11;31.3;20.0;87.0;474.6
Bugalagrande;2022-05-12;31.3;20.2;85.0;467.6
La Paila;2022-05-12;31.3;20.7;84.0;503.3
Bugalagrande;2022-05-13;31.3;19.9;84.0;444.4
La Paila;2022-05-13;30.8;20.5;85.0;383.6
Bugalagrande;2022-05-14;30.1;19.5;88.0;404.3
La Paila;2022-05-14;29.6;20.5;87.0;412.7
Bugalagrande;2022-05-15;32.4;19.5;80.0;537.3
La Paila;2022-05-15;32.1;20.2;82.0;517.4
Bugalagrande;2022-05-16;29.2;19.2;89.0;358.1
La Paila;2022-05-16;29.7;19.7;86.0;314.9
Bugalagrande;2022-05-17;26.8;18.5;91.0;238.4
La Paila;2022-05-17;27.5;19.3;89.0;320.9
Bugalagrande;2022-05-18;28.2;17.4;87.0;361.4
La Paila;2022-05-18;28.2;18.6;88.0;313.8
Bugalagrande;2022-05-19;29.7;19.2;89.0;366.7
La Paila;2022-05-19;28.9;19.8;90.0;350.7
Bugalagrande;2022-05-20;26.8;18.5;93.0;337.4
La Paila;2022-05-20;29.2;18.6;93.0;360.4
Bugalagrande;2022-05-21;29.2;18.1;87.0;417.3
La Paila;2022-05-21;29.5;18.6;87.0;403.8
Bugalagrande;2022-05-22;32.2;18.8;81.0;598.6
La Paila;2022-05-22;32.3;18.6;80.0;614.3
Bugalagrande;2022-05-23;29.2;17.4;85.0;436.6
La Paila;2022-05-23;28.9;17.9;83.0;445.3
Bugalagrande;2022-05-24;31.8;17.4;79.0;594.1
La Paila;2022-05-24;31.5;17.4;79.0;578.2
Bugalagrande;2022-05-25;31.7;19.5;79.0;500.6
La Paila;2022-05-25;31.5;20.4;82.0;452.5
Bugalagrande;2022-05-26;29.9;19.5;80.0;439.4
La Paila;2022-05-26;30.9;20.0;85.0;366.1
Bugalagrande;2022-05-27;31.1;18.8;85.0;425.2
La Paila;2022-05-27;30.2;19.7;84.0;386.6
Bugalagrande;2022-05-28;30.6;18.1;81.0;489.9
La Paila;2022-05-28;30.7;19.3;81.0;460.2
Bugalagrande;2022-05-29;30.4;19.2;81.0;449.4
La Paila;2022-05-29;31.1;19.5;83.0;437.0
Bugalagrande;2022-05-30;29.2;18.8;89.0;323.2
La Paila;2022-05-30;29.4;19.3;87.0;391.3
Bugalagrande;2022-05-31;29.2;18.1;90.0;418.5
La Paila;2022-05-31;29.4;19.0;87.0;407.8
Bugalagrande;2022-06-01;29.9;17.4;89.0;371.5
La Paila;2022-06-01;30.4;17.6;86.0;432.1
Bugalagrande;2022-06-02;25.1;18.8;94.0;232.7
La Paila;2022-06-02;24.9;19.3;92.0;248.2
Bugalagrande;2022-06-03;27.3;18.1;92.0;353.4
La Paila;2022-06-03;28.2;19.3;93.0;286.7
Bugalagrande;2022-06-04;29.6;19.2;85.0;427.6
La Paila;2022-06-04;29.9;19.8;86.0;343.1
Bugalagrande;2022-06-05;29.9;18.1;82.0;486.7
La Paila;2022-06-05;29.6;19.3;84.0;421.1
Bugalagrande;2022-06-06;30.6;17.4;81.0;533.0
La Paila;2022-06-06;28.4;17.8;81.0;442.7
Bugalagrande;2022-06-07;25.8;18.1;91.0;268.8
La Paila;2022-06-07;26.8;18.6;89.0;273.6
Bugalagrande;2022-06-08;29.6;17.4;84.0;457.0
La Paila;2022-06-08;29.6;17.9;83.0;500.3
Bugalagrande;2022-06-09;30.6;18.1;85.0;464.6
La Paila;2022-06-09;30.6;18.6;83.0;496.8
Bugalagrande;2022-06-10;31.0;17.6;85.0;532.6
La Paila;2022-06-10;31.0;18.8;85.0;493.4
Bugalagrande;2022-06-11;28.4;18.8;89.0;326.7
La Paila;2022-06-11;28.2;19.1;90.0;254.4
Bugalagrande;2022-06-12;28.7;18.1;83.0;514.7
La Paila;2022-06-12;29.6;18.6;84.0;489.7
Bugalagrande;2022-06-13;29.2;18.8;89.0;323.7
La Paila;2022-06-13;29.0;19.3;89.0;352.2
Bugalagrande;2022-06-14;29.9;18.1;82.0;502.0
La Paila;2022-06-14;29.6;19.0;82.0;560.5
Bugalagrande;2022-06-15;32.0;18.8;81.0;482.3
La Paila;2022-06-15;30.8;18.3;83.0;505.4
Bugalagrande;2022-06-16;30.6;18.1;86.0;417.2
La Paila;2022-06-16;30.4;19.7;85.0;406.9
Bugalagrande;2022-06-17;27.7;18.8;88.0;357.3
La Paila;2022-06-17;27.3;19.3;90.0;343.2
Bugalagrande;2022-06-18;28.7;18.1;85.0;493.3
La Paila;2022-06-18;28.7;19.0;85.0;422.5
Bugalagrande;2022-06-19;28.4;18.8;85.0;438.6
La Paila;2022-06-19;28.4;19.3;85.0;427.9
Bugalagrande;2022-06-20;27.5;18.8;90.0;374.5
La Paila;2022-06-20;28.3;19.7;91.0;287.9
Bugalagrande;2022-06-21;29.2;17.4;86.0;360.9
La Paila;2022-06-21;28.2;18.6;85.0;352.8
Bugalagrande;2022-06-22;30.6;17.8;85.0;459.0
La Paila;2022-06-22;29.7;18.6;85.0;415.3
Bugalagrande;2022-06-23;29.6;17.6;89.0;368.6
La Paila;2022-06-23;28.7;18.5;89.0;339.8
Bugalagrande;2022-06-24;29.9;17.4;83.0;468.9
La Paila;2022-06-24;30.1;17.8;85.0;423.4
Bugalagrande;2022-06-25;29.2;18.6;85.0;456.8
La Paila;2022-06-25;30.1;19.3;84.0;428.4
Bugalagrande;2022-06-26;30.1;18.1;86.0;451.6
La Paila;2022-06-26;29.6;18.6;87.0;477.5
Bugalagrande;2022-06-27;30.6;18.1;85.0;505.1
La Paila;2022-06-27;29.7;17.9;86.0;409.4
Bugalagrande;2022-06-28;30.6;18.8;85.0;529.6
La Paila;2022-06-28;30.5;19.3;84.0;477.9
Bugalagrande;2022-06-29;28.9;17.4;86.0;518.0
La Paila;2022-06-29;30.2;19.7;73.0;414.4
Bugalagrande;2022-06-30;30.6;17.4;80.0;495.8
La Paila;2022-06-30;30.2;17.9;81.0;452.2
Bugalagrande;2022-07-01;31.3;17.4;80.0;572.1
La Paila;2022-07-01;30.8;17.9;81.0;562.0
Bugalagrande;2022-07-02;29.9;19.5;81.0;487.6
La Paila;2022-07-02;30.2;20.0;81.0;485.7
Bugalagrande;2022-07-03;32.5;18.1;79.0;497.1
La Paila;2022-07-03;31.9;18.6;80.0;487.9
Bugalagrande;2022-07-04;30.8;20.2;84.0;405.4
La Paila;2022-07-04;30.1;19.3;82.0;380.7
Bugalagrande;2022-07-05;30.6;18.8;81.0;474.8
La Paila;2022-07-05;30.6;19.1;81.0;415.9
Bugalagrande;2022-07-06;32.4;18.1;75.0;595.8
La Paila;2022-07-06;32.8;18.5;78.0;565.3
Bugalagrande;2022-07-07;31.3;18.1;74.0;503.1
La Paila;2022-07-07;32.1;17.9;76.0;546.9
Bugalagrande;2022-07-08;31.3;18.8;79.0;426.4
La Paila;2022-07-08;32.0;19.5;79.0;387.7
Bugalagrande;2022-07-09;32.0;18.1;78.0;514.7
La Paila;2022-07-09;33.1;19.0;78.0;523.2
Bugalagrande;2022-07-10;29.2;18.5;87.0;379.9
La Paila;2022-07-10;29.6;19.3;85.0;364.1
Bugalagrande;2022-07-11;28.2;18.8;89.0;405.5
La Paila;2022-07-11;28.9;19.3;85.0;378.6
Bugalagrande;2022-07-12;30.6;18.8;80.0;506.7
La Paila;2022-07-12;31.3;19.8;81.0;441.4
Bugalagrande;2022-07-13;31.3;19.5;81.0;470.2
La Paila;2022-07-13;30.7;20.0;82.0;487.8
Bugalagrande;2022-07-14;30.6;18.8;85.0;515.8
La Paila;2022-07-14;30.9;19.8;82.0;459.1
Bugalagrande;2022-07-15;31.0;18.1;82.0;546.4
La Paila;2022-07-15;30.7;18.6;81.0;533.3
Bugalagrande;2022-07-16;31.5;18.8;83.0;451.1
La Paila;2022-07-16;31.6;19.3;80.0;480.2
Bugalagrande;2022-07-17;29.9;18.8;85.0;443.9
La Paila;2022-07-17;30.9;18.6;86.0;422.0
Bugalagrande;2022-07-18;30.1;18.1;83.0;471.9
La Paila;2022-07-18;30.9;19.0;82.0;409.2
Bugalagrande;2022-07-19;32.7;17.1;76.0;551.6
La Paila;2022-07-19;33.1;17.9;77.0;502.5
Bugalagrande;2022-07-20;30.1;19.3;80.0;401.6
La Paila;2022-07-20;30.9;20.0;81.0;409.6
Bugalagrande;2022-07-21;29.6;18.8;82.0;391.9
La Paila;2022-07-21;29.9;19.3;86.0;360.6
Bugalagrande;2022-07-22;30.4;19.2;84.0;393.8
La Paila;2022-07-22;30.8;19.3;87.0;388.9
Bugalagrande;2022-07-23;27.3;18.8;92.0;359.4
La Paila;2022-07-23;27.1;18.6;90.0;356.7
Bugalagrande;2022-07-24;29.9;19.2;84.0;538.3
La Paila;2022-07-24;30.2;19.7;83.0;411.8
Bugalagrande;2022-07-25;27.3;18.8;91.0;334.8
La Paila;2022-07-25;28.2;18.6;87.0;361.1
Bugalagrande;2022-07-26;28.9;18.1;90.0;383.6
La Paila;2022-07-26;29.2;19.1;89.0;361.3
Bugalagrande;2022-07-27;29.2;18.8;90.0;351.2
La Paila;2022-07-27;28.5;19.3;88.0;387.6
Bugalagrande;2022-07-28;28.5;18.8;88.0;445.1
La Paila;2022-07-28;28.9;19.3;87.0;415.6
Bugalagrande;2022-07-29;31.0;17.4;83.0;529.4
La Paila;2022-07-29;30.4;17.9;84.0;536.3
Bugalagrande;2022-07-30;32.0;18.1;81.0;549.0
La Paila;2022-07-30;32.3;18.6;80.0;567.5
Bugalagrande;2022-07-31;29.0;18.5;83.0;393.3
La Paila;2022-07-31;29.4;20.0;79.0;414.1
Bugalagrande;2022-08-01;31.3;17.4;78.0;461.2
La Paila;2022-08-01;30.7;19.0;79.0;415.7
Bugalagrande;2022-08-02;28.5;19.5;84.0;429.7
La Paila;2022-08-02;29.9;19.3;85.0;414.7
Bugalagrande;2022-08-03;29.0;17.6;83.0;345.2
La Paila;2022-08-03;30.1;19.3;82.0;469.2
Bugalagrande;2022-08-04;31.3;17.6;82.0;437.2
La Paila;2022-08-04;31.2;17.9;81.0;409.4
Bugalagrande;2022-08-05;29.9;19.5;86.0;368.7
La Paila;2022-08-05;30.2;19.3;88.0;377.1
Bugalagrande;2022-08-06;28.0;18.8;86.0;511.6
La Paila;2022-08-06;27.8;19.0;88.0;387.8
Bugalagrande;2022-08-07;32.0;17.3;78.0;537.0
La Paila;2022-08-07;31.9;17.8;80.0;537.4
Bugalagrande;2022-08-08;32.7;17.4;77.0;516.1
La Paila;2022-08-08;32.9;17.9;78.0;596.4
Bugalagrande;2022-08-09;30.8;17.9;79.0;401.3
La Paila;2022-08-09;30.1;19.3;81.0;387.9
Bugalagrande;2022-08-10;32.2;18.8;77.0;509.4
La Paila;2022-08-10;32.3;19.7;77.0;501.1
Bugalagrande;2022-08-11;31.3;18.8;76.0;530.6
La Paila;2022-08-11;31.6;18.6;79.0;463.8
Bugalagrande;2022-08-12;30.6;18.8;85.0;449.5
La Paila;2022-08-12;30.6;19.3;82.0;421.4
Bugalagrande;2022-08-13;28.5;19.5;89.0;342.0
La Paila;2022-08-13;29.4;20.0;87.0;333.7
Bugalagrande;2022-08-14;30.6;18.8;85.0;422.1
La Paila;2022-08-14;29.9;19.7;86.0;384.8
Bugalagrande;2022-08-15;29.6;18.8;87.0;344.2
La Paila;2022-08-15;29.2;19.3;86.0;428.0
Bugalagrande;2022-08-16;32.0;17.8;78.0;589.1
La Paila;2022-08-16;32.3;18.6;78.0;570.3
Bugalagrande;2022-08-17;32.2;17.6;77.0;619.0
La Paila;2022-08-17;32.8;17.9;76.0;581.9
Bugalagrande;2022-08-18;33.2;19.5;81.0;528.6
La Paila;2022-08-18;33.2;19.3;78.0;515.9
Bugalagrande;2022-08-19;31.8;19.0;81.0;528.3
La Paila;2022-08-19;32.1;18.6;78.0;442.0
Bugalagrande;2022-08-20;29.6;17.4;89.0;374.8
La Paila;2022-08-20;30.2;17.9;86.0;335.4
Bugalagrande;2022-08-21;29.2;17.2;83.0;424.1
La Paila;2022-08-21;29.6;17.6;85.0;391.6
Bugalagrande;2022-08-22;29.2;18.5;81.0;373.5
La Paila;2022-08-22;29.6;19.1;80.0;375.8
Bugalagrande;2022-08-23;31.3;16.9;80.0;499.6
La Paila;2022-08-23;31.6;17.2;79.0;480.3
Bugalagrande;2022-08-24;33.1;16.9;76.0;597.8
La Paila;2022-08-24;33.0;17.2;75.0;575.4
Bugalagrande;2022-08-25;30.6;16.4;74.0;507.9
La Paila;2022-08-25;31.3;16.9;75.0;426.7
Bugalagrande;2022-08-26;32.2;19.2;79.0;548.6
La Paila;2022-08-26;32.1;19.7;78.0;526.7
Bugalagrande;2022-08-27;32.0;18.1;82.0;548.4
La Paila;2022-08-27;32.3;18.5;81.0;534.7
Bugalagrande;2022-08-28;28.7;16.9;86.0;405.6
La Paila;2022-08-28;28.9;17.6;83.0;375.5
Bugalagrande;2022-08-29;31.3;16.4;83.0;553.3
La Paila;2022-08-29;32.8;17.2;84.0;538.0
Bugalagrande;2022-08-30;32.7;18.3;78.0;650.4
La Paila;2022-08-30;32.3;18.5;79.0;621.0
Bugalagrande;2022-08-31;30.4;19.5;83.0;503.7
La Paila;2022-08-31;31.3;20.0;82.0;425.6
Bugalagrande;2022-09-01;29.6;18.8;85.0;519.4
La Paila;2022-09-01;30.2;19.3;83.0;540.3
Bugalagrande;2022-09-02;31.0;18.5;87.0;481.0
La Paila;2022-09-02;30.6;19.3;85.0;433.7
Bugalagrande;2022-09-03;31.8;18.1;81.0;575.3
La Paila;2022-09-03;32.8;17.9;80.0;549.9
Bugalagrande;2022-09-04;29.6;18.1;79.0;359.6
La Paila;2022-09-04;32.0;19.3;78.0;474.4
Bugalagrande;2022-09-05;31.3;17.1;76.0;544.4
La Paila;2022-09-05;31.6;17.9;76.0;518.0
Bugalagrande;2022-09-06;31.3;18.1;78.0;497.0
La Paila;2022-09-06;31.6;19.3;76.0;470.2
Bugalagrande;2022-09-07;32.9;16.4;76.0;591.4
La Paila;2022-09-07;32.7;17.6;73.0;586.2
Bugalagrande;2022-09-08;32.4;19.5;78.0;573.6
La Paila;2022-09-08;32.3;19.3;80.0;504.7
Bugalagrande;2022-09-09;31.3;18.1;80.0;453.3
La Paila;2022-09-09;31.1;18.6;79.0;530.9
Bugalagrande;2022-09-10;32.0;18.1;81.0;447.9
La Paila;2022-09-10;32.4;19.3;78.0;421.3
Bugalagrande;2022-09-11;30.8;18.1;80.0;470.5
La Paila;2022-09-11;30.9;18.8;77.0;411.4
Bugalagrande;2022-09-12;33.2;17.9;80.0;562.7
La Paila;2022-09-12;32.3;18.1;82.0;516.5
Bugalagrande;2022-09-13;30.6;18.1;83.0;540.4
La Paila;2022-09-13;30.1;18.3;83.0;555.1
Bugalagrande;2022-09-14;30.1;17.8;89.0;360.7
La Paila;2022-09-14;29.4;18.6;86.0;393.1
Bugalagrande;2022-09-15;30.6;17.4;80.0;563.6
La Paila;2022-09-15;31.1;17.2;80.0;580.6
Bugalagrande;2022-09-16;28.7;19.2;84.0;318.0
La Paila;2022-09-16;29.1;20.0;83.0;322.3
Bugalagrande;2022-09-17;30.6;18.8;77.0;468.6
La Paila;2022-09-17;30.9;19.0;79.0;432.4
Bugalagrande;2022-09-18;28.7;18.1;87.0;383.0
La Paila;2022-09-18;28.9;19.0;89.0;339.2
Bugalagrande;2022-09-19;28.2;17.9;91.0;328.7
La Paila;2022-09-19;27.5;18.6;88.0;401.1
Bugalagrande;2022-09-20;29.9;18.1;83.0;509.5
La Paila;2022-09-20;29.9;18.6;84.0;523.3
Bugalagrande;2022-09-21;29.9;17.6;81.0;454.3
La Paila;2022-09-21;29.2;18.8;82.0;452.0
Bugalagrande;2022-09-22;29.1;18.1;85.0;391.6
La Paila;2022-09-22;29.6;18.8;85.0;407.3
Bugalagrande;2022-09-23;31.3;16.7;81.0;624.3
La Paila;2022-09-23;30.6;17.9;83.0;559.1
Bugalagrande;2022-09-24;30.3;17.7;91.0;411.6
La Paila;2022-09-24;28.5;18.5;90.0;382.4
Bugalagrande;2022-09-25;30.4;16.9;87.0;503.9
La Paila;2022-09-25;29.4;17.2;89.0;408.8
Bugalagrande;2022-09-26;33.1;18.1;78.0;579.5
La Paila;2022-09-26;33.5;18.3;78.0;602.8
Bugalagrande;2022-09-27;31.7;17.9;79.0;540.5
La Paila;2022-09-27;31.6;18.5;81.0;479.3
Bugalagrande;2022-09-28;29.2;17.1;91.0;306.4
La Paila;2022-09-28;28.5;17.6;90.0;268.4
Bugalagrande;2022-09-29;29.9;17.4;82.0;518.1
La Paila;2022-09-29;30.1;17.9;81.0;477.3
Bugalagrande;2022-09-30;30.6;17.8;80.0;512.0
La Paila;2022-09-30;30.1;17.9;80.0;520.1
Bugalagrande;2022-10-01;29.1;18.8;85.0;346.5
La Paila;2022-10-01;30.2;20.0;83.0;358.3
Bugalagrande;2022-10-02;32.5;16.9;79.0;553.1
La Paila;2022-10-02;32.8;17.9;79.0;525.3
Bugalagrande;2022-10-03;33.4;16.6;77.0;584.7
La Paila;2022-10-03;33.1;17.2;76.0;608.6
Bugalagrande;2022-10-04;28.7;18.1;87.0;318.7
La Paila;2022-10-04;29.4;18.6;84.0;354.1
Bugalagrande;2022-10-05;30.6;17.6;84.0;530.1
La Paila;2022-10-05;30.7;18.6;87.0;502.2
Bugalagrande;2022-10-06;27.2;18.8;92.0;320.3
La Paila;2022-10-06;27.3;18.6;92.0;220.3
Bugalagrande;2022-10-07;31.3;18.8;81.0;613.1
La Paila;2022-10-07;30.8;19.3;81.0;594.5
Bugalagrande;2022-10-08;26.3;18.6;92.0;290.6
La Paila;2022-10-08;27.0;18.6;92.0;286.5
Bugalagrande;2022-10-09;30.3;17.1;88.0;440.4
La Paila;2022-10-09;29.6;17.2;86.0;454.9
Bugalagrande;2022-10-10;32.4;19.3;81.0;591.9
La Paila;2022-10-10;31.9;19.8;80.0;606.8
Bugalagrande;2022-10-11;31.7;18.1;79.0;495.1
La Paila;2022-10-11;32.1;18.6;80.0;556.3
Bugalagrande;2022-10-12;29.9;18.1;84.0;397.3
La Paila;2022-10-12;30.1;18.6;86.0;366.8
Bugalagrande;2022-10-13;31.0;17.6;80.0;469.6
La Paila;2022-10-13;30.2;17.8;82.0;442.3
Bugalagrande;2022-10-14;31.3;17.1;80.0;566.9
La Paila;2022-10-14;31.3;17.2;79.0;543.1
Bugalagrande;2022-10-15;28.9;18.8;92.0;300.5
La Paila;2022-10-15;30.6;18.8;89.0;400.8
Bugalagrande;2022-10-16;31.1;18.5;83.0;568.1
La Paila;2022-10-16;31.5;18.3;82.0;529.8
Bugalagrande;2022-10-17;28.9;18.8;91.0;405.5
La Paila;2022-10-17;29.6;19.1;91.0;383.9
Bugalagrande;2022-10-18;29.6;18.8;83.0;577.3
La Paila;2022-10-18;28.9;19.0;84.0;472.1
Bugalagrande;2022-10-19;29.6;19.5;91.0;344.2
La Paila;2022-10-19;30.2;19.5;89.0;386.9
Bugalagrande;2022-10-20;26.1;18.8;93.0;295.9
La Paila;2022-10-20;25.6;19.3;92.0;300.1
Bugalagrande;2022-10-21;29.6;18.1;83.0;497.7
La Paila;2022-10-21;29.9;19.3;82.0;520.7
Bugalagrande;2022-10-22;28.4;19.5;89.0;341.6
La Paila;2022-10-22;29.6;19.7;90.0;344.1
Bugalagrande;2022-10-23;31.0;19.0;82.0;494.4
La Paila;2022-10-23;30.9;20.5;83.0;513.4
Bugalagrande;2022-10-24;27.7;18.1;91.0;229.2
La Paila;2022-10-24;24.8;18.3;90.0;211.5
Bugalagrande;2022-10-25;30.3;16.9;84.0;475.2
La Paila;2022-10-25;30.2;17.2;81.0;449.8
Bugalagrande;2022-10-26;23.7;18.1;96.0;166.3
La Paila;2022-10-26;24.8;18.3;91.0;247.2
Bugalagrande;2022-10-27;30.6;16.7;83.0;512.7
La Paila;2022-10-27;30.4;17.2;80.0;490.4
Bugalagrande;2022-10-28;27.9;18.8;91.0;300.1
La Paila;2022-10-28;28.2;19.1;91.0;283.9
Bugalagrande;2022-10-29;27.5;18.8;88.0;417.7
La Paila;2022-10-29;28.9;18.8;88.0;385.4
Bugalagrande;2022-10-30;31.0;18.3;80.0;600.8
La Paila;2022-10-30;30.4;18.6;82.0;535.1
Bugalagrande;2022-10-31;31.5;17.6;80.0;590.7
La Paila;2022-10-31;31.6;17.2;78.0;591.1
Bugalagrande;2022-11-01;32.4;18.1;78.0;553.3
La Paila;2022-11-01;32.3;18.5;80.0;499.9
Bugalagrande;2022-11-02;29.9;17.9;83.0;395.7
La Paila;2022-11-02;30.8;18.6;84.0;345.7
Bugalagrande;2022-11-03;30.6;19.2;87.0;421.9
La Paila;2022-11-03;30.9;20.0;86.0;453.8
Bugalagrande;2022-11-04;28.2;19.2;85.0;373.9
La Paila;2022-11-04;28.7;19.5;85.0;319.6
Bugalagrande;2022-11-05;27.5;18.8;90.0;270.7
La Paila;2022-11-05;29.1;19.3;87.0;347.4
Bugalagrande;2022-11-06;30.8;18.8;84.0;469.4
La Paila;2022-11-06;30.4;18.8;83.0;439.9
Bugalagrande;2022-11-07;31.1;17.1;81.0;557.1
La Paila;2022-11-07;30.6;17.9;80.0;508.9
Bugalagrande;2022-11-08;29.2;18.8;86.0;449.9
La Paila;2022-11-08;29.4;18.6;85.0;390.5
Bugalagrande;2022-11-09;29.1;17.6;83.0;572.8
La Paila;2022-11-09;30.2;17.9;80.0;583.8
Bugalagrande;2022-11-10;29.9;18.1;83.0;479.9
La Paila;2022-11-10;29.6;19.3;84.0;407.3
Bugalagrande;2022-11-11;30.6;18.8;82.0;507.3
La Paila;2022-11-11;30.8;18.6;82.0;525.3
Bugalagrande;2022-11-12;22.3;16.4;94.0;185.4
La Paila;2022-11-12;23.4;16.6;91.0;208.6
Bugalagrande;2022-11-13;28.7;16.4;84.0;468.5
La Paila;2022-11-13;28.2;16.6;85.0;419.4
Bugalagrande;2022-11-14;31.1;16.4;81.0;542.1
La Paila;2022-11-14;31.6;16.9;83.0;525.3
Bugalagrande;2022-11-15;30.3;19.5;91.0;376.7
La Paila;2022-11-15;30.8;20.2;90.0;377.1
Bugalagrande;2022-11-16;30.1;19.5;86.0;417.3
La Paila;2022-11-16;30.4;20.0;86.0;395.8
Bugalagrande;2022-11-17;29.7;19.5;89.0;397.8
La Paila;2022-11-17;29.6;19.3;89.0;385.5
Bugalagrande;2022-11-18;28.2;18.3;90.0;356.8
La Paila;2022-11-18;28.9;18.3;89.0;348.4
Bugalagrande;2022-11-19;31.3;17.1;83.0;500.6
La Paila;2022-11-19;31.3;17.2;84.0;401.8
Bugalagrande;2022-11-20;30.4;19.5;83.0;432.0
La Paila;2022-11-20;30.1;20.0;84.0;410.2
Bugalagrande;2022-11-21;30.3;19.2;85.0;448.1
La Paila;2022-11-21;30.6;20.0;85.0;376.4
Bugalagrande;2022-11-22;26.8;18.8;89.0;301.8
La Paila;2022-11-22;26.8;19.3;87.0;339.2
Bugalagrande;2022-11-23;28.4;16.7;86.0;386.8
La Paila;2022-11-23;29.1;17.2;83.0;486.5
Bugalagrande;2022-11-24;30.6;16.9;82.0;553.5
La Paila;2022-11-24;30.9;17.2;82.0;565.9
Bugalagrande;2022-11-25;33.1;16.9;80.0;542.1
La Paila;2022-11-25;31.6;17.2;79.0;518.3
Bugalagrande;2022-11-26;31.0;18.8;85.0;554.4
La Paila;2022-11-26;30.2;18.6;84.0;389.3
Bugalagrande;2022-11-27;27.9;18.1;89.0;326.7
La Paila;2022-11-27;28.2;19.0;88.0;302.0
Bugalagrande;2022-11-28;29.6;17.6;88.0;422.9
La Paila;2022-11-28;28.9;19.3;88.0;351.2
Bugalagrande;2022-11-29;28.4;18.5;87.0;506.0
La Paila;2022-11-29;28.4;18.5;85.0;389.4
Bugalagrande;2022-11-30;28.5;18.1;86.0;425.5
La Paila;2022-11-30;29.4;18.6;85.0;343.5
Bugalagrande;2022-12-01;28.4;18.1;88.0;382.9
La Paila;2022-12-01;28.9;19.0;85.0;428.4
Bugalagrande;2022-12-02;30.3;17.6;81.0;559.9
La Paila;2022-12-02;30.2;17.4;80.0;500.3
Bugalagrande;2022-12-03;28.4;18.6;85.0;419.7
La Paila;2022-12-03;29.4;18.6;85.0;354.9
Bugalagrande;2022-12-04;25.4;17.2;95.0;192.1
La Paila;2022-12-04;25.3;17.9;92.0;206.1
Bugalagrande;2022-12-05;29.6;17.6;84.0;477.6
La Paila;2022-12-05;29.4;17.9;84.0;425.7
Bugalagrande;2022-12-06;30.3;17.4;83.0;492.9
La Paila;2022-12-06;29.6;17.1;84.0;451.2
Bugalagrande;2022-12-07;29.2;18.6;86.0;469.3
La Paila;2022-12-07;29.1;19.0;86.0;445.2
Bugalagrande;2022-12-08;28.7;18.3;86.0;408.6
La Paila;2022-12-08;29.6;18.6;89.0;364.2
Bugalagrande;2022-12-09;30.6;18.3;82.0;440.8
La Paila;2022-12-09;30.1;17.9;82.0;440.4
Bugalagrande;2022-12-10;29.6;17.1;84.0;389.6
La Paila;2022-12-10;30.2;17.2;84.0;408.6
Bugalagrande;2022-12-11;30.4;18.1;86.0;403.4
La Paila;2022-12-11;29.6;19.1;88.0;333.5
Bugalagrande;2022-12-12;29.9;17.6;84.0;420.7
La Paila;2022-12-12;29.9;18.5;85.0;408.7
Bugalagrande;2022-12-13;29.7;17.6;88.0;396.2
La Paila;2022-12-13;29.6;17.9;87.0;370.3
Bugalagrande;2022-12-14;31.3;17.6;82.0;491.1
La Paila;2022-12-14;30.2;18.6;83.0;422.5
Bugalagrande;2022-12-15;32.2;17.1;80.0;524.7
La Paila;2022-12-15;30.8;17.8;80.0;451.9
Bugalagrande;2022-12-16;32.5;17.6;79.0;508.5
La Paila;2022-12-16;31.6;18.1;79.0;477.5
Bugalagrande;2022-12-17;31.0;18.8;81.0;530.1
La Paila;2022-12-17;30.4;19.3;80.0;420.6
Bugalagrande;2022-12-18;30.6;19.2;84.0;451.1
La Paila;2022-12-18;29.6;19.3;82.0;382.8
Bugalagrande;2022-12-19;30.6;18.3;82.0;454.4
La Paila;2022-12-19;30.9;19.0;80.0;458.3
Bugalagrande;2022-12-20;31.8;17.6;79.0;518.8
La Paila;2022-12-20;31.6;17.6;78.0;456.3
Bugalagrande;2022-12-21;33.1;17.2;78.0;558.8
La Paila;2022-12-21;31.8;18.6;78.0;480.9
Bugalagrande;2022-12-22;32.7;19.0;78.0;504.7
La Paila;2022-12-22;32.1;19.8;78.0;496.2
Bugalagrande;2022-12-23;32.7;18.8;77.0;522.7
La Paila;2022-12-23;31.6;20.0;76.0;460.9
Bugalagrande;2022-12-24;28.2;19.7;88.0;345.2
La Paila;2022-12-24;28.2;20.4;84.0;364.7
Bugalagrande;2022-12-25;31.7;18.6;81.0;443.9
La Paila;2022-12-25;30.9;18.3;79.0;459.1
Bugalagrande;2022-12-26;29.9;19.5;83.0;423.1
La Paila;2022-12-26;29.7;19.8;81.0;340.5
Bugalagrande;2022-12-27;29.4;19.3;83.0;402.2
La Paila;2022-12-27;28.0;19.8;85.0;325.2
Bugalagrande;2022-12-28;31.7;19.5;80.0;521.6
La Paila;2022-12-28;31.1;20.0;81.0;485.7
Bugalagrande;2022-12-29;32.0;17.9;79.0;550.3
La Paila;2022-12-29;31.4;19.8;81.0;521.4
Bugalagrande;2022-12-30;31.3;17.8;79.0;514.9
La Paila;2022-12-30;31.5;19.0;77.0;469.2
Bugalagrande;2022-12-31;28.2;17.8;88.0;344.9
La Paila;2022-12-31;28.2;18.6;82.0;339.8
Bugalagrande;2023-01-01;27.7;18.1;88.0;400.1
La Paila;2023-01-01;27.1;18.6;89.0;343.0
Bugalagrande;2023-01-02;29.4;18.8;85.0;484.7
La Paila;2023-01-02;29.9;19.3;84.0;444.5
Bugalagrande;2023-01-03;29.6;18.1;86.0;438.7
La Paila;2023-01-03;28.9;19.1;85.0;431.4
Bugalagrande;2023-01-04;30.3;17.6;83.0;437.7
La Paila;2023-01-04;29.6;18.3;83.0;401.6
Bugalagrande;2023-01-05;30.6;17.8;82.0;530.2
La Paila;2023-01-05;29.1;17.6;81.0;366.2
Bugalagrande;2023-01-06;30.1;18.1;81.0;456.7
La Paila;2023-01-06;30.2;19.3;80.0;376.3
Bugalagrande;2023-01-07;28.9;18.1;89.0;365.8
La Paila;2023-01-07;29.1;19.3;88.0;322.9
Bugalagrande;2023-01-08;29.2;18.8;89.0;326.0
La Paila;2023-01-08;28.2;19.0;88.0;335.1
Bugalagrande;2023-01-09;28.7;18.1;87.0;454.6
La Paila;2023-01-09;29.0;19.0;88.0;423.4
Bugalagrande;2023-01-10;29.2;18.8;89.0;381.5
La Paila;2023-01-10;28.9;19.0;87.0;410.2
Bugalagrande;2023-01-11;28.9;18.3;89.0;326.1
La Paila;2023-01-11;28.9;19.3;88.0;370.3
Bugalagrande;2023-01-12;28.0;18.1;91.0;306.9
La Paila;2023-01-12;27.5;19.3;90.0;320.0
Bugalagrande;2023-01-13;29.9;18.3;85.0;480.1
La Paila;2023-01-13;30.1;19.1;84.0;485.3
Bugalagrande;2023-01-14;28.5;18.8;85.0;362.2
La Paila;2023-01-14;28.9;19.3;82.0;407.7
Bugalagrande;2023-01-15;30.6;17.6;82.0;517.6
La Paila;2023-01-15;30.8;17.9;81.0;484.1
Bugalagrande;2023-01-16;30.8;18.8;83.0;478.0
La Paila;2023-01-16;30.2;19.3;83.0;445.3
Bugalagrande;2023-01-17;29.9;17.9;84.0;409.9
La Paila;2023-01-17;29.6;18.6;81.0;320.9
Bugalagrande;2023-01-18;29.6;17.6;86.0;381.2
La Paila;2023-01-18;29.4;18.1;86.0;345.4
Bugalagrande;2023-01-19;29.4;18.5;87.0;494.8
La Paila;2023-01-19;28.9;18.6;86.0;455.2
Bugalagrande;2023-01-20;29.2;18.8;87.0;380.0
La Paila;2023-01-20;29.4;18.3;85.0;389.8
Bugalagrande;2023-01-21;30.4;18.8;82.0;440.7
La Paila;2023-01-21;29.7;18.6;82.0;355.8
Bugalagrande;2023-01-22;29.4;16.4;83.0;455.1
La Paila;2023-01-22;29.6;18.3;81.0;433.3
Bugalagrande;2023-01-23;29.6;15.9;81.0;432.9
La Paila;2023-01-23;28.5;16.6;82.0;380.3
Bugalagrande;2023-01-24;28.7;17.2;86.0;317.6
La Paila;2023-01-24;29.2;17.2;85.0;294.4
Bugalagrande;2023-01-25;32.0;17.1;79.0;555.6
La Paila;2023-01-25;32.1;17.8;80.0;490.7
Bugalagrande;2023-01-26;33.4;17.6;77.0;564.2
La Paila;2023-01-26;32.3;18.5;77.0;504.8
Bugalagrande;2023-01-27;33.1;17.6;78.0;589.1
La Paila;2023-01-27;31.6;17.9;76.0;485.5
Bugalagrande;2023-01-28;32.5;17.1;77.0;545.2
La Paila;2023-01-28;32.7;17.2;77.0;523.1
Bugalagrande;2023-01-29;32.4;17.8;80.0;514.8
La Paila;2023-01-29;32.0;18.6;76.0;476.3
Bugalagrande;2023-01-30;31.7;17.4;77.0;544.1
La Paila;2023-01-30;32.3;19.0;75.0;500.2
Bugalagrande;2023-01-31;32.7;18.8;78.0;568.8
La Paila;2023-01-31;32.1;19.1;76.0;479.7
Bugalagrande;2023-02-01;32.7;18.3;76.0;570.1
La Paila;2023-02-01;32.3;17.9;75.0;478.1
Bugalagrande;2023-02-02;31.3;18.1;76.0;516.6
La Paila;2023-02-02;32.8;17.9;75.0;508.7
Bugalagrande;2023-02-03;32.0;18.3;81.0;455.0
La Paila;2023-02-03;32.0;19.3;77.0;453.1
Bugalagrande;2023-02-04;32.7;18.3;78.0;568.5
La Paila;2023-02-04;31.6;20.0;78.0;485.3
Bugalagrande;2023-02-05;31.8;16.7;78.0;546.7
La Paila;2023-02-05;31.6;17.1;77.0;496.7
Bugalagrande;2023-02-06;31.3;17.1;78.0;421.6
La Paila;2023-02-06;32.3;17.2;76.0;535.4
Bugalagrande;2023-02-07;33.2;17.1;76.0;537.9
La Paila;2023-02-07;33.0;17.9;79.0;493.2
Bugalagrande;2023-02-08;31.3;18.3;78.0;389.2
La Paila;2023-02-08;30.3;18.3;77.0;396.2
Bugalagrande;2023-02-09;32.4;18.3;79.0;446.9
La Paila;2023-02-09;32.3;19.3;82.0;465.9
Bugalagrande;2023-02-10;33.6;18.3;81.0;547.4
La Paila;2023-02-10;33.0;18.3;80.0;525.9
Bugalagrande;2023-02-11;33.6;18.8;80.0;521.6
La Paila;2023-02-11;33.0;19.3;82.0;452.2
Bugalagrande;2023-02-12;30.6;18.8;82.0;391.6
La Paila;2023-02-12;29.7;19.8;83.0;361.5
Bugalagrande;2023-02-13;30.8;17.8;78.0;472.2
La Paila;2023-02-13;30.9;18.3;78.0;456.6
Bugalagrande;2023-02-14;32.0;18.8;82.0;351.3
La Paila;2023-02-14;30.6;19.3;82.0;299.3
Bugalagrande;2023-02-15;32.2;18.3;79.0;520.4
La Paila;2023-02-15;32.3;18.6;75.0;507.4
Bugalagrande;2023-02-16;28.2;19.0;87.0;424.4
La Paila;2023-02-16;27.7;19.3;84.0;299.2
Bugalagrande;2023-02-17;32.0;17.1;76.0;606.8
La Paila;2023-02-17;31.6;16.9;75.0;579.8
Bugalagrande;2023-02-18;31.5;18.8;81.0;508.4
La Paila;2023-02-18;30.9;19.8;81.0;457.9
Bugalagrande;2023-02-19;32.0;19.5;78.0;515.9
La Paila;2023-02-19;31.6;20.5;79.0;512.0
Bugalagrande;2023-02-20;28.2;19.7;87.0;300.7
La Paila;2023-02-20;28.4;20.0;87.0;280.0
Bugalagrande;2023-02-21;28.5;18.8;88.0;315.9
La Paila;2023-02-21;27.8;19.3;87.0;316.1
Bugalagrande;2023-02-22;25.4;18.5;94.0;176.0
La Paila;2023-02-22;25.5;19.3;89.0;170.5
Bugalagrande;2023-02-23;31.7;16.4;78.0;571.5
La Paila;2023-02-23;31.5;17.2;78.0;582.8
Bugalagrande;2023-02-24;32.7;17.6;78.0;602.7
La Paila;2023-02-24;32.3;17.2;78.0;549.9
Bugalagrande;2023-02-25;32.4;19.5;78.0;554.4
La Paila;2023-02-25;32.1;19.8;76.0;535.1
Bugalagrande;2023-02-26;32.7;18.5;77.0;485.6
La Paila;2023-02-26;32.1;18.6;76.0;462.6
Bugalagrande;2023-02-27;33.6;17.1;77.0;570.7
La Paila;2023-02-27;33.5;17.2;77.0;503.3
Bugalagrande;2023-02-28;34.8;17.6;76.0;603.4
La Paila;2023-02-28;34.0;17.9;75.0;572.1
Bugalagrande;2023-03-01;34.1;20.2;80.0;539.2
La Paila;2023-03-01;33.4;20.0;79.0;498.0
Bugalagrande;2023-03-02;33.2;20.9;80.0;492.4
La Paila;2023-03-02;32.4;21.2;82.0;479.9
Bugalagrande;2023-03-03;32.0;19.7;79.0;447.3
La Paila;2023-03-03;32.3;20.4;80.0;439.3
Bugalagrande;2023-03-04;31.1;20.2;83.0;420.3
La Paila;2023-03-04;30.8;20.7;87.0;381.1
Bugalagrande;2023-03-05;29.7;20.2;84.0;341.0
La Paila;2023-03-05;28.9;20.7;86.0;265.7
Bugalagrande;2023-03-06;32.7;19.7;80.0;512.3
La Paila;2023-03-06;32.1;20.0;82.0;476.2
Bugalagrande;2023-03-07;27.7;17.6;88.0;374.4
La Paila;2023-03-07;28.0;17.9;85.0;494.5
Bugalagrande;2023-03-08;29.4;18.8;88.0;354.6
La Paila;2023-03-08;29.9;20.0;84.0;401.3
Bugalagrande;2023-03-09;28.0;18.8;92.0;313.3
La Paila;2023-03-09;28.0;19.3;91.0;302.3
Bugalagrande;2023-03-10;28.7;18.8;88.0;378.0
La Paila;2023-03-10;28.9;19.3;84.0;429.1
Bugalagrande;2023-03-11;24.0;18.1;93.0;226.2
La Paila;2023-03-11;24.6;18.6;90.0;225.0
Bugalagrande;2023-03-12;29.4;17.9;85.0;465.4
La Paila;2023-03-12;30.1;18.6;87.0;453.7
Bugalagrande;2023-03-13;26.8;18.8;92.0;275.2
La Paila;2023-03-13;25.6;19.7;91.0;230.7
Bugalagrande;2023-03-14;28.7;18.8;89.0;450.2
La Paila;2023-03-14;28.9;19.3;89.0;382.2
Bugalagrande;2023-03-15;28.6;18.8;86.0;467.6
La Paila;2023-03-15;28.7;19.3;84.0;499.4
Bugalagrande;2023-03-16;28.0;17.6;86.0;366.4
La Paila;2023-03-16;28.5;17.2;86.0;322.2
Bugalagrande;2023-03-17;31.3;18.1;80.0;575.0
La Paila;2023-03-17;30.6;18.3;79.0;490.2
Bugalagrande;2023-03-18;30.6;18.5;81.0;498.1
La Paila;2023-03-18;30.1;17.9;81.0;461.7
Bugalagrande;2023-03-19;31.3;18.1;79.0;594.5
La Paila;2023-03-19;31.6;18.6;79.0;543.6
Bugalagrande;2023-03-20;31.7;18.0;81.0;619.4
La Paila;2023-03-20;30.9;18.5;81.0;597.8
Bugalagrande;2023-03-21;31.7;18.8;79.0;581.7
La Paila;2023-03-21;32.3;18.6;79.0;624.0
Bugalagrande;2023-03-22;31.1;17.8;80.0;518.3
La Paila;2023-03-22;30.9;18.6;78.0;497.9
Bugalagrande;2023-03-23;31.3;19.5;81.0;574.2
La Paila;2023-03-23;31.6;20.0;78.0;510.4
Bugalagrande;2023-03-24;26.3;18.3;89.0;231.1
La Paila;2023-03-24;26.3;19.3;92.0;232.2
Bugalagrande;2023-03-25;30.3;18.8;81.0;561.2
La Paila;2023-03-25;30.2;19.7;82.0;536.8
Bugalagrande;2023-03-26;29.7;18.8;84.0;354.4
La Paila;2023-03-26;28.4;19.3;86.0;348.8
Bugalagrande;2023-03-27;28.7;17.6;89.0;273.7
La Paila;2023-03-27;29.4;18.6;86.0;354.6
Bugalagrande;2023-03-28;31.7;17.6;79.0;551.4
La Paila;2023-03-28;31.9;17.9;79.0;539.0
Bugalagrande;2023-03-29;27.8;18.3;91.0;325.3
La Paila;2023-03-29;26.8;18.6;91.0;311.5
Bugalagrande;2023-03-30;32.0;17.9;80.0;618.3
La Paila;2023-03-30;32.0;18.1;80.0;605.0
Bugalagrande;2023-03-31;29.9;19.5;82.0;430.6
La Paila;2023-03-31;30.2;20.2;81.0;413.1
Bugalagrande;2023-04-01;32.0;19.5;78.0;518.3
La Paila;2023-04-01;31.5;20.0;79.0;484.8
Bugalagrande;2023-04-02;28.2;19.0;91.0;309.6
La Paila;2023-04-02;28.5;19.3;89.0;320.9
Bugalagrande;2023-04-03;33.2;18.3;82.0;558.5
La Paila;2023-04-03;32.6;19.3;82.0;602.1
Bugalagrande;2023-04-04;28.2;18.3;91.0;250.7
La Paila;2023-04-04;27.7;19.0;90.0;230.4
Bugalagrande;2023-04-05;31.7;17.8;81.0;536.5
La Paila;2023-04-05;32.1;18.6;82.0;553.3
Bugalagrande;2023-04-06;24.6;17.6;94.0;201.1
La Paila;2023-04-06;24.4;17.9;92.0;227.6
Bugalagrande;2023-04-07;30.6;17.1;84.0;560.7
La Paila;2023-04-07;30.7;17.1;80.0;536.6
Bugalagrande;2023-04-08;32.0;17.8;81.0;495.0
La Paila;2023-04-08;30.6;19.3;80.0;517.7
Bugalagrande;2023-04-09;32.0;17.8;80.0;552.4
La Paila;2023-04-09;32.5;18.5;79.0;614.7
Bugalagrande;2023-04-10;29.9;19.0;85.0;362.1
La Paila;2023-04-10;29.6;19.8;85.0;326.6
Bugalagrande;2023-04-11;30.3;18.5;81.0;450.1
La Paila;2023-04-11;30.6;18.6;82.0;435.0
Bugalagrande;2023-04-12;31.7;17.8;82.0;409.6
La Paila;2023-04-12;31.6;18.6;81.0;394.1
Bugalagrande;2023-04-13;29.4;19.5;84.0;326.7
La Paila;2023-04-13;28.4;20.7;85.0;268.1
Bugalagrande;2023-04-14;29.9;18.3;93.0;270.1
La Paila;2023-04-14;29.2;19.1;91.0;268.7
Bugalagrande;2023-04-15;31.8;18.8;86.0;428.3
La Paila;2023-04-15;31.5;19.3;85.0;458.8
Bugalagrande;2023-04-16;22.8;18.8;99.0;105.6
La Paila;2023-04-16;24.1;19.3;94.0;188.6
Bugalagrande;2023-04-17;30.3;18.8;86.0;436.7
La Paila;2023-04-17;27.5;19.3;87.0;329.9
Bugalagrande;2023-04-18;32.4;18.7;80.0;531.2
La Paila;2023-04-18;32.1;19.3;80.0;568.3
Bugalagrande;2023-04-19;33.4;18.8;78.0;587.4
La Paila;2023-04-19;32.6;19.3;78.0;575.9
Bugalagrande;2023-04-20;27.4;20.2;89.0;213.0
La Paila;2023-04-20;28.7;20.7;86.0;289.4
Bugalagrande;2023-04-21;29.2;19.2;85.0;370.2
La Paila;2023-04-21;28.7;19.3;85.0;410.1
Bugalagrande;2023-04-22;29.2;18.8;83.0;361.5
La Paila;2023-04-22;29.0;19.3;83.0;350.1
Bugalagrande;2023-04-23;30.3;18.5;84.0;417.8
La Paila;2023-04-23;29.6;17.9;82.0;404.3
Bugalagrande;2023-04-24;33.1;16.7;81.0;490.7
La Paila;2023-04-24;31.5;17.1;81.0;458.1
Bugalagrande;2023-04-25;33.2;16.9;78.0;511.4
La Paila;2023-04-25;32.3;17.8;79.0;491.4
Bugalagrande;2023-04-26;30.6;18.3;82.0;311.6
La Paila;2023-04-26;30.4;18.6;81.0;362.9
Bugalagrande;2023-04-27;31.0;18.8;80.0;381.3
La Paila;2023-04-27;31.5;20.0;81.0;423.6
Bugalagrande;2023-04-28;31.3;18.3;81.0;540.1
La Paila;2023-04-28;30.9;19.0;82.0;558.5
Bugalagrande;2023-04-29;31.3;18.8;84.0;407.9
La Paila;2023-04-29;30.2;20.4;85.0;469.8
Bugalagrande;2023-04-30;30.6;18.6;88.0;369.6
La Paila;2023-04-30;30.6;19.3;90.0;389.4
Bugalagrande;2023-05-01;32.9;18.3;84.0;458.8
La Paila;2023-05-01;31.3;18.3;85.0;532.2
Bugalagrande;2023-05-02;33.6;18.3;80.0;505.0
La Paila;2023-05-02;32.8;19.3;79.0;522.8
Bugalagrande;2023-05-03;33.4;17.8;81.0;467.5
La Paila;2023-05-03;32.5;18.6;79.0;511.5
Bugalagrande;2023-05-04;34.8;18.3;78.0;539.2
La Paila;2023-05-04;34.0;20.0;77.0;567.1
Bugalagrande;2023-05-05;33.9;18.1;79.0;416.5
La Paila;2023-05-05;33.4;19.3;78.0;394.8
Bugalagrande;2023-05-06;33.1;17.8;79.0;363.2
La Paila;2023-05-06;33.0;19.3;75.0;441.0
Bugalagrande;2023-05-07;33.4;19.3;80.0;469.3
La Paila;2023-05-07;33.3;20.5;77.0;542.8
Bugalagrande;2023-05-08;32.9;18.5;80.0;412.2
La Paila;2023-05-08;32.1;19.0;78.0;441.7
Bugalagrande;2023-05-09;33.6;19.0;77.0;446.9
La Paila;2023-05-09;33.5;20.0;77.0;454.0
Bugalagrande;2023-05-10;27.0;19.7;92.0;148.8
La Paila;2023-05-10;27.7;20.7;91.0;191.2
Bugalagrande;2023-05-11;32.7;19.3;82.0;479.1
La Paila;2023-05-11;32.5;20.0;86.0;463.6
Bugalagrande;2023-05-12;33.6;18.3;80.0;466.3
La Paila;2023-05-12;32.5;18.6;82.0;471.3
Bugalagrande;2023-05-13;33.2;21.6;80.0;325.1
La Paila;2023-05-13;32.5;21.4;80.0;409.6
Bugalagrande;2023-05-14;29.4;20.9;85.0;258.7
La Paila;2023-05-14;29.7;21.1;86.0;340.2
Bugalagrande;2023-05-15;29.1;19.5;93.0;230.4
La Paila;2023-05-15;30.2;20.0;90.0;347.1
Bugalagrande;2023-05-16;29.8;18.1;85.0;314.8
La Paila;2023-05-16;29.4;19.3;88.0;314.9
Bugalagrande;2023-05-17;32.4;19.2;84.0;443.3
La Paila;2023-05-17;31.0;20.0;86.0;463.5
Bugalagrande;2023-05-18;34.1;18.5;77.0;606.2
La Paila;2023-05-18;33.3;20.0;79.0;602.1
Bugalagrande;2023-05-19;32.7;19.7;82.0;441.0
La Paila;2023-05-19;32.8;21.1;81.0;457.3
Bugalagrande;2023-05-20;28.6;20.2;87.0;274.7
La Paila;2023-05-20;28.4;21.2;90.0;231.8
Bugalagrande;2023-05-21;29.9;20.2;93.0;334.2
La Paila;2023-05-21;30.2;20.3;92.0;307.0
Bugalagrande;2023-05-22;29.3;20.0;89.0;380.3
La Paila;2023-05-22;30.1;20.7;88.0;348.9
Bugalagrande;2023-05-23;31.3;19.9;92.0;371.5
La Paila;2023-05-23;30.9;20.0;91.0;429.0
Bugalagrande;2023-05-24;31.8;18.3;84.0;576.3
La Paila;2023-05-24;33.1;18.6;83.0;574.8
Bugalagrande;2023-05-25;32.7;19.5;82.0;538.7
La Paila;2023-05-25;32.7;20.0;81.0;498.5
Bugalagrande;2023-05-26;27.2;18.8;93.0;205.3
La Paila;2023-05-26;27.2;20.0;92.0;193.1
Bugalagrande;2023-05-27;30.8;18.8;84.0;460.7
La Paila;2023-05-27;31.8;19.3;83.0;452.5
Bugalagrande;2023-05-28;31.7;19.3;86.0;512.8
La Paila;2023-05-28;30.2;19.3;88.0;444.8
Bugalagrande;2023-05-29;31.7;18.8;86.0;480.8
La Paila;2023-05-29;31.5;19.3;85.0;524.4
Bugalagrande;2023-05-30;30.3;19.0;88.0;377.6
La Paila;2023-05-30;30.7;20.0;86.0;398.3
Bugalagrande;2023-05-31;30.8;18.8;82.0;443.6
La Paila;2023-05-31;32.8;19.3;81.0;523.8
Bugalagrande;2023-06-01;29.3;19.5;93.0;268.5
La Paila;2023-06-01;29.6;20.7;89.0;334.5
Bugalagrande;2023-06-02;32.0;18.8;86.0;439.0
La Paila;2023-06-02;31.6;19.3;85.0;433.5
Bugalagrande;2023-06-03;33.4;18.0;80.0;561.0
La Paila;2023-06-03;32.6;17.9;81.0;544.1
Bugalagrande;2023-06-04;32.7;17.8;81.0;539.3
La Paila;2023-06-04;32.8;19.3;80.0;520.0
Bugalagrande;2023-06-05;31.7;18.0;82.0;474.3
La Paila;2023-06-05;32.4;18.6;82.0;489.1
Bugalagrande;2023-06-06;31.3;19.9;83.0;461.0
La Paila;2023-06-06;32.1;20.7;83.0;460.3
Bugalagrande;2023-06-07;32.0;18.5;80.0;426.4
La Paila;2023-06-07;32.8;19.3;80.0;465.2
Bugalagrande;2023-06-08;30.6;19.2;83.0;413.5
La Paila;2023-06-08;31.6;20.0;82.0;403.3
Bugalagrande;2023-06-09;30.6;19.5;82.0;435.8
La Paila;2023-06-09;31.6;20.0;83.0;388.8
Bugalagrande;2023-06-10;32.4;19.7;77.0;529.7
La Paila;2023-06-10;32.8;19.3;79.0;479.8
Bugalagrande;2023-06-11;32.4;18.8;78.0;513.0
La Paila;2023-06-11;32.3;19.3;79.0;455.6
Bugalagrande;2023-06-12;34.1;18.3;75.0;593.6
La Paila;2023-06-12;34.0;19.0;76.0;557.4
Bugalagrande;2023-06-13;33.9;18.3;75.0;595.3
La Paila;2023-06-13;33.8;19.3;78.0;557.5
Bugalagrande;2023-06-14;31.7;18.8;78.0;464.6
La Paila;2023-06-14;32.3;19.3;79.0;435.9
Bugalagrande;2023-06-15;31.3;19.5;79.0;399.4
La Paila;2023-06-15;30.3;20.2;80.0;326.7
Bugalagrande;2023-06-16;31.3;19.5;77.0;429.0
La Paila;2023-06-16;32.8;20.7;79.0;363.6
Bugalagrande;2023-06-17;32.0;19.5;75.0;510.9
La Paila;2023-06-17;32.8;20.0;77.0;502.8
Bugalagrande;2023-06-18;32.7;17.3;78.0;547.3
La Paila;2023-06-18;33.6;17.6;77.0;553.3
Bugalagrande;2023-06-19;34.3;16.1;70.0;600.4
La Paila;2023-06-19;34.7;16.0;73.0;569.0
Bugalagrande;2023-06-20;33.6;16.8;75.0;516.3
La Paila;2023-06-20;34.0;17.2;75.0;494.6
Bugalagrande;2023-06-21;33.9;17.8;74.0;540.7
La Paila;2023-06-21;34.4;18.3;75.0;490.1
Bugalagrande;2023-06-22;32.7;20.6;75.0;485.6
La Paila;2023-06-22;33.0;20.7;77.0;426.3
Bugalagrande;2023-06-23;31.7;19.5;86.0;370.1
La Paila;2023-06-23;31.6;19.8;85.0;299.8
Bugalagrande;2023-06-24;32.0;19.0;83.0;516.3
La Paila;2023-06-24;31.3;19.3;80.0;425.3
Bugalagrande;2023-06-25;29.2;20.0;83.0;384.3
La Paila;2023-06-25;30.7;20.5;80.0;375.5
Bugalagrande;2023-06-26;31.0;18.8;80.0;417.0
La Paila;2023-06-26;30.8;19.3;82.0;370.7
Bugalagrande;2023-06-27;32.0;18.3;77.0;436.2
La Paila;2023-06-27;32.8;19.1;77.0;468.2
Bugalagrande;2023-06-28;33.4;19.5;75.0;536.6
La Paila;2023-06-28;33.8;19.8;74.0;517.2
Bugalagrande;2023-06-29;34.5;18.0;77.0;462.8
La Paila;2023-06-29;35.7;18.6;75.0;538.7
Bugalagrande;2023-06-30;33.8;18.5;75.0;462.9
La Paila;2023-06-30;34.6;19.3;74.0;470.9
Bugalagrande;2023-07-01;33.4;19.4;71.0;531.1
La Paila;2023-07-01;33.7;20.0;73.0;458.2
Bugalagrande;2023-07-02;30.4;19.0;84.0;344.3
La Paila;2023-07-02;31.6;20.0;82.0;383.8
Bugalagrande;2023-07-03;32.0;17.8;82.0;461.6
La Paila;2023-07-03;31.6;18.6;85.0;396.7
Bugalagrande;2023-07-04;29.9;19.2;84.0;415.4
La Paila;2023-07-04;30.2;19.3;85.0;383.7
Bugalagrande;2023-07-05;32.0;17.8;82.0;431.9
La Paila;2023-07-05;32.1;19.1;81.0;398.4
Bugalagrande;2023-07-06;29.6;19.5;86.0;361.8
La Paila;2023-07-06;29.9;20.5;86.0;310.3
Bugalagrande;2023-07-07;28.5;19.9;93.0;292.5
La Paila;2023-07-07;28.9;20.5;90.0;302.7
Bugalagrande;2023-07-08;30.6;18.8;83.0;421.6
La Paila;2023-07-08;31.3;20.0;82.0;387.7
Bugalagrande;2023-07-09;32.7;19.7;78.0;508.8
La Paila;2023-07-09;33.0;19.3;82.0;516.6
Bugalagrande;2023-07-10;32.0;16.6;78.0;452.2
La Paila;2023-07-10;32.8;17.2;76.0;479.8
Bugalagrande;2023-07-11;32.4;18.8;76.0;503.6
La Paila;2023-07-11;32.8;20.0;75.0;517.4
Bugalagrande;2023-07-12;32.4;17.8;77.0;465.6
La Paila;2023-07-12;31.6;18.3;76.0;405.3
Bugalagrande;2023-07-13;34.6;18.5;76.0;585.1
La Paila;2023-07-13;34.0;18.6;73.0;554.7
Bugalagrande;2023-07-14;31.1;19.5;81.0;411.5
La Paila;2023-07-14;31.0;20.0;85.0;308.0
Bugalagrande;2023-07-15;33.4;19.9;78.0;592.4
La Paila;2023-07-15;32.8;20.0;80.0;509.4
Bugalagrande;2023-07-16;33.8;19.5;75.0;536.0
La Paila;2023-07-16;34.3;20.7;76.0;556.6
Bugalagrande;2023-07-17;32.0;19.3;77.0;467.8
La Paila;2023-07-17;32.1;20.0;79.0;404.1
Bugalagrande;2023-07-18;33.8;19.0;73.0;563.3
La Paila;2023-07-18;35.5;19.3;72.0;533.5
Bugalagrande;2023-07-19;35.8;16.1;68.0;598.3
La Paila;2023-07-19;36.7;16.0;70.0;572.7
Bugalagrande;2023-07-20;35.7;16.8;69.0;605.8
La Paila;2023-07-20;35.9;17.1;71.0;551.6
Bugalagrande;2023-07-21;30.3;19.5;78.0;294.6
La Paila;2023-07-21;31.6;20.0;78.0;305.8
Bugalagrande;2023-07-22;30.6;17.6;77.0;304.6
La Paila;2023-07-22;32.8;17.9;77.0;413.5
Bugalagrande;2023-07-23;33.4;18.8;69.0;538.7
La Paila;2023-07-23;34.2;19.3;72.0;445.0
Bugalagrande;2023-07-24;33.8;19.0;70.0;513.4
La Paila;2023-07-24;34.0;18.6;70.0;496.6
Bugalagrande;2023-07-25;32.5;17.4;73.0;501.6
La Paila;2023-07-25;33.4;18.3;73.0;498.1
Bugalagrande;2023-07-26;31.3;20.2;79.0;424.9
La Paila;2023-07-26;30.4;20.7;82.0;371.6
Bugalagrande;2023-07-27;32.9;19.0;73.0;478.9
La Paila;2023-07-27;33.3;19.3;75.0;434.6
Bugalagrande;2023-07-28;35.3;20.2;71.0;586.4
La Paila;2023-07-28;34.9;20.7;75.0;567.8
Bugalagrande;2023-07-29;32.7;19.5;75.0;423.3
La Paila;2023-07-29;33.5;19.3;75.0;482.8
Bugalagrande;2023-07-30;32.7;18.5;74.0;451.6
La Paila;2023-07-30;33.0;19.3;75.0;411.6
Bugalagrande;2023-07-31;32.7;18.3;71.0;501.5
La Paila;2023-07-31;34.0;19.1;71.0;457.3
Bugalagrande;2023-08-01;32.4;18.5;73.0;380.4
La Paila;2023-08-01;31.8;19.3;75.0;354.7
Bugalagrande;2023-08-02;32.5;16.1;72.0;513.7
La Paila;2023-08-02;32.3;16.6;73.0;453.0
Bugalagrande;2023-08-03;32.9;17.3;70.0;505.1
La Paila;2023-08-03;34.4;18.1;69.0;508.8
Bugalagrande;2023-08-04;35.3;16.6;70.0;563.3
La Paila;2023-08-04;35.6;17.8;71.0;521.8
Bugalagrande;2023-08-05;35.6;17.8;70.0;603.9
La Paila;2023-08-05;35.1;18.6;71.0;549.2
Bugalagrande;2023-08-06;31.3;19.5;74.0;413.5
La Paila;2023-08-06;33.0;20.0;75.0;360.3
Bugalagrande;2023-08-07;31.7;19.5;75.0;397.4
La Paila;2023-08-07;32.3;20.7;76.0;366.9
Bugalagrande;2023-08-08;36.2;17.3;67.0;580.5
La Paila;2023-08-08;36.5;17.9;69.0;564.1
Bugalagrande;2023-08-09;33.4;18.3;73.0;420.8
La Paila;2023-08-09;33.6;18.3;74.0;387.5
Bugalagrande;2023-08-10;34.6;17.8;72.0;596.1
La Paila;2023-08-10;34.4;17.9;73.0;567.1
Bugalagrande;2023-08-11;34.5;19.5;78.0;543.3
La Paila;2023-08-11;34.4;20.0;73.0;448.7
Bugalagrande;2023-08-12;34.1;19.0;76.0;556.2
La Paila;2023-08-12;35.1;20.0;78.0;491.4
Bugalagrande;2023-08-13;27.7;19.7;83.0;195.7
La Paila;2023-08-13;27.9;21.1;85.0;183.6
Bugalagrande;2023-08-14;33.8;18.5;73.0;569.5
La Paila;2023-08-14;34.4;18.6;73.0;538.9
Bugalagrande;2023-08-15;32.0;19.0;82.0;436.4
La Paila;2023-08-15;31.6;19.3;82.0;438.2
Bugalagrande;2023-08-16;33.8;18.3;81.0;526.6
La Paila;2023-08-16;33.2;18.6;79.0;558.4
Bugalagrande;2023-08-17;33.4;19.3;80.0;567.0
La Paila;2023-08-17;34.8;18.6;78.0;536.2
Bugalagrande;2023-08-18;33.4;19.5;77.0;597.9
La Paila;2023-08-18;34.5;19.8;78.0;546.2
Bugalagrande;2023-08-19;33.1;19.5;85.0;468.2
La Paila;2023-08-19;33.3;20.7;86.0;443.8
Bugalagrande;2023-08-20;32.0;19.9;85.0;415.5
La Paila;2023-08-20;31.3;20.7;86.0;420.3
Bugalagrande;2023-08-21;30.6;19.9;84.0;426.8
La Paila;2023-08-21;30.1;20.5;88.0;383.5
Bugalagrande;2023-08-22;27.9;18.6;89.0;336.2
La Paila;2023-08-22;27.7;18.8;88.0;306.2
Bugalagrande;2023-08-23;29.4;18.8;83.0;403.5
La Paila;2023-08-23;29.6;18.6;83.0;400.1
Bugalagrande;2023-08-24;30.5;18.3;82.0;382.7
La Paila;2023-08-24;31.6;19.3;79.0;430.9
Bugalagrande;2023-08-25;30.6;17.8;81.0;463.4
La Paila;2023-08-25;31.1;18.6;82.0;456.7
Bugalagrande;2023-08-26;34.8;16.1;73.0;637.5
La Paila;2023-08-26;35.1;16.6;74.0;640.0
Bugalagrande;2023-08-27;34.3;17.8;72.0;638.1
La Paila;2023-08-27;34.4;18.5;72.0;641.0
Bugalagrande;2023-08-28;35.3;17.8;73.0;621.0
La Paila;2023-08-28;35.1;18.6;71.0;645.4
Bugalagrande;2023-08-29;35.0;17.8;70.0;595.3
La Paila;2023-08-29;35.2;18.6;71.0;576.3
Bugalagrande;2023-08-30;35.5;16.7;71.0;530.9
La Paila;2023-08-30;34.9;17.6;72.0;521.3
Bugalagrande;2023-08-31;34.8;18.5;73.0;466.0
La Paila;2023-08-31;35.2;18.6;72.0;532.6
Bugalagrande;2023-09-01;36.0;17.3;69.0;597.0
La Paila;2023-09-01;35.9;18.6;69.0;612.9
Bugalagrande;2023-09-02;29.4;18.3;82.0;439.1
La Paila;2023-09-02;30.4;19.0;81.0;432.1
Bugalagrande;2023-09-03;30.6;18.8;80.0;413.6
La Paila;2023-09-03;31.1;19.3;77.0;484.0
Bugalagrande;2023-09-04;30.6;18.3;80.0;392.5
La Paila;2023-09-04;31.6;19.8;78.0;431.1
Bugalagrande;2023-09-05;34.1;19.5;75.0;501.4
La Paila;2023-09-05;34.5;20.5;75.0;519.9
Bugalagrande;2023-09-06;35.3;16.6;72.0;622.3
La Paila;2023-09-06;35.8;17.2;71.0;579.8
Bugalagrande;2023-09-07;32.7;17.3;74.0;516.5
La Paila;2023-09-07;33.7;17.6;74.0;516.7
Bugalagrande;2023-09-08;34.5;17.8;77.0;588.0
La Paila;2023-09-08;34.4;18.6;76.0;581.9
Bugalagrande;2023-09-09;32.2;19.5;77.0;454.4
La Paila;2023-09-09;32.5;20.7;76.0;476.7
Bugalagrande;2023-09-10;30.8;19.5;77.0;380.3
La Paila;2023-09-10;31.8;20.7;74.0;412.6
Bugalagrande;2023-09-11;33.4;19.9;77.0;606.0
La Paila;2023-09-11;33.5;20.7;77.0;640.9
Bugalagrande;2023-09-12;34.1;17.8;78.0;614.7
La Paila;2023-09-12;34.7;18.6;73.0;620.6
Bugalagrande;2023-09-13;35.2;18.3;73.0;562.6
La Paila;2023-09-13;33.7;19.3;74.0;559.0
Bugalagrande;2023-09-14;32.5;18.8;77.0;419.1
La Paila;2023-09-14;33.5;19.7;80.0;486.8
Bugalagrande;2023-09-15;32.0;19.0;77.0;397.9
La Paila;2023-09-15;32.5;19.3;76.0;443.0
Bugalagrande;2023-09-16;34.8;18.0;71.0;573.2
La Paila;2023-09-16;34.5;17.9;72.0;597.0
Bugalagrande;2023-09-17;32.0;18.5;75.0;396.5
La Paila;2023-09-17;32.3;18.6;75.0;405.2
Bugalagrande;2023-09-18;32.7;17.8;75.0;487.0
La Paila;2023-09-18;33.7;17.9;73.0;517.2
Bugalagrande;2023-09-19;35.7;18.5;71.0;592.9
La Paila;2023-09-19;34.7;19.7;73.0;543.9
Bugalagrande;2023-09-20;34.6;17.3;71.0;604.7
La Paila;2023-09-20;34.9;17.4;71.0;611.1
Bugalagrande;2023-09-21;35.5;16.4;70.0;608.3
La Paila;2023-09-21;35.8;17.2;68.0;638.5
Bugalagrande;2023-09-22;33.4;17.3;81.0;436.6
La Paila;2023-09-22;33.7;18.3;75.0;480.2
Bugalagrande;2023-09-23;33.4;16.9;78.0;513.6
La Paila;2023-09-23;32.8;17.2;74.0;511.5
Bugalagrande;2023-09-24;32.7;18.3;76.0;445.7
La Paila;2023-09-24;33.0;18.6;74.0;479.3
Bugalagrande;2023-09-25;33.1;19.0;74.0;468.5
La Paila;2023-09-25;33.7;20.0;71.0;499.5
Bugalagrande;2023-09-26;32.7;19.5;71.0;437.0
La Paila;2023-09-26;33.4;20.0;71.0;473.3
Bugalagrande;2023-09-27;34.8;20.2;70.0;601.4
La Paila;2023-09-27;35.1;20.0;69.0;578.5
Bugalagrande;2023-09-28;29.6;19.0;86.0;354.6
La Paila;2023-09-28;29.6;19.8;83.0;362.4
Bugalagrande;2023-09-29;34.1;17.8;76.0;633.1
La Paila;2023-09-29;34.2;17.9;75.0;623.4
Bugalagrande;2023-09-30;35.2;18.8;80.0;603.3
La Paila;2023-09-30;34.4;19.3;81.0;559.1
Bugalagrande;2023-10-01;32.0;19.0;83.0;380.4
La Paila;2023-10-01;32.3;20.4;84.0;427.8
Bugalagrande;2023-10-02;34.1;18.3;81.0;579.9
La Paila;2023-10-02;33.7;19.3;79.0;605.8
Bugalagrande;2023-10-03;31.7;20.2;82.0;431.1
La Paila;2023-10-03;31.8;21.4;80.0;457.2
Bugalagrande;2023-10-04;29.4;19.5;87.0;334.5
La Paila;2023-10-04;28.4;20.0;85.0;286.7
Bugalagrande;2023-10-05;32.9;17.8;82.0;517.2
La Paila;2023-10-05;32.7;17.9;81.0;535.5
Bugalagrande;2023-10-06;31.0;19.5;85.0;465.5
La Paila;2023-10-06;30.9;19.3;84.0;466.0
Bugalagrande;2023-10-07;33.4;17.8;83.0;516.7
La Paila;2023-10-07;32.0;18.6;83.0;464.8
Bugalagrande;2023-10-08;25.6;18.8;95.0;188.7
La Paila;2023-10-08;26.5;19.3;89.0;252.2
Bugalagrande;2023-10-09;31.1;17.8;85.0;450.6
La Paila;2023-10-09;32.3;17.8;82.0;410.4
Bugalagrande;2023-10-10;33.8;18.8;79.0;538.9
La Paila;2023-10-10;33.5;20.0;79.0;478.2
Bugalagrande;2023-10-11;30.1;19.0;85.0;504.5
La Paila;2023-10-11;29.6;19.1;83.0;495.9
Bugalagrande;2023-10-12;32.4;19.5;82.0;535.6
La Paila;2023-10-12;32.8;19.3;79.0;625.5
Bugalagrande;2023-10-13;32.9;17.8;83.0;553.7
La Paila;2023-10-13;32.5;17.9;85.0;505.5
Bugalagrande;2023-10-14;30.5;19.3;83.0;418.6
La Paila;2023-10-14;30.3;20.0;83.0;425.2
Bugalagrande;2023-10-15;32.4;20.2;82.0;502.2
La Paila;2023-10-15;32.3;21.1;79.0;470.7
Bugalagrande;2023-10-16;33.4;18.8;86.0;561.8
La Paila;2023-10-16;32.8;18.6;84.0;568.6
Bugalagrande;2023-10-17;31.3;18.8;85.0;538.1
La Paila;2023-10-17;32.3;18.6;84.0;514.0
Bugalagrande;2023-10-18;34.3;19.5;78.0;611.6
La Paila;2023-10-18;33.5;19.8;77.0;601.8
Bugalagrande;2023-10-19;32.7;19.5;81.0;416.2
La Paila;2023-10-19;30.9;21.2;81.0;384.2
Bugalagrande;2023-10-20;28.4;19.9;88.0;245.2
La Paila;2023-10-20;26.5;20.7;88.0;255.9
Bugalagrande;2023-10-21;30.1;19.3;86.0;434.1
La Paila;2023-10-21;29.9;20.0;86.0;432.2
Bugalagrande;2023-10-22;32.4;19.2;83.0;525.4
La Paila;2023-10-22;32.1;19.1;81.0;505.2
Bugalagrande;2023-10-23;33.2;18.3;81.0;505.5
La Paila;2023-10-23;33.2;19.1;84.0;513.0
Bugalagrande;2023-10-24;27.5;19.3;90.0;262.4
La Paila;2023-10-24;29.6;20.7;87.0;370.2
Bugalagrande;2023-10-25;30.8;19.5;87.0;434.4
La Paila;2023-10-25;30.9;20.7;85.0;422.3
Bugalagrande;2023-10-26;29.4;19.3;88.0;340.6
La Paila;2023-10-26;29.6;20.0;88.0;337.3
Bugalagrande;2023-10-27;28.4;18.8;86.0;351.2
La Paila;2023-10-27;27.5;19.3;84.0;313.6
Bugalagrande;2023-10-28;26.0;18.8;90.0;205.6
La Paila;2023-10-28;26.2;19.3;88.0;205.3
Bugalagrande;2023-10-29;31.5;18.3;82.0;492.4
La Paila;2023-10-29;29.7;18.6;83.0;380.6
Bugalagrande;2023-10-30;31.0;17.8;87.0;442.0
La Paila;2023-10-30;30.3;18.3;88.0;398.7
Bugalagrande;2023-10-31;29.4;19.0;86.0;413.9
La Paila;2023-10-31;29.6;19.3;85.0;418.4
Bugalagrande;2023-11-01;29.6;19.5;87.0;372.0
La Paila;2023-11-01;29.6;20.0;86.0;495.4
Bugalagrande;2023-11-02;30.7;18.3;87.0;423.0
La Paila;2023-11-02;29.4;19.3;85.0;462.9
Bugalagrande;2023-11-03;31.3;19.5;83.0;491.4
La Paila;2023-11-03;30.1;20.0;83.0;471.6
Bugalagrande;2023-11-04;33.1;18.8;82.0;478.8
La Paila;2023-11-04;31.6;19.3;80.0;482.9
Bugalagrande;2023-11-05;29.9;19.5;91.0;323.0
La Paila;2023-11-05;30.1;20.0;90.0;338.1
Bugalagrande;2023-11-06;31.0;20.2;87.0;392.2
La Paila;2023-11-06;31.3;20.7;84.0;414.4
Bugalagrande;2023-11-07;32.4;20.2;82.0;527.8
La Paila;2023-11-07;32.0;20.7;83.0;490.5
Bugalagrande;2023-11-08;33.4;19.0;79.0;521.0
La Paila;2023-11-08;32.3;19.3;81.0;510.8
Bugalagrande;2023-11-09;33.4;20.2;80.0;477.7
La Paila;2023-11-09;33.4;20.7;79.0;485.3
Bugalagrande;2023-11-10;34.1;19.5;79.0;505.5
La Paila;2023-11-10;32.7;20.7;82.0;457.9
Bugalagrande;2023-11-11;32.4;20.6;81.0;419.1
La Paila;2023-11-11;32.3;21.2;81.0;397.4
Bugalagrande;2023-11-12;31.5;20.2;85.0;357.8
La Paila;2023-11-12;31.3;20.7;88.0;423.4
Bugalagrande;2023-11-13;32.7;20.2;83.0;490.1
La Paila;2023-11-13;33.0;20.5;83.0;525.4
Bugalagrande;2023-11-14;32.4;19.9;91.0;386.8
La Paila;2023-11-14;30.9;20.7;90.0;326.9
Bugalagrande;2023-11-15;31.5;19.3;92.0;360.7
La Paila;2023-11-15;29.7;20.0;91.0;353.6
Bugalagrande;2023-11-16;32.2;18.8;83.0;550.7
La Paila;2023-11-16;31.6;18.6;83.0;516.2
Bugalagrande;2023-11-17;32.9;18.1;82.0;499.2
La Paila;2023-11-17;32.1;18.6;80.0;474.6
Bugalagrande;2023-11-18;25.4;18.5;92.0;248.2
La Paila;2023-11-18;27.4;19.3;88.0;312.7
Bugalagrande;2023-11-19;29.9;18.8;86.0;479.0
La Paila;2023-11-19;30.1;19.8;84.0;470.7
Bugalagrande;2023-11-20;32.0;18.6;82.0;534.5
La Paila;2023-11-20;30.9;19.1;83.0;453.6
Bugalagrande;2023-11-21;30.8;19.5;84.0;461.8
La Paila;2023-11-21;30.6;20.0;82.0;417.8
Bugalagrande;2023-11-22;31.3;19.5;83.0;565.6
La Paila;2023-11-22;31.1;20.0;81.0;504.5
Bugalagrande;2023-11-23;31.7;19.0;81.0;470.6
La Paila;2023-11-23;32.1;19.3;81.0;437.7
Bugalagrande;2023-11-24;32.0;18.8;85.0;436.5
La Paila;2023-11-24;30.9;19.3;84.0;394.3
Bugalagrande;2023-11-25;30.6;18.8;87.0;493.9
La Paila;2023-11-25;31.4;19.0;86.0;534.2
Bugalagrande;2023-11-26;32.0;18.7;82.0;549.3
La Paila;2023-11-26;32.5;18.6;82.0;475.4
Bugalagrande;2023-11-27;33.4;18.3;80.0;564.5
La Paila;2023-11-27;33.0;18.6;81.0;522.2
Bugalagrande;2023-11-28;30.5;19.2;84.0;383.0
La Paila;2023-11-28;30.4;19.7;82.0;373.7
Bugalagrande;2023-11-29;30.8;18.3;87.0;396.3
La Paila;2023-11-29;31.6;18.6;86.0;439.6
Bugalagrande;2023-11-30;32.4;17.1;80.0;525.1
La Paila;2023-11-30;32.0;17.2;82.0;519.3
Bugalagrande;2023-12-01;33.4;17.4;79.0;556.6
La Paila;2023-12-01;33.0;17.9;79.0;549.3
Bugalagrande;2023-12-02;33.8;17.3;80.0;516.3
La Paila;2023-12-02;32.8;17.2;79.0;517.9
Bugalagrande;2023-12-03;33.4;18.5;78.0;548.2
La Paila;2023-12-03;33.2;19.3;79.0;518.3
Bugalagrande;2023-12-04;34.1;17.8;79.0;531.9
La Paila;2023-12-04;33.5;17.9;78.0;511.3
Bugalagrande;2023-12-05;33.9;17.8;78.0;521.2
La Paila;2023-12-05;33.5;18.6;78.0;491.4
Bugalagrande;2023-12-06;30.1;19.5;83.0;306.2
La Paila;2023-12-06;29.4;19.3;86.0;256.5
Bugalagrande;2023-12-07;32.5;18.8;83.0;516.2
La Paila;2023-12-07;32.7;19.3;83.0;472.2
Bugalagrande;2023-12-08;30.8;18.5;84.0;474.1
La Paila;2023-12-08;31.3;17.9;83.0;465.0
Bugalagrande;2023-12-09;33.4;18.3;80.0;492.0
La Paila;2023-12-09;32.8;17.9;79.0;520.2
Bugalagrande;2023-12-10;31.7;19.5;83.0;389.3
La Paila;2023-12-10;32.5;19.7;83.0;396.8
Bugalagrande;2023-12-11;34.1;19.0;79.0;524.5
La Paila;2023-12-11;33.7;18.6;79.0;513.9
Bugalagrande;2023-12-12;34.8;18.5;79.0;505.2
La Paila;2023-12-12;33.4;18.6;79.0;442.1
Bugalagrande;2023-12-13;33.4;19.0;79.0;451.1
La Paila;2023-12-13;33.0;20.0;78.0;441.5
Bugalagrande;2023-12-14;32.7;19.5;79.0;383.0
La Paila;2023-12-14;33.0;20.4;79.0;408.4
Bugalagrande;2023-12-15;27.7;20.9;86.0;235.0
La Paila;2023-12-15;27.0;20.7;90.0;221.4
Bugalagrande;2023-12-16;30.8;20.2;86.0;355.2
La Paila;2023-12-16;30.1;20.7;90.0;360.1
Bugalagrande;2023-12-17;31.0;19.5;88.0;359.8
La Paila;2023-12-17;30.8;20.4;87.0;376.9
Bugalagrande;2023-12-18;33.2;18.3;83.0;460.2
La Paila;2023-12-18;33.0;19.3;83.0;465.2
Bugalagrande;2023-12-19;29.6;18.8;88.0;236.1
La Paila;2023-12-19;30.4;19.8;87.0;279.3
Bugalagrande;2023-12-20;31.0;17.3;83.0;433.3
La Paila;2023-12-20;31.6;17.6;83.0;424.0
Bugalagrande;2023-12-21;33.4;17.8;80.0;520.2
La Paila;2023-12-21;34.2;18.6;80.0;501.3
Bugalagrande;2023-12-22;33.1;18.7;79.0;462.7
La Paila;2023-12-22;33.2;19.3;79.0;457.1
Bugalagrande;2023-12-23;30.8;19.7;89.0;294.8
La Paila;2023-12-23;31.1;20.7;85.0;344.6
Bugalagrande;2023-12-24;33.4;19.5;80.0;523.7
La Paila;2023-12-24;33.4;20.0;81.0;496.8
Bugalagrande;2023-12-25;31.7;19.5;90.0;339.7
La Paila;2023-12-25;31.6;20.4;87.0;355.0
Bugalagrande;2023-12-26;27.9;18.8;91.0;288.9
La Paila;2023-12-26;27.7;20.4;89.0;264.1
Bugalagrande;2023-12-27;31.5;18.8;83.0;431.7
La Paila;2023-12-27;30.9;20.0;83.0;383.3
Bugalagrande;2023-12-28;30.3;19.9;88.0;336.7
La Paila;2023-12-28;29.7;20.4;86.0;365.5
Bugalagrande;2023-12-29;30.5;19.5;84.0;455.8
La Paila;2023-12-29;30.9;20.0;83.0;419.4
Bugalagrande;2023-12-30;30.4;19.5;89.0;381.9
La Paila;2023-12-30;30.2;20.0;88.0;318.0
Bugalagrande;2023-12-31;32.4;19.0;83.0;508.9
La Paila;2023-12-31;32.7;20.0;81.0;495.9
Bugalagrande;2024-01-01;32.7;19.5;83.0;464.2
La Paila;2024-01-01;32.1;19.3;81.0;521.4
Bugalagrande;2024-01-02;32.2;19.5;81.0;437.7
La Paila;2024-01-02;32.8;20.7;81.0;477.7
Bugalagrande;2024-01-03;33.8;18.5;80.0;514.5
La Paila;2024-01-03;33.7;19.3;78.0;512.1
Bugalagrande;2024-01-04;33.1;19.0;81.0;531.0
La Paila;2024-01-04;32.3;20.0;78.0;437.3
Bugalagrande;2024-01-05;32.9;19.0;80.0;511.3
La Paila;2024-01-05;32.8;19.7;77.0;539.3
Bugalagrande;2024-01-06;32.7;18.1;79.0;535.6
La Paila;2024-01-06;33.3;18.1;77.0;522.0
Bugalagrande;2024-01-07;33.4;16.7;78.0;560.1
La Paila;2024-01-07;33.0;17.1;77.0;538.2
Bugalagrande;2024-01-08;33.4;17.8;78.0;543.4
La Paila;2024-01-08;33.0;17.9;77.0;512.1
Bugalagrande;2024-01-09;32.4;18.5;78.0;493.1
La Paila;2024-01-09;33.0;18.6;76.0;497.7
Bugalagrande;2024-01-10;32.9;18.5;79.0;463.0
La Paila;2024-01-10;33.0;19.3;78.0;450.2
Bugalagrande;2024-01-11;32.9;19.0;78.0;501.1
La Paila;2024-01-11;33.0;19.3;78.0;494.0
Bugalagrande;2024-01-12;31.7;19.0;85.0;411.9
La Paila;2024-01-12;31.0;20.5;80.0;332.8
Bugalagrande;2024-01-13;31.5;18.8;85.0;420.0
La Paila;2024-01-13;31.6;19.3;85.0;438.7
Bugalagrande;2024-01-14;32.7;16.9;79.0;551.2
La Paila;2024-01-14;33.7;17.9;79.0;563.5
Bugalagrande;2024-01-15;33.6;17.8;78.0;567.7
La Paila;2024-01-15;33.7;18.6;78.0;535.6
Bugalagrande;2024-01-16;33.9;16.8;77.0;540.3
La Paila;2024-01-16;32.5;17.9;78.0;478.4
Bugalagrande;2024-01-17;34.8;19.2;77.0;546.1
La Paila;2024-01-17;34.4;19.7;77.0;519.7
Bugalagrande;2024-01-18;34.1;18.5;79.0;504.5
La Paila;2024-01-18;34.2;19.3;77.0;537.7
Bugalagrande;2024-01-19;33.2;18.5;78.0;468.4
La Paila;2024-01-19;33.7;20.0;77.0;488.9
Bugalagrande;2024-01-20;31.0;20.2;82.0;284.5
La Paila;2024-01-20;31.6;20.9;81.0;309.5
Bugalagrande;2024-01-21;32.4;20.2;78.0;435.7
La Paila;2024-01-21;33.0;20.0;78.0;499.2
Bugalagrande;2024-01-22;35.7;17.4;77.0;546.3
La Paila;2024-01-22;35.3;18.6;76.0;529.3
Bugalagrande;2024-01-23;35.2;17.3;76.0;568.2
La Paila;2024-01-23;34.2;17.9;74.0;542.7
Bugalagrande;2024-01-24;34.8;17.3;75.0;571.1
La Paila;2024-01-24;34.4;17.9;72.0;548.2
Bugalagrande;2024-01-25;35.0;18.5;73.0;575.5
La Paila;2024-01-25;34.4;19.3;72.0;516.4
Bugalagrande;2024-01-26;35.2;19.3;75.0;529.2
La Paila;2024-01-26;34.9;20.0;72.0;521.4
Bugalagrande;2024-01-27;35.8;19.5;74.0;538.6
La Paila;2024-01-27;35.1;20.0;74.0;522.3
Bugalagrande;2024-01-28;36.5;19.9;73.0;576.3
La Paila;2024-01-28;35.1;19.5;73.0;547.9
Bugalagrande;2024-01-29;35.8;20.2;74.0;557.7
La Paila;2024-01-29;34.9;20.7;73.0;535.1
Bugalagrande;2024-01-30;36.2;19.5;74.0;548.7
La Paila;2024-01-30;34.9;19.3;74.0;496.9
Bugalagrande;2024-01-31;34.8;18.5;75.0;502.2
La Paila;2024-01-31;34.9;19.3;74.0;488.7
Bugalagrande;2024-02-01;35.5;19.0;77.0;525.9
La Paila;2024-02-01;34.4;20.0;77.0;507.8
Bugalagrande;2024-02-02;31.3;20.2;90.0;286.9
La Paila;2024-02-02;31.5;20.7;85.0;316.8
Bugalagrande;2024-02-03;32.7;19.9;79.0;525.3
La Paila;2024-02-03;32.3;20.7;78.0;522.2
Bugalagrande;2024-02-04;30.6;20.0;88.0;421.2
La Paila;2024-02-04;29.6;21.4;82.0;381.2
Bugalagrande;2024-02-05;27.7;20.2;90.0;310.8
La Paila;2024-02-05;28.2;20.7;88.0;336.1
Bugalagrande;2024-02-06;31.7;18.3;84.0;383.6
La Paila;2024-02-06;30.2;18.6;84.0;395.4
Bugalagrande;2024-02-07;34.6;19.5;77.0;596.6
La Paila;2024-02-07;33.3;20.0;78.0;522.4
Bugalagrande;2024-02-08;35.5;20.2;77.0;475.7
La Paila;2024-02-08;34.7;20.5;76.0;520.6
Bugalagrande;2024-02-09;35.3;20.0;78.0;591.5
La Paila;2024-02-09;35.1;21.1;75.0;599.0
Bugalagrande;2024-02-10;34.6;19.0;78.0;529.8
La Paila;2024-02-10;34.7;20.0;77.0;569.3
Bugalagrande;2024-02-11;33.4;20.2;80.0;520.2
La Paila;2024-02-11;33.2;20.7;77.0;494.8
Bugalagrande;2024-02-12;34.8;19.5;77.0;448.2
La Paila;2024-02-12;33.5;19.3;77.0;443.3
Bugalagrande;2024-02-13;34.6;18.8;76.0;583.5
La Paila;2024-02-13;34.9;18.8;74.0;567.1
Bugalagrande;2024-02-14;34.8;20.2;76.0;522.9
La Paila;2024-02-14;35.6;20.7;73.0;568.8
Bugalagrande;2024-02-15;35.3;18.3;76.0;582.2
La Paila;2024-02-15;35.8;18.8;75.0;585.0
Bugalagrande;2024-02-16;33.4;19.9;76.0;472.9
La Paila;2024-02-16;34.2;19.3;74.0;500.7
Bugalagrande;2024-02-17;34.6;19.5;77.0;540.9
La Paila;2024-02-17;34.0;20.0;74.0;486.9
Bugalagrande;2024-02-18;36.9;19.5;74.0;607.6
La Paila;2024-02-18;36.4;20.7;71.0;615.9
Bugalagrande;2024-02-19;34.8;20.2;74.0;595.4
La Paila;2024-02-19;34.4;21.4;72.0;513.2
Bugalagrande;2024-02-20;35.3;20.7;72.0;611.5
La Paila;2024-02-20;35.6;21.1;70.0;609.9
Bugalagrande;2024-02-21;30.1;18.5;84.0;352.8
La Paila;2024-02-21;29.7;19.3;78.0;369.9
Bugalagrande;2024-02-22;32.5;18.0;77.0;594.4
La Paila;2024-02-22;31.6;18.6;76.0;510.3
Bugalagrande;2024-02-23;34.5;16.8;72.0;638.1
La Paila;2024-02-23;34.4;16.4;71.0;627.2
Bugalagrande;2024-02-24;34.6;18.1;70.0;612.2
La Paila;2024-02-24;33.0;19.1;69.0;549.4
Bugalagrande;2024-02-25;32.0;19.0;74.0;509.4
La Paila;2024-02-25;31.5;20.0;73.0;486.7
Bugalagrande;2024-02-26;33.4;17.3;75.0;502.6
La Paila;2024-02-26;33.7;17.9;73.0;526.6
Bugalagrande;2024-02-27;35.3;17.8;75.0;608.6
La Paila;2024-02-27;35.1;18.6;72.0;591.3
Bugalagrande;2024-02-28;35.7;18.5;74.0;590.4
La Paila;2024-02-28;35.2;19.3;71.0;597.6
Bugalagrande;2024-02-29;34.1;20.9;74.0;513.0
La Paila;2024-02-29;34.2;22.1;70.0;484.3
Bugalagrande;2024-03-01;32.4;19.5;85.0;432.4
La Paila;2024-03-01;32.8;20.0;83.0;342.5
Bugalagrande;2024-03-02;33.1;17.8;82.0;585.8
La Paila;2024-03-02;32.8;18.6;78.0;577.3
Bugalagrande;2024-03-03;30.6;20.2;80.0;423.7
La Paila;2024-03-03;30.9;20.0;76.0;392.5
Bugalagrande;2024-03-04;34.3;20.2;75.0;588.9
La Paila;2024-03-04;34.4;21.4;72.0;531.9
Bugalagrande;2024-03-05;35.3;19.5;74.0;620.0
La Paila;2024-03-05;35.4;20.7;71.0;561.6
Bugalagrande;2024-03-06;35.3;19.5;74.0;609.8
La Paila;2024-03-06;34.9;20.7;72.0;599.4
Bugalagrande;2024-03-07;35.7;18.5;74.0;579.1
La Paila;2024-03-07;35.6;19.3;71.0;588.9
Bugalagrande;2024-03-08;35.7;19.5;83.0;532.0
La Paila;2024-03-08;35.7;20.7;76.0;516.1
Bugalagrande;2024-03-09;33.2;20.2;81.0;488.1
La Paila;2024-03-09;33.7;20.7;82.0;420.5
Bugalagrande;2024-03-10;35.8;19.9;76.0;602.6
La Paila;2024-03-10;35.9;20.0;73.0;580.5
Bugalagrande;2024-03-11;34.1;19.5;79.0;437.4
La Paila;2024-03-11;33.5;20.5;74.0;415.5
Bugalagrande;2024-03-12;35.5;20.2;75.0;597.2
La Paila;2024-03-12;35.9;21.7;72.0;605.1
Bugalagrande;2024-03-13;35.9;19.5;74.0;617.4
La Paila;2024-03-13;35.8;20.7;72.0;587.0
Bugalagrande;2024-03-14;35.5;20.2;74.0;562.9
La Paila;2024-03-14;35.1;20.9;71.0;568.8
Bugalagrande;2024-03-15;34.6;19.5;74.0;445.5
La Paila;2024-03-15;33.7;20.7;73.0;461.2
Bugalagrande;2024-03-16;36.7;18.5;73.0;618.3
La Paila;2024-03-16;36.6;20.0;72.0;645.5
Bugalagrande;2024-03-17;36.5;20.9;71.0;583.2
La Paila;2024-03-17;36.7;21.7;70.0;633.8
Bugalagrande;2024-03-18;36.9;19.7;77.0;626.5
La Paila;2024-03-18;36.3;20.7;78.0;646.7
Bugalagrande;2024-03-19;33.1;20.2;87.0;411.4
La Paila;2024-03-19;33.2;21.2;85.0;379.0
Bugalagrande;2024-03-20;33.4;19.7;80.0;522.1
La Paila;2024-03-20;33.2;20.7;79.0;515.5
Bugalagrande;2024-03-21;32.7;20.2;84.0;448.6
La Paila;2024-03-21;32.8;21.4;87.0;468.2
Bugalagrande;2024-03-22;34.8;19.5;77.0;533.0
La Paila;2024-03-22;33.8;20.5;78.0;570.4
Bugalagrande;2024-03-23;31.7;20.0;79.0;348.2
La Paila;2024-03-23;31.1;21.4;78.0;342.6
Bugalagrande;2024-03-24;35.3;19.5;74.0;621.2
La Paila;2024-03-24;35.2;20.5;72.0;625.8
Bugalagrande;2024-03-25;31.3;19.0;87.0;427.7
La Paila;2024-03-25;30.8;20.0;83.0;415.2
Bugalagrande;2024-03-26;34.1;18.5;79.0;614.8
La Paila;2024-03-26;32.8;19.3;80.0;553.6
Bugalagrande;2024-03-27;30.3;18.8;79.0;380.4
La Paila;2024-03-27;28.9;21.4;78.0;319.9
Bugalagrande;2024-03-28;34.8;19.0;77.0;577.4
La Paila;2024-03-28;34.3;20.0;75.0;655.4
Bugalagrande;2024-03-29;33.1;19.3;76.0;561.3
La Paila;2024-03-29;33.7;21.1;73.0;586.6
Bugalagrande;2024-03-30;32.7;19.0;79.0;415.5
La Paila;2024-03-30;32.8;20.5;79.0;479.6
Bugalagrande;2024-03-31;31.7;19.5;88.0;445.3
La Paila;2024-03-31;30.7;20.0;87.0;443.3
Bugalagrande;2024-04-01;32.7;19.0;83.0;510.6
La Paila;2024-04-01;32.1;19.3;82.0;506.0
Bugalagrande;2024-04-02;28.9;19.7;94.0;252.9
La Paila;2024-04-02;28.4;20.0;89.0;296.6
Bugalagrande;2024-04-03;30.6;19.5;85.0;454.0
La Paila;2024-04-03;31.3;20.0;88.0;452.0
Bugalagrande;2024-04-04;31.1;20.2;85.0;413.7
La Paila;2024-04-04;30.5;20.4;87.0;423.3
Bugalagrande;2024-04-05;34.1;19.5;83.0;610.0
La Paila;2024-04-05;32.8;20.5;81.0;642.1
Bugalagrande;2024-04-06;33.6;19.5;83.0;552.4
La Paila;2024-04-06;30.6;20.0;85.0;468.4
Bugalagrande;2024-04-07;34.5;18.5;80.0;548.6
La Paila;2024-04-07;33.8;19.3;81.0;574.1
Bugalagrande;2024-04-08;32.0;20.2;81.0;427.3
La Paila;2024-04-08;32.5;20.7;79.0;466.2
Bugalagrande;2024-04-09;34.8;19.5;78.0;597.0
La Paila;2024-04-09;33.5;20.5;78.0;524.3
Bugalagrande;2024-04-10;34.1;18.5;76.0;621.8
La Paila;2024-04-10;33.9;18.6;75.0;638.3
Bugalagrande;2024-04-11;34.5;19.5;76.0;588.5
La Paila;2024-04-11;34.2;20.5;76.0;587.8
Bugalagrande;2024-04-12;35.2;18.5;76.0;602.6
La Paila;2024-04-12;35.4;19.3;75.0;627.8
Bugalagrande;2024-04-13;35.3;18.0;75.0;594.9
La Paila;2024-04-13;34.5;18.6;73.0;623.7
Bugalagrande;2024-04-14;34.1;20.9;75.0;513.7
La Paila;2024-04-14;34.0;21.4;75.0;544.6
Bugalagrande;2024-04-15;34.6;20.2;77.0;545.4
La Paila;2024-04-15;34.0;21.4;77.0;585.6
Bugalagrande;2024-04-16;35.5;20.0;76.0;608.5
La Paila;2024-04-16;35.2;20.7;75.0;605.8
Bugalagrande;2024-04-17;31.5;20.4;83.0;347.4
La Paila;2024-04-17;31.6;21.4;82.0;379.6
Bugalagrande;2024-04-18;32.7;20.2;88.0;413.8
La Paila;2024-04-18;32.3;21.1;90.0;413.6
Bugalagrande;2024-04-19;30.8;19.5;91.0;380.9
La Paila;2024-04-19;30.9;20.0;89.0;398.3
Bugalagrande;2024-04-20;32.0;18.8;82.0;593.1
La Paila;2024-04-20;32.1;19.3;81.0;601.1
Bugalagrande;2024-04-21;30.6;20.2;89.0;370.6
La Paila;2024-04-21;29.4;21.4;87.0;367.6
Bugalagrande;2024-04-22;28.1;19.5;91.0;224.5
La Paila;2024-04-22;28.5;20.0;88.0;255.9
Bugalagrande;2024-04-23;31.0;19.5;85.0;500.0
La Paila;2024-04-23;30.8;20.0;86.0;476.3
Bugalagrande;2024-04-24;33.4;20.2;84.0;487.3
La Paila;2024-04-24;33.1;20.7;82.0;521.4
Bugalagrande;2024-04-25;30.1;20.2;87.0;437.8
La Paila;2024-04-25;28.9;20.7;87.0;370.5
Bugalagrande;2024-04-26;34.1;19.0;85.0;549.0
La Paila;2024-04-26;32.8;20.0;85.0;542.0
Bugalagrande;2024-04-27;30.1;19.5;90.0;365.7
La Paila;2024-04-27;29.4;20.0;89.0;351.9
Bugalagrande;2024-04-28;31.7;19.5;89.0;469.2
La Paila;2024-04-28;30.2;20.7;89.0;462.9
Bugalagrande;2024-04-29;32.4;20.2;85.0;499.6
La Paila;2024-04-29;32.4;20.7;85.0;447.0
Bugalagrande;2024-04-30;32.9;19.2;88.0;481.4
La Paila;2024-04-30;33.2;20.7;85.0;480.0
Bugalagrande;2024-05-01;34.1;19.2;82.0;551.0
La Paila;2024-05-01;32.6;20.0;83.0;532.7
Bugalagrande;2024-05-02;31.3;19.7;88.0;409.6
La Paila;2024-05-02;31.6;20.0;89.0;423.4
Bugalagrande;2024-05-03;31.1;21.1;87.0;376.8
La Paila;2024-05-03;31.5;21.4;89.0;324.4
Bugalagrande;2024-05-04;28.9;19.5;93.0;243.5
La Paila;2024-05-04;27.5;20.4;95.0;213.8
Bugalagrande;2024-05-05;30.6;19.9;90.0;351.7
La Paila;2024-05-05;29.1;20.5;90.0;349.8
Bugalagrande;2024-05-06;32.7;20.2;85.0;459.3
La Paila;2024-05-06;33.1;20.7;85.0;464.1
Bugalagrande;2024-05-07;32.9;20.2;87.0;407.1
La Paila;2024-05-07;33.5;20.7;87.0;461.1
Bugalagrande;2024-05-08;28.4;20.2;91.0;388.3
La Paila;2024-05-08;29.1;20.7;89.0;484.7
Bugalagrande;2024-05-09;25.8;20.0;95.0;210.7
La Paila;2024-05-09;24.1;20.0;95.0;180.5
Bugalagrande;2024-05-10;30.6;20.2;87.0;508.6
La Paila;2024-05-10;31.5;20.5;88.0;469.9
Bugalagrande;2024-05-11;32.7;19.5;87.0;528.3
La Paila;2024-05-11;33.2;20.0;86.0;600.6
Bugalagrande;2024-05-12;29.8;20.2;89.0;431.1
La Paila;2024-05-12;30.4;20.7;90.0;392.6
Bugalagrande;2024-05-13;33.4;18.5;84.0;532.5
La Paila;2024-05-13;33.7;19.3;85.0;596.6
Bugalagrande;2024-05-14;29.6;20.9;89.0;308.5
La Paila;2024-05-14;29.6;20.7;90.0;318.8
Bugalagrande;2024-05-15;29.2;19.0;90.0;339.4
La Paila;2024-05-15;29.2;20.0;91.0;353.5
Bugalagrande;2024-05-16;30.4;18.3;86.0;434.2
La Paila;2024-05-16;31.5;19.7;85.0;464.6
Bugalagrande;2024-05-17;33.2;20.4;83.0;511.0
La Paila;2024-05-17;32.6;21.4;83.0;504.1
Bugalagrande;2024-05-18;34.1;20.2;82.0;522.7
La Paila;2024-05-18;33.5;21.4;81.0;472.7
Bugalagrande;2024-05-19;32.4;20.2;83.0;451.5
La Paila;2024-05-19;33.0;21.1;82.0;475.7
Bugalagrande;2024-05-20;30.8;20.2;84.0;345.5
La Paila;2024-05-20;31.6;21.4;84.0;369.8
Bugalagrande;2024-05-21;32.4;20.2;82.0;454.0
La Paila;2024-05-21;32.6;20.7;83.0;526.4
Bugalagrande;2024-05-22;32.0;20.2;88.0;392.6
La Paila;2024-05-22;32.4;21.1;83.0;432.9
Bugalagrande;2024-05-23;30.6;19.5;85.0;415.6
La Paila;2024-05-23;31.5;20.7;86.0;391.4
Bugalagrande;2024-05-24;32.4;20.4;84.0;426.1
La Paila;2024-05-24;32.0;21.1;85.0;372.8
Bugalagrande;2024-05-25;29.6;20.2;87.0;271.1
La Paila;2024-05-25;28.4;20.7;88.0;231.9
Bugalagrande;2024-05-26;34.1;19.5;79.0;468.1
La Paila;2024-05-26;33.5;19.3;80.0;478.5
Bugalagrande;2024-05-27;32.4;19.0;79.0;439.6
La Paila;2024-05-27;32.1;19.3;81.0;466.9
Bugalagrande;2024-05-28;34.1;18.5;78.0;543.1
La Paila;2024-05-28;33.4;19.3;78.0;538.7
Bugalagrande;2024-05-29;30.5;19.5;94.0;265.3
La Paila;2024-05-29;28.4;20.7;93.0;267.7
Bugalagrande;2024-05-30;31.8;19.0;84.0;530.5
La Paila;2024-05-30;30.2;20.0;85.0;455.9
Bugalagrande;2024-05-31;34.1;19.5;82.0;522.3
La Paila;2024-05-31;33.1;20.7;81.0;582.3
Bugalagrande;2024-06-01;34.5;20.9;80.0;554.8
La Paila;2024-06-01;34.0;21.4;80.0;565.1
Bugalagrande;2024-06-02;33.1;19.5;81.0;446.7
La Paila;2024-06-02;32.8;20.7;81.0;471.9
Bugalagrande;2024-06-03;32.9;19.5;81.0;450.7
La Paila;2024-06-03;33.0;20.0;84.0;469.5
Bugalagrande;2024-06-04;30.8;20.4;92.0;368.7
La Paila;2024-06-04;31.9;20.7;89.0;465.5
Bugalagrande;2024-06-05;30.3;19.9;87.0;471.4
La Paila;2024-06-05;31.6;20.2;88.0;453.7
Bugalagrande;2024-06-06;30.4;20.2;87.0;417.2
La Paila;2024-06-06;30.9;20.2;88.0;413.4
Bugalagrande;2024-06-07;33.4;18.8;81.0;484.2
La Paila;2024-06-07;31.6;20.7;83.0;469.9
Bugalagrande;2024-06-08;30.8;19.5;89.0;354.9
La Paila;2024-06-08;30.9;20.0;90.0;324.7
Bugalagrande;2024-06-09;32.5;18.5;84.0;516.9
La Paila;2024-06-09;30.6;18.6;87.0;447.0
Bugalagrande;2024-06-10;31.3;19.9;82.0;398.5
La Paila;2024-06-10;30.8;20.4;87.0;382.9
Bugalagrande;2024-06-11;31.3;18.5;83.0;419.1
La Paila;2024-06-11;30.8;18.6;84.0;436.6
Bugalagrande;2024-06-12;32.0;19.0;80.0;445.6
La Paila;2024-06-12;32.1;20.0;81.0;461.3
Bugalagrande;2024-06-13;31.3;19.7;86.0;367.0
La Paila;2024-06-13;31.3;20.7;88.0;415.5
Bugalagrande;2024-06-14;30.6;20.2;93.0;298.9
La Paila;2024-06-14;29.6;20.5;93.0;406.1
Bugalagrande;2024-06-15;27.9;19.5;91.0;262.4
La Paila;2024-06-15;28.2;20.0;91.0;273.1
Bugalagrande;2024-06-16;31.0;18.8;89.0;398.4
La Paila;2024-06-16;29.1;19.3;88.0;399.5
Bugalagrande;2024-06-17;33.4;17.3;80.0;575.6
La Paila;2024-06-17;32.3;18.8;81.0;573.4
Bugalagrande;2024-06-18;30.3;18.8;89.0;383.5
La Paila;2024-06-18;29.7;19.7;85.0;361.5
Bugalagrande;2024-06-19;27.9;18.5;92.0;281.0
La Paila;2024-06-19;27.7;19.8;90.0;297.1
Bugalagrande;2024-06-20;31.0;19.0;84.0;498.6
La Paila;2024-06-20;30.8;18.8;86.0;477.5
Bugalagrande;2024-06-21;30.4;20.2;85.0;447.7
La Paila;2024-06-21;29.6;20.7;85.0;403.8
Bugalagrande;2024-06-22;30.1;19.5;89.0;392.0
La Paila;2024-06-22;29.7;20.0;88.0;437.0
Bugalagrande;2024-06-23;29.9;19.5;91.0;402.6
La Paila;2024-06-23;30.2;20.0;90.0;387.2
Bugalagrande;2024-06-24;32.2;19.0;84.0;536.1
La Paila;2024-06-24;31.1;18.8;84.0;549.5
Bugalagrande;2024-06-25;31.8;18.5;86.0;375.3
La Paila;2024-06-25;30.9;20.0;88.0;370.4
Bugalagrande;2024-06-26;30.8;18.8;83.0;410.3
La Paila;2024-06-26;30.2;19.3;85.0;470.1
Bugalagrande;2024-06-27;30.0;19.5;89.0;344.9
La Paila;2024-06-27;29.1;19.3;89.0;380.0
Bugalagrande;2024-06-28;30.0;18.8;86.0;434.4
La Paila;2024-06-28;29.9;19.3;86.0;438.6
Bugalagrande;2024-06-29;33.1;19.0;80.0;562.2
La Paila;2024-06-29;32.8;19.7;81.0;488.8
Bugalagrande;2024-06-30;29.8;17.8;89.0;293.9
La Paila;2024-06-30;30.2;17.9;88.0;309.4
Bugalagrande;2024-07-01;32.7;16.6;81.0;534.4
La Paila;2024-07-01;31.5;16.7;82.0;518.3
Bugalagrande;2024-07-02;32.7;18.8;86.0;402.5
La Paila;2024-07-02;31.6;19.0;87.0;430.8
Bugalagrande;2024-07-03;31.3;20.2;86.0;444.4
La Paila;2024-07-03;30.1;20.7;85.0;387.0
Bugalagrande;2024-07-04;30.3;19.5;91.0;328.9
La Paila;2024-07-04;29.1;20.0;93.0;243.6
Bugalagrande;2024-07-05;26.1;18.8;96.0;259.2
La Paila;2024-07-05;25.3;18.6;95.0;244.9
Bugalagrande;2024-07-06;31.3;18.5;84.0;524.8
La Paila;2024-07-06;31.1;18.5;85.0;501.4
Bugalagrande;2024-07-07;31.7;18.8;84.0;462.0
La Paila;2024-07-07;33.2;19.3;84.0;509.5
Bugalagrande;2024-07-08;34.8;18.3;77.0;584.7
La Paila;2024-07-08;33.8;19.3;79.0;611.3
Bugalagrande;2024-07-09;32.0;19.0;81.0;408.0
La Paila;2024-07-09;30.9;19.3;82.0;438.6
Bugalagrande;2024-07-10;33.4;17.6;78.0;587.9
La Paila;2024-07-10;32.5;17.4;80.0;552.2
Bugalagrande;2024-07-11;33.1;18.0;82.0;479.8
La Paila;2024-07-11;32.3;17.6;80.0;538.7
Bugalagrande;2024-07-12;33.6;19.0;78.0;459.6
La Paila;2024-07-12;32.1;19.0;79.0;431.1
Bugalagrande;2024-07-13;32.7;18.8;79.0;567.6
La Paila;2024-07-13;32.6;18.3;80.0;545.1
Bugalagrande;2024-07-14;33.6;17.6;77.0;539.3
La Paila;2024-07-14;32.1;17.9;79.0;555.5
Bugalagrande;2024-07-15;35.0;18.5;75.0;562.6
La Paila;2024-07-15;34.2;19.0;77.0;564.6
Bugalagrande;2024-07-16;34.1;20.2;77.0;553.4
La Paila;2024-07-16;33.7;20.5;77.0;517.6
Bugalagrande;2024-07-17;33.4;19.0;76.0;531.6
La Paila;2024-07-17;33.5;19.1;78.0;508.8
Bugalagrande;2024-07-18;31.8;19.0;77.0;400.2
La Paila;2024-07-18;31.5;19.3;79.0;387.3
Bugalagrande;2024-07-19;33.8;19.0;78.0;474.4
La Paila;2024-07-19;32.8;18.6;84.0;457.3
Bugalagrande;2024-07-20;32.5;18.0;76.0;567.1
La Paila;2024-07-20;33.2;17.2;79.0;540.3
Bugalagrande;2024-07-21;33.2;19.3;76.0;536.9
La Paila;2024-07-21;33.5;19.3;78.0;547.6
Bugalagrande;2024-07-22;34.1;18.5;74.0;538.2
La Paila;2024-07-22;33.5;19.1;76.0;462.5
Bugalagrande;2024-07-23;30.6;18.8;74.0;379.8
La Paila;2024-07-23;32.3;19.0;75.0;501.3
Bugalagrande;2024-07-24;32.9;19.7;73.0;555.1
La Paila;2024-07-24;33.3;20.0;74.0;543.1
Bugalagrande;2024-07-25;31.3;19.7;76.0;378.6
La Paila;2024-07-25;31.1;19.3;78.0;358.6
Bugalagrande;2024-07-26;31.5;19.7;76.0;417.0
La Paila;2024-07-26;33.0;20.0;79.0;441.2
Bugalagrande;2024-07-27;34.3;20.2;73.0;557.3
La Paila;2024-07-27;33.5;20.0;79.0;532.3
Bugalagrande;2024-07-28;34.3;19.0;72.0;581.5
La Paila;2024-07-28;34.4;19.3;76.0;567.3
Bugalagrande;2024-07-29;36.6;18.5;71.0;595.9
La Paila;2024-07-29;35.4;18.6;73.0;580.5
Bugalagrande;2024-07-30;32.4;18.0;74.0;393.6
La Paila;2024-07-30;33.7;17.9;74.0;486.1
Bugalagrande;2024-07-31;34.1;18.1;71.0;520.5
La Paila;2024-07-31;34.2;18.6;73.0;550.2
Bugalagrande;2024-08-01;31.7;19.0;74.0;430.6
La Paila;2024-08-01;33.0;19.0;76.0;472.0
Bugalagrande;2024-08-02;34.1;17.6;72.0;603.9
La Paila;2024-08-02;33.7;18.5;72.0;566.7
Bugalagrande;2024-08-03;31.3;19.7;75.0;396.9
La Paila;2024-08-03;31.6;20.5;74.0;448.6
Bugalagrande;2024-08-04;32.7;18.5;79.0;485.4
La Paila;2024-08-04;33.0;19.3;81.0;419.8
Bugalagrande;2024-08-05;30.3;19.7;87.0;348.7
La Paila;2024-08-05;30.2;20.0;90.0;371.3
Bugalagrande;2024-08-06;31.3;19.5;82.0;468.8
La Paila;2024-08-06;31.5;20.0;80.0;589.0
Bugalagrande;2024-08-07;32.2;19.0;81.0;602.4
La Paila;2024-08-07;32.0;19.8;81.0;546.5
Bugalagrande;2024-08-08;33.4;18.7;78.0;579.8
La Paila;2024-08-08;33.2;19.5;78.0;605.7
Bugalagrande;2024-08-09;30.0;19.0;89.0;364.3
La Paila;2024-08-09;29.2;19.3;89.0;366.7
Bugalagrande;2024-08-10;29.6;18.5;87.0;417.7
La Paila;2024-08-10;28.7;18.6;86.0;378.3
Bugalagrande;2024-08-11;32.7;18.7;82.0;572.8
La Paila;2024-08-11;32.8;19.3;84.0;574.3
Bugalagrande;2024-08-12;32.0;18.0;83.0;472.1
La Paila;2024-08-12;31.3;19.0;82.0;483.9
Bugalagrande;2024-08-13;32.4;18.7;79.0;565.4
La Paila;2024-08-13;33.0;19.3;80.0;534.0
Bugalagrande;2024-08-14;32.7;17.5;76.0;569.1
La Paila;2024-08-14;32.3;17.9;77.0;434.4
Bugalagrande;2024-08-15;34.8;19.0;73.0;583.2
La Paila;2024-08-15;34.2;19.0;73.0;546.3
Bugalagrande;2024-08-16;33.9;19.0;76.0;534.1
La Paila;2024-08-16;33.5;19.7;76.0;486.1
Bugalagrande;2024-08-17;33.4;17.4;74.0;566.1
La Paila;2024-08-17;34.0;17.2;74.0;558.3
Bugalagrande;2024-08-18;34.1;16.1;73.0;616.7
La Paila;2024-08-18;34.2;16.7;74.0;601.9
Bugalagrande;2024-08-19;33.4;17.3;74.0;566.1
La Paila;2024-08-19;33.7;17.2;75.0;499.0
Bugalagrande;2024-08-20;33.2;17.4;75.0;508.7
La Paila;2024-08-20;33.4;17.8;76.0;454.6
Bugalagrande;2024-08-21;34.5;17.8;72.0;569.2
La Paila;2024-08-21;34.0;18.6;73.0;531.4
Bugalagrande;2024-08-22;32.2;20.2;74.0;490.4
La Paila;2024-08-22;31.6;20.7;76.0;491.6
Bugalagrande;2024-08-23;33.1;19.2;79.0;462.1
La Paila;2024-08-23;33.0;19.3;80.0;495.1
Bugalagrande;2024-08-24;31.8;20.9;81.0;478.7
La Paila;2024-08-24;31.3;21.2;81.0;396.7
Bugalagrande;2024-08-25;31.7;18.5;81.0;422.0
La Paila;2024-08-25;30.9;19.8;85.0;422.9
Bugalagrande;2024-08-26;31.5;18.0;75.0;469.7
La Paila;2024-08-26;32.7;18.5;80.0;542.0
Bugalagrande;2024-08-27;34.8;17.4;72.0;631.9
La Paila;2024-08-27;34.7;17.9;76.0;591.0
Bugalagrande;2024-08-28;35.5;17.1;71.0;633.6
La Paila;2024-08-28;34.9;17.9;76.0;610.5
Bugalagrande;2024-08-29;33.6;19.2;76.0;517.8
La Paila;2024-08-29;33.5;19.3;83.0;491.3
Bugalagrande;2024-08-30;34.6;16.8;76.0;607.3
La Paila;2024-08-30;33.8;16.7;77.0;614.4
Bugalagrande;2024-08-31;33.4;17.4;72.0;588.6
La Paila;2024-08-31;33.7;18.5;74.0;554.3
Bugalagrande;2024-09-01;32.9;18.0;74.0;515.5
La Paila;2024-09-01;34.2;18.3;75.0;532.7
Bugalagrande;2024-09-02;34.8;18.0;73.0;579.9
La Paila;2024-09-02;34.2;18.5;76.0;556.7
Bugalagrande;2024-09-03;32.9;17.6;77.0;533.0
La Paila;2024-09-03;32.3;17.9;76.0;515.8
Bugalagrande;2024-09-04;33.4;17.8;80.0;630.0
La Paila;2024-09-04;33.0;17.9;77.0;565.5
Bugalagrande;2024-09-05;31.3;20.2;80.0;406.5
La Paila;2024-09-05;32.3;20.5;77.0;430.8
Bugalagrande;2024-09-06;35.3;19.3;73.0;603.3
La Paila;2024-09-06;35.1;20.7;72.0;594.6
Bugalagrande;2024-09-07;33.9;18.5;72.0;608.0
La Paila;2024-09-07;34.4;18.6;73.0;532.9
Bugalagrande;2024-09-08;31.7;18.5;74.0;456.7
La Paila;2024-09-08;33.4;19.0;75.0;476.4
Bugalagrande;2024-09-09;34.8;19.0;72.0;505.1
La Paila;2024-09-09;36.1;18.6;72.0;533.1
Bugalagrande;2024-09-10;34.1;18.1;72.0;540.1
La Paila;2024-09-10;33.7;19.1;73.0;524.7
Bugalagrande;2024-09-11;34.8;18.5;72.0;587.1
La Paila;2024-09-11;35.1;19.8;78.0;573.5
Bugalagrande;2024-09-12;33.8;19.0;74.0;514.7
La Paila;2024-09-12;34.2;19.8;75.0;478.2
Bugalagrande;2024-09-13;34.8;19.0;73.0;550.4
La Paila;2024-09-13;35.6;20.0;71.0;547.2
Bugalagrande;2024-09-14;35.5;18.5;70.0;619.4
La Paila;2024-09-14;35.1;19.3;71.0;558.0
Bugalagrande;2024-09-15;35.2;19.0;71.0;626.9
La Paila;2024-09-15;35.1;19.0;71.0;610.5
Bugalagrande;2024-09-16;35.3;18.0;71.0;575.3
La Paila;2024-09-16;35.1;18.8;73.0;536.4
Bugalagrande;2024-09-17;35.9;19.9;69.0;440.9
La Paila;2024-09-17;36.4;20.2;68.0;472.3
Bugalagrande;2024-09-18;35.5;17.5;70.0;616.9
La Paila;2024-09-18;35.8;17.8;70.0;590.3
Bugalagrande;2024-09-19;34.1;19.0;71.0;537.2
La Paila;2024-09-19;35.1;19.8;70.0;560.1
Bugalagrande;2024-09-20;33.4;19.2;71.0;480.4
La Paila;2024-09-20;33.5;19.3;72.0;472.7
Bugalagrande;2024-09-21;32.4;18.5;75.0;475.3
La Paila;2024-09-21;31.6;18.6;76.0;425.9
Bugalagrande;2024-09-22;32.7;19.5;78.0;460.7
La Paila;2024-09-22;32.3;19.1;80.0;418.2
Bugalagrande;2024-09-23;32.7;18.7;81.0;555.2
La Paila;2024-09-23;33.7;17.2;76.0;508.1
Bugalagrande;2024-09-24;34.1;18.0;74.0;636.8
La Paila;2024-09-24;35.1;17.6;71.0;606.3
Bugalagrande;2024-09-25;32.0;19.0;74.0;471.2
La Paila;2024-09-25;32.8;19.1;74.0;483.1
Bugalagrande;2024-09-26;31.5;19.5;79.0;412.7
La Paila;2024-09-26;31.6;20.7;78.0;396.0
Bugalagrande;2024-09-27;34.8;19.0;70.0;533.8
La Paila;2024-09-27;34.2;19.3;74.0;555.8
Bugalagrande;2024-09-28;25.8;18.7;91.0;148.5
La Paila;2024-09-28;25.0;18.6;93.0;160.4
Bugalagrande;2024-09-29;31.3;18.0;80.0;526.4
La Paila;2024-09-29;30.8;17.9;83.0;453.0
Bugalagrande;2024-09-30;33.4;19.0;78.0;480.8
La Paila;2024-09-30;32.3;19.3;76.0;501.9
Bugalagrande;2024-10-01;32.0;18.0;80.0;516.2
La Paila;2024-10-01;31.5;19.1;81.0;390.6
Bugalagrande;2024-10-02;32.7;18.3;86.0;480.9
La Paila;2024-10-02;32.3;18.6;85.0;480.4
Bugalagrande;2024-10-03;30.7;18.3;82.0;513.6
La Paila;2024-10-03;30.9;18.6;83.0;514.3
Bugalagrande;2024-10-04;30.1;18.5;88.0;348.8
La Paila;2024-10-04;30.9;18.5;88.0;389.8
Bugalagrande;2024-10-05;31.3;19.0;80.0;500.1
La Paila;2024-10-05;31.1;18.6;81.0;551.2
Bugalagrande;2024-10-06;31.3;19.7;80.0;472.8
La Paila;2024-10-06;30.8;20.7;82.0;422.4
Bugalagrande;2024-10-07;30.6;18.3;84.0;413.6
La Paila;2024-10-07;31.5;19.8;78.0;535.2
Bugalagrande;2024-10-08;30.8;18.7;86.0;513.3
La Paila;2024-10-08;30.6;19.0;83.0;430.0
Bugalagrande;2024-10-09;31.3;19.0;80.0;538.6
La Paila;2024-10-09;30.6;19.3;84.0;483.7
Bugalagrande;2024-10-10;30.5;18.5;89.0;327.9
La Paila;2024-10-10;29.7;18.6;92.0;326.9
Bugalagrande;2024-10-11;30.6;18.3;85.0;527.7
La Paila;2024-10-11;29.9;17.9;86.0;473.5
Bugalagrande;2024-10-12;32.7;17.8;78.0;531.4
La Paila;2024-10-12;31.8;17.2;78.0;480.2
Bugalagrande;2024-10-13;33.4;19.7;78.0;569.2
La Paila;2024-10-13;32.3;19.3;81.0;456.3
Bugalagrande;2024-10-14;32.2;18.0;77.0;428.4
La Paila;2024-10-14;33.5;17.9;78.0;592.2
Bugalagrande;2024-10-15;32.2;19.5;73.0;400.4
La Paila;2024-10-15;31.6;19.8;79.0;449.7
Bugalagrande;2024-10-16;32.4;17.6;74.0;480.0
La Paila;2024-10-16;33.0;17.6;75.0;509.7
Bugalagrande;2024-10-17;34.1;19.0;73.0;590.2
La Paila;2024-10-17;33.7;19.1;76.0;576.4
Bugalagrande;2024-10-18;34.1;20.2;75.0;505.2
La Paila;2024-10-18;33.0;20.7;76.0;514.6
Bugalagrande;2024-10-19;32.0;20.2;76.0;398.9
La Paila;2024-10-19;30.6;20.5;78.0;379.5
Bugalagrande;2024-10-20;31.0;18.8;84.0;425.4
La Paila;2024-10-20;29.7;18.6;86.0;427.6
Bugalagrande;2024-10-21;32.0;19.0;79.0;563.8
La Paila;2024-10-21;30.9;19.3;78.0;579.4
Bugalagrande;2024-10-22;31.0;20.2;81.0;448.3
La Paila;2024-10-22;29.7;20.4;84.0;424.3
Bugalagrande;2024-10-23;30.1;19.5;89.0;452.9
La Paila;2024-10-23;30.1;20.0;90.0;484.7
Bugalagrande;2024-10-24;32.2;19.5;82.0;555.7
La Paila;2024-10-24;31.5;19.3;84.0;502.0
Bugalagrande;2024-10-25;33.4;19.7;78.0;596.2
La Paila;2024-10-25;32.3;19.7;80.0;528.4
Bugalagrande;2024-10-26;33.2;19.5;77.0;536.0
La Paila;2024-10-26;33.5;20.0;77.0;551.0
Bugalagrande;2024-10-27;30.6;21.6;80.0;358.8
La Paila;2024-10-27;30.9;20.7;86.0;326.6
Bugalagrande;2024-10-28;31.7;20.2;83.0;420.0
La Paila;2024-10-28;32.5;20.9;83.0;451.6
Bugalagrande;2024-10-29;33.4;20.2;76.0;566.3
La Paila;2024-10-29;32.1;20.7;79.0;493.8
Bugalagrande;2024-10-30;29.6;20.2;84.0;311.5
La Paila;2024-10-30;29.7;20.5;84.0;310.8
Bugalagrande;2024-10-31;30.3;18.5;86.0;426.6
La Paila;2024-10-31;29.9;18.5;84.0;479.8
Bugalagrande;2024-11-01;25.8;19.0;92.0;162.0
La Paila;2024-11-01;25.7;19.3;91.0;180.9
Bugalagrande;2024-11-02;31.3;19.0;79.0;517.3
La Paila;2024-11-02;30.4;19.0;81.0;459.5
Bugalagrande;2024-11-03;31.0;19.0;80.0;454.2
La Paila;2024-11-03;30.9;19.1;82.0;420.8
Bugalagrande;2024-11-04;28.9;18.8;90.0;430.8
La Paila;2024-11-04;27.8;18.6;91.0;330.8
Bugalagrande;2024-11-05;32.0;17.3;81.0;565.0
La Paila;2024-11-05;31.6;17.2;83.0;521.2
Bugalagrande;2024-11-06;32.7;17.3;77.0;613.9
La Paila;2024-11-06;31.5;16.6;80.0;528.2
Bugalagrande;2024-11-07;30.3;19.3;82.0;385.8
La Paila;2024-11-07;28.7;18.6;86.0;322.7
Bugalagrande;2024-11-08;26.8;17.8;90.0;251.3
La Paila;2024-11-08;26.7;18.5;90.0;268.8
Bugalagrande;2024-11-09;30.3;17.8;81.0;555.3
La Paila;2024-11-09;29.6;17.9;82.0;504.0
Bugalagrande;2024-11-10;31.3;19.0;78.0;483.7
La Paila;2024-11-10;30.9;18.6;78.0;464.1
Bugalagrande;2024-11-11;29.6;18.0;79.0;467.7
La Paila;2024-11-11;28.3;18.3;81.0;409.4
Bugalagrande;2024-11-12;29.6;19.0;71.0;421.4
La Paila;2024-11-12;29.2;18.6;75.0;376.7
Bugalagrande;2024-11-13;30.6;19.0;75.0;423.4
La Paila;2024-11-13;29.6;19.1;77.0;434.7
Bugalagrande;2024-11-14;26.8;19.0;81.0;317.5
La Paila;2024-11-14;26.0;19.3;82.0;263.2
Bugalagrande;2024-11-15;30.3;18.5;76.0;434.1
La Paila;2024-11-15;29.1;17.9;79.0;400.1
Bugalagrande;2024-11-16;27.7;18.8;82.0;309.3
La Paila;2024-11-16;27.8;19.3;83.0;304.3
Bugalagrande;2024-11-17;31.0;19.5;77.0;419.4
La Paila;2024-11-17;31.6;20.0;80.0;453.1
Bugalagrande;2024-11-18;31.9;20.2;81.0;449.9
La Paila;2024-11-18;31.5;20.7;84.0;418.1
Bugalagrande;2024-11-19;28.4;18.5;93.0;347.4
La Paila;2024-11-19;26.5;17.8;93.0;258.6
Bugalagrande;2024-11-20;29.8;17.3;88.0;434.3
La Paila;2024-11-20;29.2;17.9;85.0;377.8
Bugalagrande;2024-11-21;30.0;19.5;87.0;420.0
La Paila;2024-11-21;30.1;19.7;85.0;383.7
Bugalagrande;2024-11-22;30.6;19.5;82.0;485.9
La Paila;2024-11-22;30.1;20.0;81.0;404.3
Bugalagrande;2024-11-23;30.1;19.0;83.0;430.0
La Paila;2024-11-23;29.4;19.3;86.0;354.9
Bugalagrande;2024-11-24;31.0;19.5;80.0;409.2
La Paila;2024-11-24;31.8;19.3;82.0;433.9
Bugalagrande;2024-11-25;33.4;19.0;76.0;534.6
La Paila;2024-11-25;32.3;19.1;78.0;443.1
Bugalagrande;2024-11-26;32.4;19.5;85.0;470.1
La Paila;2024-11-26;31.6;18.6;84.0;443.3
Bugalagrande;2024-11-27;31.7;19.7;84.0;496.2
La Paila;2024-11-27;32.3;19.3;85.0;487.0
Bugalagrande;2024-11-28;32.7;20.2;85.0;469.5
La Paila;2024-11-28;32.7;20.7;81.0;450.3
Bugalagrande;2024-11-29;32.5;19.2;86.0;454.0
La Paila;2024-11-29;31.6;19.1;83.0;420.3
Bugalagrande;2024-11-30;32.4;18.5;80.0;470.7
La Paila;2024-11-30;33.0;18.6;80.0;517.7
Bugalagrande;2024-12-01;33.1;17.8;77.0;515.7
La Paila;2024-12-01;33.3;17.9;78.0;465.3
Bugalagrande;2024-12-02;31.9;19.7;84.0;479.0
La Paila;2024-12-02;31.6;19.3;87.0;394.5
Bugalagrande;2024-12-03;32.4;19.5;85.0;406.8
La Paila;2024-12-03;31.6;20.0;85.0;383.2
Bugalagrande;2024-12-04;31.7;20.2;79.0;513.2
La Paila;2024-12-04;32.7;20.5;84.0;507.2
Bugalagrande;2024-12-05;31.5;20.6;82.0;395.3
La Paila;2024-12-05;30.1;21.1;86.0;392.8
Bugalagrande;2024-12-06;29.1;19.5;92.0;383.3
La Paila;2024-12-06;28.9;19.3;92.0;248.3
Bugalagrande;2024-12-07;30.8;19.5;82.0;478.5
La Paila;2024-12-07;31.6;19.7;83.0;409.4
Bugalagrande;2024-12-08;31.8;20.2;78.0;514.7
La Paila;2024-12-08;32.1;20.7;80.0;458.2
Bugalagrande;2024-12-09;33.4;19.2;78.0;539.0
La Paila;2024-12-09;33.4;19.3;79.0;502.5
Bugalagrande;2024-12-10;32.4;20.2;78.0;471.9
La Paila;2024-12-10;32.3;19.7;80.0;416.9
Bugalagrande;2024-12-11;32.7;18.3;81.0;551.5
La Paila;2024-12-11;33.0;19.3;81.0;467.9
Bugalagrande;2024-12-12;29.8;19.3;82.0;430.9
La Paila;2024-12-12;29.4;19.7;84.0;384.4
Bugalagrande;2024-12-13;29.4;19.5;85.0;289.6
La Paila;2024-12-13;28.6;19.3;85.0;296.5
Bugalagrande;2024-12-14;28.8;19.0;85.0;246.4
La Paila;2024-12-14;28.3;17.9;84.0;280.2
Bugalagrande;2024-12-15;29.1;19.5;82.0;359.9
La Paila;2024-12-15;28.7;19.1;81.0;328.2
Bugalagrande;2024-12-16;31.5;19.0;80.0;463.1
La Paila;2024-12-16;30.8;18.6;79.0;438.6
Bugalagrande;2024-12-17;33.1;18.5;76.0;491.2
La Paila;2024-12-17;33.0;19.3;79.0;475.9
Bugalagrande;2024-12-18;33.4;19.3;78.0;525.0
La Paila;2024-12-18;33.0;19.7;79.0;405.7
Bugalagrande;2024-12-19;32.4;20.2;85.0;367.5
La Paila;2024-12-19;32.3;20.0;86.0;373.2
Bugalagrande;2024-12-20;32.2;19.0;81.0;516.6
La Paila;2024-12-20;31.6;19.3;84.0;474.0
Bugalagrande;2024-12-21;30.3;19.7;90.0;397.7
La Paila;2024-12-21;29.7;19.3;89.0;292.1
Bugalagrande;2024-12-22;30.6;19.7;85.0;478.1
La Paila;2024-12-22;30.4;19.1;85.0;401.3
Bugalagrande;2024-12-23;29.1;20.2;89.0;348.2
La Paila;2024-12-23;29.2;20.0;90.0;289.4
Bugalagrande;2024-12-24;28.2;19.2;91.0;258.7
La Paila;2024-12-24;27.0;20.0;93.0;250.1
Bugalagrande;2024-12-25;31.3;19.0;80.0;544.0
La Paila;2024-12-25;31.0;17.9;85.0;473.5
Bugalagrande;2024-12-26;30.0;19.2;91.0;393.7
La Paila;2024-12-26;29.6;20.5;89.0;349.1
Bugalagrande;2024-12-27;29.4;20.0;87.0;369.0
La Paila;2024-12-27;29.2;19.8;84.0;353.7
Bugalagrande;2024-12-28;29.1;19.3;89.0;371.9
La Paila;2024-12-28;29.2;19.7;88.0;339.3
Bugalagrande;2024-12-29;28.7;19.5;90.0;387.6
La Paila;2024-12-29;27.7;19.3;89.0;293.3
Bugalagrande;2024-12-30;29.6;19.2;90.0;394.4
La Paila;2024-12-30;28.6;19.3;88.0;312.0
Bugalagrande;2024-12-31;30.1;18.5;85.0;494.2
La Paila;2024-12-31;29.7;19.3;86.0;448.5
Bugalagrande;2025-01-01;29.8;19.2;90.0;400.4
La Paila;2025-01-01;30.2;18.6;89.0;385.8
Bugalagrande;2025-01-02;29.6;18.5;85.0;468.9
La Paila;2025-01-02;29.7;18.6;85.0;471.6
Bugalagrande;2025-01-03;29.4;19.0;93.0;343.6
La Paila;2025-01-03;28.4;19.3;92.0;309.6
Bugalagrande;2025-01-04;27.7;18.5;87.0;350.9
La Paila;2025-01-04;28.7;18.6;87.0;334.4
Bugalagrande;2025-01-05;27.2;19.0;89.0;325.9
La Paila;2025-01-05;27.8;19.3;88.0;356.4
Bugalagrande;2025-01-06;30.8;19.3;83.0;484.2
La Paila;2025-01-06;31.3;19.8;83.0;474.5
Bugalagrande;2025-01-07;30.6;19.0;87.0;341.7
La Paila;2025-01-07;30.9;19.0;84.0;349.2
Bugalagrande;2025-01-08;30.5;19.5;85.0;414.9
La Paila;2025-01-08;30.6;19.7;85.0;360.1
Bugalagrande;2025-01-09;30.3;19.0;82.0;381.1
La Paila;2025-01-09;30.9;19.3;82.0;453.4
Bugalagrande;2025-01-10;31.5;18.3;78.0;482.7
La Paila;2025-01-10;31.6;18.6;80.0;471.0
Bugalagrande;2025-01-11;31.2;17.8;78.0;451.6
La Paila;2025-01-11;32.1;17.9;80.0;441.3
Bugalagrande;2025-01-12;32.7;19.0;77.0;438.1
La Paila;2025-01-12;32.8;18.6;78.0;488.8
Bugalagrande;2025-01-13;32.4;19.2;78.0;440.0
La Paila;2025-01-13;32.5;19.1;79.0;497.2
Bugalagrande;2025-01-14;32.4;19.7;78.0;507.2
La Paila;2025-01-14;32.7;19.3;80.0;520.5
Bugalagrande;2025-01-15;31.5;19.2;79.0;488.5
La Paila;2025-01-15;31.6;19.7;82.0;528.5
Bugalagrande;2025-01-16;31.5;18.5;78.0;507.1
La Paila;2025-01-16;30.9;19.0;78.0;467.2
Bugalagrande;2025-01-17;31.4;18.0;78.0;493.7
La Paila;2025-01-17;31.6;18.6;80.0;473.0
Bugalagrande;2025-01-18;32.0;18.0;75.0;529.6
La Paila;2025-01-18;32.3;17.2;77.0;540.3
Bugalagrande;2025-01-19;31.7;16.8;74.0;503.0
La Paila;2025-01-19;32.0;17.2;75.0;557.4
Bugalagrande;2025-01-20;31.7;17.8;76.0;479.4
La Paila;2025-01-20;32.3;17.9;76.0;503.4
Bugalagrande;2025-01-21;32.7;17.5;74.0;467.2
La Paila;2025-01-21;32.3;16.9;75.0;517.1
Bugalagrande;2025-01-22;32.0;18.1;74.0;472.7
La Paila;2025-01-22;32.3;17.8;76.0;483.8
Bugalagrande;2025-01-23;32.7;17.3;74.0;472.6
La Paila;2025-01-23;32.3;16.6;76.0;495.7
Bugalagrande;2025-01-24;31.0;16.9;76.0;329.8
La Paila;2025-01-24;31.5;16.7;77.0;390.2
Bugalagrande;2025-01-25;32.2;19.2;76.0;336.3
La Paila;2025-01-25;31.6;18.6;78.0;420.5
Bugalagrande;2025-01-26;33.4;18.0;77.0;419.8
La Paila;2025-01-26;33.7;17.9;80.0;488.9
Bugalagrande;2025-01-27;31.0;19.2;78.0;288.4
La Paila;2025-01-27;31.0;19.0;79.0;384.6
Bugalagrande;2025-01-28;33.4;18.5;76.0;376.3
La Paila;2025-01-28;33.0;18.6;77.0;480.4
Bugalagrande;2025-01-29;34.3;18.5;76.0;408.9
La Paila;2025-01-29;34.0;18.6;75.0;492.1
Bugalagrande;2025-01-30;33.8;18.5;74.0;426.6
La Paila;2025-01-30;33.9;18.6;76.0;456.4
Bugalagrande;2025-01-31;34.1;19.0;77.0;381.8
La Paila;2025-01-31;33.2;18.6;79.0;440.4
Bugalagrande;2025-02-01;32.0;20.2;77.0;384.6
La Paila;2025-02-01;31.8;20.7;78.0;452.5
Bugalagrande;2025-02-02;32.7;20.2;76.0;346.9
La Paila;2025-02-02;32.8;19.8;77.0;496.3
Bugalagrande;2025-02-03;32.0;19.7;78.0;392.6
La Paila;2025-02-03;32.3;20.0;77.0;410.6
Bugalagrande;2025-02-04;29.6;20.2;84.0;235.7
La Paila;2025-02-04;29.1;20.7;83.0;255.6
Bugalagrande;2025-02-05;30.1;19.7;84.0;264.7
La Paila;2025-02-05;29.5;20.7;82.0;312.2
Bugalagrande;2025-02-06;32.0;18.5;85.0;409.2
La Paila;2025-02-06;31.6;18.3;81.0;372.9
Bugalagrande;2025-02-07;31.5;18.0;84.0;425.6
La Paila;2025-02-07;31.3;17.9;81.0;383.6
Bugalagrande;2025-02-08;30.8;18.8;89.0;436.5
La Paila;2025-02-08;30.1;19.3;89.0;415.7
Bugalagrande;2025-02-09;30.4;17.8;88.0;455.7
La Paila;2025-02-09;30.2;18.1;88.0;449.4
Bugalagrande;2025-02-10;31.3;19.2;85.0;506.6
La Paila;2025-02-10;31.6;19.3;83.0;501.3
Bugalagrande;2025-02-11;23.7;18.8;96.0;163.3
La Paila;2025-02-11;23.6;18.5;96.0;139.4
Bugalagrande;2025-02-12;31.0;19.0;85.0;495.1
La Paila;2025-02-12;30.6;18.3;85.0;451.2
Bugalagrande;2025-02-13;28.6;19.9;91.0;318.7
La Paila;2025-02-13;28.9;20.0;88.0;315.5
Bugalagrande;2025-02-14;30.1;19.7;88.0;437.0
La Paila;2025-02-14;30.2;19.5;86.0;465.7
Bugalagrande;2025-02-15;28.8;19.5;83.0;364.8
La Paila;2025-02-15;29.1;20.0;81.0;425.6
Bugalagrande;2025-02-16;28.9;18.5;87.0;414.3
La Paila;2025-02-16;29.1;19.1;83.0;460.4
Bugalagrande;2025-02-17;30.3;19.0;86.0;539.1
La Paila;2025-02-17;30.2;19.0;84.0;534.5
Bugalagrande;2025-02-18;29.9;19.7;87.0;438.1
La Paila;2025-02-18;30.2;20.0;85.0;413.2
Bugalagrande;2025-02-19;30.3;19.3;81.0;484.6
La Paila;2025-02-19;30.9;20.0;81.0;503.9
Bugalagrande;2025-02-20;31.7;19.2;83.0;495.2
La Paila;2025-02-20;30.9;19.7;82.0;554.0
Bugalagrande;2025-02-21;30.0;19.9;89.0;349.7
La Paila;2025-02-21;28.9;20.5;83.0;333.0
Bugalagrande;2025-02-22;26.5;19.7;93.0;192.0
La Paila;2025-02-22;26.7;20.5;92.0;202.8
Bugalagrande;2025-02-23;29.4;19.2;89.0;400.2
La Paila;2025-02-23;29.6;19.7;87.0;365.0
Bugalagrande;2025-02-24;30.5;20.2;84.0;459.9
La Paila;2025-02-24;31.6;20.5;87.0;456.5
Bugalagrande;2025-02-25;30.1;19.2;85.0;448.5
La Paila;2025-02-25;30.4;20.0;86.0;416.8
Bugalagrande;2025-02-26;30.6;19.7;85.0;495.6
La Paila;2025-02-26;31.1;20.0;86.0;357.3
Bugalagrande;2025-02-27;30.6;19.5;88.0;438.3
La Paila;2025-02-27;30.6;19.1;86.0;359.1
Bugalagrande;2025-02-28;32.5;18.5;79.0;607.6
La Paila;2025-02-28;32.3;19.1;78.0;524.9
Bugalagrande;2025-03-01;31.8;19.5;80.0;617.5
La Paila;2025-03-01;32.3;19.3;80.0;592.0
Bugalagrande;2025-03-02;29.6;19.2;87.0;489.7
La Paila;2025-03-02;30.2;20.0;87.0;427.5
Bugalagrande;2025-03-03;30.5;19.4;80.0;500.0
La Paila;2025-03-03;30.9;20.0;85.0;450.2
Bugalagrande;2025-03-04;28.4;19.7;90.0;316.4
La Paila;2025-03-04;29.9;20.2;88.0;375.9
Bugalagrande;2025-03-05;28.9;19.2;89.0;403.5
La Paila;2025-03-05;28.9;20.0;87.0;410.9
Bugalagrande;2025-03-06;27.7;17.8;89.0;276.6
La Paila;2025-03-06;27.3;18.6;83.0;341.9
Bugalagrande;2025-03-07;30.0;18.5;82.0;423.6
La Paila;2025-03-07;30.9;19.0;80.0;450.8
Bugalagrande;2025-03-08;30.3;18.5;82.0;484.5
La Paila;2025-03-08;31.1;19.1;81.0;488.6
Bugalagrande;2025-03-09;31.5;19.0;84.0;551.9
La Paila;2025-03-09;32.0;18.6;79.0;492.2
Bugalagrande;2025-03-10;31.3;19.7;83.0;557.2
La Paila;2025-03-10;30.9;20.0;85.0;493.2
Bugalagrande;2025-03-11;30.6;18.5;85.0;455.3
La Paila;2025-03-11;30.8;19.0;84.0;432.3
Bugalagrande;2025-03-12;28.2;19.2;88.0;395.9
La Paila;2025-03-12;29.4;19.3;85.0;411.4
Bugalagrande;2025-03-13;30.0;18.5;83.0;410.0
La Paila;2025-03-13;29.7;18.6;83.0;382.1
Bugalagrande;2025-03-14;29.4;19.5;88.0;364.0
La Paila;2025-03-14;28.9;19.3;87.0;376.1
Bugalagrande;2025-03-15;30.1;19.0;86.0;428.6
La Paila;2025-03-15;30.2;19.0;86.0;355.0
Bugalagrande;2025-03-16;29.1;19.7;89.0;448.3
La Paila;2025-03-16;29.4;20.0;87.0;404.1
Bugalagrande;2025-03-17;27.2;19.7;92.0;340.9
La Paila;2025-03-17;27.0;20.0;92.0;296.7
Bugalagrande;2025-03-18;31.0;19.0;82.0;591.5
La Paila;2025-03-18;32.3;19.1;81.0;619.1
Bugalagrande;2025-03-19;31.7;17.3;80.0;575.7
La Paila;2025-03-19;31.6;17.8;82.0;517.2
Bugalagrande;2025-03-20;31.0;19.5;85.0;471.3
La Paila;2025-03-20;33.0;19.3;87.0;451.7
Bugalagrande;2025-03-21;31.3;19.5;82.0;539.0
La Paila;2025-03-21;32.3;19.8;83.0;574.5
Bugalagrande;2025-03-22;31.8;19.7;81.0;436.0
La Paila;2025-03-22;33.0;19.5;82.0;497.3
Bugalagrande;2025-03-23;32.4;19.7;80.0;529.4
La Paila;2025-03-23;33.0;20.4;81.0;467.6
Bugalagrande;2025-03-24;32.7;19.7;81.0;510.7
La Paila;2025-03-24;32.3;19.3;79.0;499.5
Bugalagrande;2025-03-25;32.7;19.2;79.0;520.2
La Paila;2025-03-25;33.0;19.0;85.0;492.5
Bugalagrande;2025-03-26;31.3;19.5;80.0;484.6
La Paila;2025-03-26;32.0;20.0;84.0;478.6
Bugalagrande;2025-03-27;31.4;19.9;82.0;485.4
La Paila;2025-03-27;31.8;20.0;84.0;429.3
Bugalagrande;2025-03-28;29.6;19.5;88.0;345.3
La Paila;2025-03-28;29.7;20.0;92.0;324.1
Bugalagrande;2025-03-29;30.3;19.2;84.0;459.7
La Paila;2025-03-29;30.4;19.7;86.0;457.5
Bugalagrande;2025-03-30;27.2;19.3;95.0;237.3
La Paila;2025-03-30;27.5;19.3;95.0;174.3
Bugalagrande;2025-03-31;29.9;19.5;92.0;400.6
La Paila;2025-03-31;30.1;19.5;91.0;405.0
Bugalagrande;2025-04-01;32.0;18.8;86.0;581.3
La Paila;2025-04-01;31.6;18.6;85.0;554.0
Bugalagrande;2025-04-02;29.3;19.7;87.0;447.9
La Paila;2025-04-02;29.7;20.0;87.0;484.8
Bugalagrande;2025-04-03;32.8;18.5;83.0;565.3
La Paila;2025-04-03;32.3;20.0;85.0;590.8
Bugalagrande;2025-04-04;30.1;19.2;87.0;517.5
La Paila;2025-04-04;30.1;19.8;87.0;411.3
Bugalagrande;2025-04-05;31.7;20.2;83.0;581.5
La Paila;2025-04-05;30.4;20.5;84.0;449.4
Bugalagrande;2025-04-06;32.1;19.7;81.0;576.1
La Paila;2025-04-06;32.3;20.0;82.0;570.4
Bugalagrande;2025-04-07;32.4;17.8;80.0;612.3
La Paila;2025-04-07;33.0;17.2;79.0;622.2
Bugalagrande;2025-04-08;29.1;19.2;85.0;408.5
La Paila;2025-04-08;28.0;19.3;88.0;309.9
Bugalagrande;2025-04-09;32.1;18.7;85.0;445.7
La Paila;2025-04-09;31.6;17.9;86.0;473.6
Bugalagrande;2025-04-10;28.8;20.2;91.0;344.8
La Paila;2025-04-10;30.1;19.3;89.0;395.0
Bugalagrande;2025-04-11;27.2;19.0;91.0;306.4
La Paila;2025-04-11;27.5;19.3;90.0;345.7
Bugalagrande;2025-04-12;32.9;18.7;80.0;626.4
La Paila;2025-04-12;32.8;19.1;80.0;599.8
Bugalagrande;2025-04-13;32.9;20.7;79.0;578.5
La Paila;2025-04-13;33.2;21.1;80.0;549.3
Bugalagrande;2025-04-14;34.0;20.2;79.0;565.7
La Paila;2025-04-14;34.3;19.3;78.0;611.6
Bugalagrande;2025-04-15;34.1;20.7;80.0;558.9
La Paila;2025-04-15;33.8;21.4;79.0;501.3
Bugalagrande;2025-04-16;33.1;19.4;84.0;473.4
La Paila;2025-04-16;33.5;20.2;81.0;493.5
Bugalagrande;2025-04-17;31.7;20.4;87.0;537.3
La Paila;2025-04-17;30.9;20.7;84.0;445.9
Bugalagrande;2025-04-18;34.1;20.4;79.0;611.5
La Paila;2025-04-18;34.0;20.7;79.0;534.9
Bugalagrande;2025-04-19;32.8;20.4;83.0;567.4
La Paila;2025-04-19;32.7;20.7;83.0;512.4
Bugalagrande;2025-04-20;31.2;20.2;85.0;453.4
La Paila;2025-04-20;30.2;20.7;83.0;398.3
Bugalagrande;2025-04-21;30.5;18.0;88.0;367.3
La Paila;2025-04-21;30.9;17.9;90.0;410.8
Bugalagrande;2025-04-22;29.6;17.5;85.0;454.5
La Paila;2025-04-22;30.2;16.7;85.0;491.0
Bugalagrande;2025-04-23;31.7;19.5;81.0;570.3
La Paila;2025-04-23;30.9;19.7;82.0;478.0
Bugalagrande;2025-04-24;32.1;19.5;78.0;528.3
La Paila;2025-04-24;31.8;19.7;79.0;517.6
Bugalagrande;2025-04-25;31.7;19.9;88.0;406.3
La Paila;2025-04-25;30.2;20.5;88.0;360.6
Bugalagrande;2025-04-26;31.0;19.7;90.0;485.8
La Paila;2025-04-26;30.9;20.0;89.0;452.0
Bugalagrande;2025-04-27;31.7;19.7;83.0;511.8
La Paila;2025-04-27;31.3;19.7;86.0;454.9
Bugalagrande;2025-04-28;28.9;19.7;89.0;410.7
La Paila;2025-04-28;28.5;19.8;88.0;429.0
Bugalagrande;2025-04-29;31.7;18.5;81.0;508.1
La Paila;2025-04-29;31.3;19.8;84.0;540.5
Bugalagrande;2025-04-30;30.6;19.0;88.0;480.5
La Paila;2025-04-30;29.6;19.7;88.0;399.4
Bugalagrande;2025-05-01;30.7;19.9;85.0;395.1
La Paila;2025-05-01;30.1;20.0;86.0;475.6
Bugalagrande;2025-05-02;31.0;19.2;88.0;425.8
La Paila;2025-05-02;30.2;19.3;91.0;411.3
Bugalagrande;2025-05-03;28.8;18.8;90.0;313.5
La Paila;2025-05-03;27.3;19.3;90.0;270.3
Bugalagrande;2025-05-04;30.8;19.2;91.0;367.3
La Paila;2025-05-04;30.2;20.0;88.0;390.3
Bugalagrande;2025-05-05;30.3;19.0;90.0;470.8
La Paila;2025-05-05;30.1;19.8;90.0;497.3
Bugalagrande;2025-05-06;30.5;19.2;87.0;432.6
La Paila;2025-05-06;30.8;19.3;89.0;443.7
Bugalagrande;2025-05-07;29.6;19.2;90.0;463.6
La Paila;2025-05-07;30.2;19.1;88.0;504.0
Bugalagrande;2025-05-08;28.9;18.5;90.0;365.9
La Paila;2025-05-08;29.4;18.6;86.0;378.3
Bugalagrande;2025-05-09;31.5;19.2;83.0;559.3
La Paila;2025-05-09;31.4;19.8;84.0;498.5
Bugalagrande;2025-05-10;32.6;18.8;82.0;530.9
La Paila;2025-05-10;33.0;19.0;82.0;534.3
Bugalagrande;2025-05-11;32.7;18.8;80.0;519.1
La Paila;2025-05-11;32.1;17.9;82.0;492.5
Bugalagrande;2025-05-12;33.1;19.9;79.0;563.7
La Paila;2025-05-12;34.4;20.0;81.0;517.5
Bugalagrande;2025-05-13;28.9;19.9;88.0;226.5
La Paila;2025-05-13;28.2;19.3;88.0;228.0
Bugalagrande;2025-05-14;31.5;19.7;87.0;503.5
La Paila;2025-05-14;30.9;20.0;89.0;505.4
Bugalagrande;2025-05-15;30.0;19.7;90.0;419.9
La Paila;2025-05-15;30.6;20.0;90.0;441.8
Bugalagrande;2025-05-16;28.9;19.2;92.0;391.2
La Paila;2025-05-16;29.9;19.3;91.0;446.7
Bugalagrande;2025-05-17;27.2;19.2;90.0;329.4
La Paila;2025-05-17;28.9;19.3;89.0;311.1
Bugalagrande;2025-05-18;28.4;19.2;90.0;354.7
La Paila;2025-05-18;29.6;19.3;88.0;411.5
Bugalagrande;2025-05-19;29.6;19.2;87.0;384.1
La Paila;2025-05-19;30.9;18.6;85.0;421.9
Bugalagrande;2025-05-20;31.0;18.8;88.0;406.0
La Paila;2025-05-20;31.6;18.6;87.0;468.4
Bugalagrande;2025-05-21;30.1;18.8;86.0;488.3
La Paila;2025-05-21;30.8;18.6;86.0;517.8
Bugalagrande;2025-05-22;32.0;18.7;85.0;514.3
La Paila;2025-05-22;32.8;19.0;86.0;465.8
Bugalagrande;2025-05-23;32.4;18.1;84.0;489.9
La Paila;2025-05-23;32.8;17.9;85.0;559.4
Bugalagrande;2025-05-24;32.7;19.5;84.0;476.1
La Paila;2025-05-24;33.2;19.3;85.0;475.1
Bugalagrande;2025-05-25;31.5;19.7;82.0;485.4
La Paila;2025-05-25;30.9;19.8;84.0;460.0
Bugalagrande;2025-05-26;29.6;20.4;87.0;427.2
La Paila;2025-05-26;30.9;20.7;88.0;472.2
Bugalagrande;2025-05-27;32.4;19.7;84.0;453.7
La Paila;2025-05-27;32.0;20.0;86.0;456.9
Bugalagrande;2025-05-28;33.1;18.7;80.0;578.0
La Paila;2025-05-28;32.8;18.6;83.0;564.3
Bugalagrande;2025-05-29;34.3;19.2;79.0;556.5
La Paila;2025-05-29;33.4;19.3;81.0;489.4
Bugalagrande;2025-05-30;29.6;20.4;86.0;314.3
La Paila;2025-05-30;30.2;20.0;86.0;320.3
Bugalagrande;2025-05-31;29.9;20.2;82.0;389.9
La Paila;2025-05-31;30.2;20.7;83.0;354.5
Bugalagrande;2025-06-01;29.6;20.2;86.0;351.4
La Paila;2025-06-01;31.5;20.0;90.0;411.4
Bugalagrande;2025-06-02;32.0;19.7;84.0;479.7
La Paila;2025-06-02;31.6;19.3;85.0;520.0
Bugalagrande;2025-06-03;32.4;20.0;84.0;489.8
La Paila;2025-06-03;32.5;19.8;86.0;535.7
Bugalagrande;2025-06-04;29.8;19.0;83.0;426.9
La Paila;2025-06-04;29.7;19.3;88.0;378.0
Bugalagrande;2025-06-05;30.6;20.9;80.0;487.2
La Paila;2025-06-05;30.8;20.7;85.0;457.0
Bugalagrande;2025-06-06;31.7;19.4;88.0;354.4
La Paila;2025-06-06;30.8;20.0;91.0;369.8
Bugalagrande;2025-06-07;32.7;18.5;79.0;548.9
La Paila;2025-06-07;32.3;18.6;82.0;573.6
Bugalagrande;2025-06-08;32.2;19.7;80.0;441.5
La Paila;2025-06-08;32.3;18.6;85.0;458.5
Bugalagrande;2025-06-09;30.8;20.0;85.0;409.1
La Paila;2025-06-09;30.2;19.5;90.0;354.2
Bugalagrande;2025-06-10;30.1;19.5;86.0;432.4
La Paila;2025-06-10;28.9;20.0;89.0;363.4
Bugalagrande;2025-06-11;29.6;19.7;84.0;427.6
La Paila;2025-06-11;30.7;19.3;84.0;483.6
Bugalagrande;2025-06-12;31.0;19.7;86.0;426.6
La Paila;2025-06-12;30.9;20.2;87.0;385.4
Bugalagrande;2025-06-13;25.8;18.5;92.0;276.1
La Paila;2025-06-13;26.8;18.6;89.0;347.1
Bugalagrande;2025-06-14;30.1;19.0;84.0;561.5
La Paila;2025-06-14;30.9;19.0;82.0;553.9
Bugalagrande;2025-06-15;31.3;18.5;81.0;488.3
La Paila;2025-06-15;31.9;17.9;81.0;533.7
Bugalagrande;2025-06-16;28.2;18.8;84.0;358.5
La Paila;2025-06-16;28.7;19.1;87.0;314.0
Bugalagrande;2025-06-17;31.5;18.0;82.0;448.1
La Paila;2025-06-17;32.3;18.1;84.0;467.9
Bugalagrande;2025-06-18;33.4;19.0;80.0;579.3
La Paila;2025-06-18;33.8;17.9;82.0;533.5
Bugalagrande;2025-06-19;33.4;16.8;77.0;582.5
La Paila;2025-06-19;33.0;16.7;81.0;508.2
Bugalagrande;2025-06-20;32.7;20.2;81.0;505.8
La Paila;2025-06-20;33.0;19.3;79.0;462.1
Bugalagrande;2025-06-21;31.0;20.2;83.0;408.6
La Paila;2025-06-21;31.6;20.0;84.0;404.0
Bugalagrande;2025-06-22;28.1;19.0;94.0;253.7
La Paila;2025-06-22;28.2;18.6;94.0;272.9
Bugalagrande;2025-06-23;28.7;18.5;88.0;477.4
La Paila;2025-06-23;30.1;19.0;90.0;465.1
Bugalagrande;2025-06-24;28.9;19.5;88.0;422.9
La Paila;2025-06-24;28.4;19.8;88.0;364.4
Bugalagrande;2025-06-25;32.0;19.7;82.0;522.5
La Paila;2025-06-25;32.3;19.8;84.0;457.5
Bugalagrande;2025-06-26;33.4;19.2;78.0;590.8
La Paila;2025-06-26;33.0;17.9;81.0;558.7
Bugalagrande;2025-06-27;31.0;19.5;82.0;465.4
La Paila;2025-06-27;31.5;19.0;86.0;402.9
Bugalagrande;2025-06-28;32.0;19.0;77.0;588.1
La Paila;2025-06-28;31.9;18.6;82.0;575.7
Bugalagrande;2025-06-29;30.8;18.1;80.0;439.0
La Paila;2025-06-29;32.1;17.9;82.0;447.5
Bugalagrande;2025-06-30;31.7;19.7;79.0;514.2
La Paila;2025-06-30;32.3;19.8;83.0;468.5
Bugalagrande;2025-07-01;31.3;19.2;81.0;405.9
La Paila;2025-07-01;30.8;19.0;85.0;351.4
Bugalagrande;2025-07-02;32.7;19.2;75.0;550.0
La Paila;2025-07-02;32.3;19.1;82.0;505.4
Bugalagrande;2025-07-03;32.2;19.9;74.0;496.5
La Paila;2025-07-03;32.3;19.3;81.0;446.5
Bugalagrande;2025-07-04;30.5;18.1;78.0;432.7
La Paila;2025-07-04;30.9;17.9;83.0;398.8
Bugalagrande;2025-07-05;32.0;18.8;76.0;484.3
La Paila;2025-07-05;31.6;17.9;78.0;533.6
Bugalagrande;2025-07-06;31.0;18.0;76.0;484.3
La Paila;2025-07-06;31.6;18.3;84.0;452.7
Bugalagrande;2025-07-07;33.1;17.5;76.0;550.6
La Paila;2025-07-07;33.3;17.2;80.0;603.2
Bugalagrande;2025-07-08;31.8;18.0;76.0;567.8
La Paila;2025-07-08;31.8;17.2;82.0;417.8
Bugalagrande;2025-07-09;31.5;19.7;78.0;503.8
La Paila;2025-07-09;33.0;20.0;83.0;497.7
Bugalagrande;2025-07-10;31.5;19.7;81.0;426.6
La Paila;2025-07-10;30.3;19.3;85.0;444.2
Bugalagrande;2025-07-11;31.5;19.7;77.0;470.3
La Paila;2025-07-11;31.3;19.7;82.0;455.0
Bugalagrande;2025-07-12;31.0;19.9;76.0;484.1
La Paila;2025-07-12;31.5;19.3;82.0;427.1
Bugalagrande;2025-07-13;32.7;18.7;77.0;535.2
La Paila;2025-07-13;32.7;19.3;82.0;563.6
Bugalagrande;2025-07-14;33.6;19.2;74.0;597.7
La Paila;2025-07-14;34.4;19.3;78.0;586.3
Bugalagrande;2025-07-15;32.7;18.0;70.0;558.5
La Paila;2025-07-15;32.3;17.8;77.0;520.6
Bugalagrande;2025-07-16;32.2;17.5;73.0;490.7
La Paila;2025-07-16;32.3;17.4;77.0;516.2
Bugalagrande;2025-07-17;33.4;18.7;72.0;541.8
La Paila;2025-07-17;33.6;18.3;77.0;480.5
Bugalagrande;2025-07-18;33.2;18.0;73.0;508.0
La Paila;2025-07-18;33.0;17.9;77.0;491.1
Bugalagrande;2025-07-19;31.7;19.9;74.0;421.6
La Paila;2025-07-19;31.3;19.3;80.0;364.3
Bugalagrande;2025-07-20;32.7;19.0;72.0;427.1
La Paila;2025-07-20;32.3;19.0;78.0;413.2
Bugalagrande;2025-07-21;31.0;18.3;73.0;415.3
La Paila;2025-07-21;31.5;18.5;77.0;379.1
Bugalagrande;2025-07-22;30.8;19.2;77.0;376.3
La Paila;2025-07-22;30.3;18.6;80.0;337.2
Bugalagrande;2025-07-23;30.8;19.9;78.0;389.2
La Paila;2025-07-23;32.1;19.7;81.0;408.5
Bugalagrande;2025-07-24;34.6;19.2;78.0;576.1
La Paila;2025-07-24;33.7;19.1;77.0;537.3
Bugalagrande;2025-07-25;33.4;19.2;82.0;527.7
La Paila;2025-07-25;34.2;20.0;81.0;531.8
Bugalagrande;2025-07-26;32.2;18.7;75.0;524.1
La Paila;2025-07-26;33.5;19.0;79.0;498.4
Bugalagrande;2025-07-27;34.1;18.7;75.0;580.4
La Paila;2025-07-27;34.5;18.6;79.0;593.9
Bugalagrande;2025-07-28;33.1;19.2;73.0;478.3
La Paila;2025-07-28;33.5;20.2;77.0;491.6
Bugalagrande;2025-07-29;31.3;18.7;78.0;386.7
La Paila;2025-07-29;30.6;18.3;79.0;390.9
Bugalagrande;2025-07-30;33.6;19.7;74.0;530.6
La Paila;2025-07-30;33.7;20.0;74.0;537.6
Bugalagrande;2025-07-31;34.1;18.2;72.0;598.1
La Paila;2025-07-31;34.4;17.9;73.0;588.6
Bugalagrande;2025-08-01;34.1;17.5;74.0;533.4
La Paila;2025-08-01;34.7;17.8;74.0;516.3
Bugalagrande;2025-08-02;29.1;19.2;81.0;265.8
La Paila;2025-08-02;29.7;19.3;83.0;290.8
Bugalagrande;2025-08-03;33.1;19.9;83.0;458.2
La Paila;2025-08-03;33.4;19.0;83.0;501.0
Bugalagrande;2025-08-04;28.9;19.2;82.0;363.9
La Paila;2025-08-04;28.9;19.1;83.0;342.3
Bugalagrande;2025-08-05;32.7;18.0;73.0;565.9
La Paila;2025-08-05;33.0;17.4;75.0;549.6
Bugalagrande;2025-08-06;32.7;17.6;70.0;550.2
La Paila;2025-08-06;33.0;17.1;71.0;558.0
Bugalagrande;2025-08-07;29.3;18.7;85.0;358.9
La Paila;2025-08-07;29.6;19.3;85.0;377.1
Bugalagrande;2025-08-08;30.8;18.0;78.0;498.4
La Paila;2025-08-08;31.3;18.3;83.0;533.2
Bugalagrande;2025-08-09;29.8;17.8;84.0;513.9
La Paila;2025-08-09;30.1;17.4;84.0;526.0
Bugalagrande;2025-08-10;32.0;18.7;82.0;554.6
La Paila;2025-08-10;31.5;18.5;82.0;535.7
Bugalagrande;2025-08-11;32.7;19.2;79.0;550.6
La Paila;2025-08-11;32.8;19.3;79.0;547.6
Bugalagrande;2025-08-12;32.4;18.0;76.0;549.7
La Paila;2025-08-12;33.0;17.2;78.0;537.1
Bugalagrande;2025-08-13;30.3;18.1;85.0;411.7
La Paila;2025-08-13;30.1;18.6;85.0;390.8
Bugalagrande;2025-08-14;31.3;18.7;82.0;478.5
La Paila;2025-08-14;31.1;18.6;82.0;463.4
Bugalagrande;2025-08-15;28.4;19.2;91.0;298.3
La Paila;2025-08-15;27.7;18.6;88.0;341.8
Bugalagrande;2025-08-16;30.3;17.8;85.0;529.0
La Paila;2025-08-16;30.9;18.6;85.0;482.7
Bugalagrande;2025-08-17;30.6;19.0;82.0;545.0
La Paila;2025-08-17;30.8;18.6;83.0;479.3
Bugalagrande;2025-08-18;32.0;19.2;78.0;580.4
La Paila;2025-08-18;32.6;19.1;79.0;521.8
Bugalagrande;2025-08-19;31.5;19.4;78.0;452.9
La Paila;2025-08-19;32.0;19.3;79.0;429.6
Bugalagrande;2025-08-20;32.7;18.1;82.0;558.0
La Paila;2025-08-20;32.7;18.3;81.0;519.1
Bugalagrande;2025-08-21;32.7;19.2;84.0;604.1
La Paila;2025-08-21;32.3;19.0;84.0;551.8
Bugalagrande;2025-08-22;32.2;19.7;81.0;594.8
La Paila;2025-08-22;31.3;20.0;86.0;475.1
Bugalagrande;2025-08-23;31.0;19.2;82.0;543.6
La Paila;2025-08-23;31.6;18.5;83.0;482.5
Bugalagrande;2025-08-24;33.1;18.7;82.0;607.0
La Paila;2025-08-24;33.5;19.1;81.0;651.1
Bugalagrande;2025-08-25;31.4;19.2;84.0;418.1
La Paila;2025-08-25;31.9;19.3;85.0;400.7
Bugalagrande;2025-08-26;31.7;17.1;76.0;517.4
La Paila;2025-08-26;33.0;17.6;79.0;472.5
Bugalagrande;2025-08-27;34.1;19.2;74.0;623.5
La Paila;2025-08-27;34.4;19.3;76.0;609.6
Bugalagrande;2025-08-28;33.1;19.2;74.0;522.2
La Paila;2025-08-28;34.2;19.0;76.0;425.1
Bugalagrande;2025-08-29;34.1;16.1;73.0;609.3
La Paila;2025-08-29;34.7;16.0;75.0;566.5
Bugalagrande;2025-08-30;32.5;19.7;77.0;621.7
La Paila;2025-08-30;33.0;19.8;75.0;599.4
Bugalagrande;2025-08-31;30.8;19.5;85.0;376.9
La Paila;2025-08-31;29.7;19.3;80.0;347.6
Bugalagrande;2025-09-01;31.0;19.9;81.0;387.7
La Paila;2025-09-01;30.9;19.3;81.0;371.7
Bugalagrande;2025-09-02;31.5;20.4;77.0;498.3
La Paila;2025-09-02;33.0;20.2;77.0;519.6
Bugalagrande;2025-09-03;33.4;18.3;76.0;548.8
La Paila;2025-09-03;33.5;18.3;77.0;525.1
Bugalagrande;2025-09-04;30.3;19.9;79.0;434.7
La Paila;2025-09-04;31.6;20.0;76.0;439.8
Bugalagrande;2025-09-05;28.9;18.7;81.0;328.7
La Paila;2025-09-05;30.6;18.5;82.0;360.5
Bugalagrande;2025-09-06;30.3;19.0;81.0;389.4
La Paila;2025-09-06;30.3;19.3;81.0;373.8
Bugalagrande;2025-09-07;28.9;18.7;84.0;386.6
La Paila;2025-09-07;28.9;18.6;86.0;348.2
Bugalagrande;2025-09-08;31.2;17.6;77.0;500.8
La Paila;2025-09-08;32.1;17.9;80.0;507.6
Bugalagrande;2025-09-09;34.1;18.7;73.0;611.0
La Paila;2025-09-09;34.4;19.3;75.0;601.3
Bugalagrande;2025-09-10;33.4;17.5;79.0;533.2
La Paila;2025-09-10;34.7;17.2;75.0;562.7
Bugalagrande;2025-09-11;31.7;18.7;80.0;448.9
La Paila;2025-09-11;33.0;17.9;76.0;474.9
Bugalagrande;2025-09-12;33.4;17.5;78.0;573.4
La Paila;2025-09-12;32.5;17.9;74.0;468.7
Bugalagrande;2025-09-13;32.9;17.5;74.0;504.9
La Paila;2025-09-13;33.0;17.2;75.0;465.9
Bugalagrande;2025-09-14;34.1;16.8;73.0;616.1
La Paila;2025-09-14;33.7;17.2;73.0;546.7
Bugalagrande;2025-09-15;32.4;18.1;74.0;556.9
La Paila;2025-09-15;33.0;18.5;79.0;422.8
Bugalagrande;2025-09-16;31.7;19.7;73.0;450.2
La Paila;2025-09-16;31.5;19.3;76.0;450.9
Bugalagrande;2025-09-17;31.7;17.5;77.0;490.6
La Paila;2025-09-17;31.6;17.2;76.0;481.1
Bugalagrande;2025-09-18;27.5;19.0;89.0;308.2
La Paila;2025-09-18;26.0;19.3;91.0;260.7
Bugalagrande;2025-09-19;32.0;19.5;79.0;580.6
La Paila;2025-09-19;32.5;19.3;81.0;524.1
Bugalagrande;2025-09-20;24.0;18.0;93.0;189.1
La Paila;2025-09-20;23.9;17.2;93.0;176.8
Bugalagrande;2025-09-21;31.2;17.5;80.0;535.3
La Paila;2025-09-21;31.6;16.7;82.0;581.2
Bugalagrande;2025-09-22;32.0;17.8;77.0;640.2
La Paila;2025-09-22;33.0;17.8;78.0;565.3
Bugalagrande;2025-09-23;33.4;19.9;77.0;569.2
La Paila;2025-09-23;33.7;19.3;78.0;559.3
Bugalagrande;2025-09-24;32.7;19.2;77.0;509.7
La Paila;2025-09-24;33.0;19.3;77.0;460.8
Bugalagrande;2025-09-25;33.4;19.9;76.0;527.4
La Paila;2025-09-25;33.7;19.1;78.0;556.6
Bugalagrande;2025-09-26;32.7;19.0;72.0;566.9
La Paila;2025-09-26;32.3;18.6;74.0;503.8
Bugalagrande;2025-09-27;32.2;19.2;79.0;595.6
La Paila;2025-09-27;32.7;19.3;81.0;539.0
Bugalagrande;2025-09-28;32.0;19.7;86.0;538.2
La Paila;2025-09-28;32.7;19.3;84.0;520.0
Bugalagrande;2025-09-29;30.3;19.2;81.0;537.8
La Paila;2025-09-29;30.1;17.9;84.0;446.5
Bugalagrande;2025-09-30;25.1;18.0;94.0;271.5
La Paila;2025-09-30;24.8;17.9;93.0;275.2
Bugalagrande;2025-10-01;31.0;17.5;81.0;517.7
La Paila;2025-10-01;31.3;17.6;81.0;535.8
Bugalagrande;2025-10-02;32.5;18.7;81.0;591.9
La Paila;2025-10-02;33.2;18.3;79.0;555.4
Bugalagrande;2025-10-03;28.9;18.0;94.0;280.9
La Paila;2025-10-03;27.7;17.9;93.0;260.6
Bugalagrande;2025-10-04;31.5;17.5;82.0;510.3
La Paila;2025-10-04;31.3;17.2;83.0;495.1
Bugalagrande;2025-10-05;31.0;19.2;80.0;513.3
La Paila;2025-10-05;32.3;19.1;83.0;498.7
Bugalagrande;2025-10-06;31.0;18.7;83.0;480.9
La Paila;2025-10-06;30.9;18.8;86.0;491.1
Bugalagrande;2025-10-07;32.0;18.7;82.0;526.5
La Paila;2025-10-07;30.3;19.3;82.0;496.3
Bugalagrande;2025-10-08;28.6;18.0;93.0;303.3
La Paila;2025-10-08;29.1;18.3;91.0;253.4
Bugalagrande;2025-10-09;30.3;18.3;85.0;502.5
La Paila;2025-10-09;32.0;18.1;86.0;562.4
Bugalagrande;2025-10-10;24.4;18.5;93.0;242.7
La Paila;2025-10-10;24.4;18.6;94.0;223.2
Bugalagrande;2025-10-11;29.6;18.8;89.0;479.2
La Paila;2025-10-11;29.9;19.3;87.0;471.2
Bugalagrande;2025-10-12;29.3;18.5;85.0;491.8
La Paila;2025-10-12;28.4;18.6;87.0;443.3
Bugalagrande;2025-10-13;30.6;18.7;82.0;575.5
La Paila;2025-10-13;30.8;19.3;81.0;559.0
Bugalagrande;2025-10-14;30.8;18.5;84.0;533.1
La Paila;2025-10-14;30.8;18.6;83.0;482.3
Bugalagrande;2025-10-15;31.3;17.8;84.0;537.9
La Paila;2025-10-15;30.9;17.9;83.0;503.6
Bugalagrande;2025-10-16;31.7;19.2;82.0;513.0
La Paila;2025-10-16;31.6;18.8;80.0;530.4
Bugalagrande;2025-10-17;28.9;18.5;86.0;430.2
La Paila;2025-10-17;28.9;18.6;86.0;435.3
Bugalagrande;2025-10-18;31.3;19.2;88.0;477.0
La Paila;2025-10-18;30.2;18.6;88.0;407.3
Bugalagrande;2025-10-19;31.7;17.5;86.0;526.3
Bugalagrande;2025-10-20;31.2;19.0;82.0;434.7
La Paila;2025-10-20;30.2;20.7;76.0;194.5
Bugalagrande;2025-10-21;31.7;18.1;88.0;414.2
La Paila;2025-10-21;30.9;18.6;84.0;449.2
Bugalagrande;2025-10-22;32.4;19.9;85.0;599.1
La Paila;2025-10-22;32.0;19.7;85.0;509.4
Bugalagrande;2025-10-23;29.8;18.7;89.0;368.9
La Paila;2025-10-23;28.9;18.6;90.0;315.0
Bugalagrande;2025-10-24;31.9;19.5;88.0;397.9
La Paila;2025-10-24;30.6;20.0;88.0;310.6
Bugalagrande;2025-10-25;31.9;18.5;82.0;589.6
La Paila;2025-10-25;30.9;18.6;83.0;569.7
Bugalagrande;2025-10-26;32.4;19.4;83.0;483.5
La Paila;2025-10-26;30.4;19.3;85.0;391.4
Bugalagrande;2025-10-27;27.5;18.5;91.0;369.4
La Paila;2025-10-27;26.0;18.6;92.0;334.2
Bugalagrande;2025-10-28;32.8;16.9;81.0;551.6
La Paila;2025-10-28;31.2;20.7;77.0;128.8
Bugalagrande;2025-10-29;32.4;19.9;82.0;495.2
La Paila;2025-10-29;32.3;20.0;85.0;455.1
Bugalagrande;2025-10-30;29.1;19.2;86.0;396.1
La Paila;2025-10-30;29.1;20.0;88.0;360.3
Bugalagrande;2025-10-31;32.0;19.2;84.0;495.5
La Paila;2025-10-31;32.0;19.3;87.0;508.3
Bugalagrande;2025-11-01;31.3;19.2;84.0;498.0
La Paila;2025-11-01;30.9;19.1;86.0;471.7
Bugalagrande;2025-11-02;30.5;19.5;83.0;413.2
La Paila;2025-11-02;30.4;19.3;83.0;380.5
Bugalagrande;2025-11-03;30.3;20.2;90.0;337.4
La Paila;2025-11-03;30.8;20.0;90.0;353.9
Bugalagrande;2025-11-04;31.4;19.0;85.0;536.4
La Paila;2025-11-04;31.5;20.5;85.0;476.6
Bugalagrande;2025-11-05;30.3;19.5;87.0;451.5
La Paila;2025-11-05;29.9;20.4;82.0;385.2
Bugalagrande;2025-11-06;30.1;19.9;85.0;484.4
La Paila;2025-11-06;28.9;20.0;86.0;391.2
Bugalagrande;2025-11-07;32.9;19.2;79.0;570.3
La Paila;2025-11-07;33.4;20.0;80.0;561.5
Bugalagrande;2025-11-08;33.1;19.9;83.0;480.8
La Paila;2025-11-08;32.8;20.0;82.0;469.9
Bugalagrande;2025-11-09;31.7;19.2;86.0;407.3
La Paila;2025-11-09;31.6;19.3;88.0;384.9
Bugalagrande;2025-11-10;32.7;20.2;81.0;465.3
La Paila;2025-11-10;30.9;20.0;85.0;407.6
Bugalagrande;2025-11-11;32.7;19.9;78.0;506.0
La Paila;2025-11-11;32.1;19.1;81.0;510.0
Bugalagrande;2025-11-12;32.0;20.0;87.0;469.3
La Paila;2025-11-12;32.1;20.4;89.0;436.8
Bugalagrande;2025-11-13;29.8;19.7;91.0;360.4
La Paila;2025-11-13;29.7;20.2;93.0;319.0
Bugalagrande;2025-11-14;30.0;19.7;92.0;365.9
La Paila;2025-11-14;28.6;19.8;92.0;302.8
Bugalagrande;2025-11-15;30.8;19.4;87.0;463.3
La Paila;2025-11-15;30.1;19.7;85.0;399.7
Bugalagrande;2025-11-16;27.5;19.5;90.0;341.2
La Paila;2025-11-16;27.8;19.7;90.0;307.9
Bugalagrande;2025-11-17;32.0;18.5;84.0;487.1
La Paila;2025-11-17;31.5;18.6;84.0;482.0
Bugalagrande;2025-11-18;32.4;18.8;82.0;470.8
La Paila;2025-11-18;32.3;19.1;82.0;485.8
Bugalagrande;2025-11-19;31.3;18.5;86.0;406.6
La Paila;2025-11-19;30.9;18.6;82.0;460.6
Bugalagrande;2025-11-20;30.3;18.5;90.0;436.1
La Paila;2025-11-20;28.9;17.8;88.0;387.9
Bugalagrande;2025-11-21;31.1;17.1;83.0;530.5
La Paila;2025-11-21;30.4;17.1;83.0;493.6
Bugalagrande;2025-11-22;32.4;19.0;79.0;537.7
La Paila;2025-11-22;31.6;19.1;79.0;510.6
Bugalagrande;2025-11-23;29.4;19.9;90.0;274.0
La Paila;2025-11-23;27.7;20.4;90.0;238.4
Bugalagrande;2025-11-24;28.9;19.9;90.0;265.1
La Paila;2025-11-24;29.1;20.0;89.0;246.9
Bugalagrande;2025-11-25;32.0;19.2;82.0;448.3
La Paila;2025-11-25;31.8;19.8;82.0;433.1
Bugalagrande;2025-11-26;32.7;19.7;81.0;476.2
La Paila;2025-11-26;32.8;20.5;82.0;444.8
Bugalagrande;2025-11-27;25.1;20.2;96.0;80.0
La Paila;2025-11-27;24.2;20.2;97.0;50.4
Bugalagrande;2025-11-28;23.7;18.5;96.0;192.5
La Paila;2025-11-28;25.3;18.6;93.0;228.8
Bugalagrande;2025-11-29;29.9;18.0;84.0;440.8
La Paila;2025-11-29;28.5;18.6;86.0;322.2
Bugalagrande;2025-11-30;30.3;19.2;82.0;471.0
La Paila;2025-11-30;30.2;18.6;80.0;411.6
Bugalagrande;2025-12-01;31.3;17.1;79.0;547.4
La Paila;2025-12-01;31.6;16.0;79.0;470.4
Bugalagrande;2025-12-02;29.6;19.2;83.0;457.4
La Paila;2025-12-02;29.9;19.1;82.0;398.0
Bugalagrande;2025-12-03;32.0;18.1;80.0;517.0
La Paila;2025-12-03;31.8;17.9;81.0;486.1
Bugalagrande;2025-12-04;30.3;18.1;91.0;346.5
La Paila;2025-12-04;29.7;17.9;90.0;383.1
Bugalagrande;2025-12-05;28.9;18.3;85.0;341.2
La Paila;2025-12-05;28.4;17.9;85.0;310.7
Bugalagrande;2025-12-06;32.7;17.5;77.0;563.9
La Paila;2025-12-06;32.7;16.6;77.0;520.1
Bugalagrande;2025-12-07;32.4;16.9;77.0;545.7
La Paila;2025-12-07;31.6;17.4;77.0;490.6
Bugalagrande;2025-12-08;32.7;15.7;77.0;566.7
La Paila;2025-12-08;31.6;15.9;76.0;507.8
Bugalagrande;2025-12-09;31.0;16.6;80.0;525.7
La Paila;2025-12-09;30.1;16.6;82.0;427.2
Bugalagrande;2025-12-10;31.8;18.3;78.0;435.1
La Paila;2025-12-10;32.5;18.6;78.0;429.0
Bugalagrande;2025-12-11;31.0;18.0;79.0;391.4
La Paila;2025-12-11;30.9;17.9;80.0;368.4
Bugalagrande;2025-12-12;31.0;18.0;81.0;504.8
La Paila;2025-12-12;29.6;18.6;81.0;354.7
Bugalagrande;2025-12-13;31.9;18.3;78.0;470.5
La Paila;2025-12-13;31.1;17.9;79.0;397.5
Bugalagrande;2025-12-14;32.4;19.7;74.0;488.1
La Paila;2025-12-14;32.3;19.3;75.0;448.4
Bugalagrande;2025-12-15;31.7;19.2;80.0;443.6
La Paila;2025-12-15;32.3;19.3;82.0;422.2
Bugalagrande;2025-12-16;32.2;19.9;84.0;435.7
La Paila;2025-12-16;30.9;20.5;83.0;416.6
Bugalagrande;2025-12-17;32.0;18.0;81.0;496.4
La Paila;2025-12-17;31.0;18.3;80.0;379.4
Bugalagrande;2025-12-18;31.9;19.4;82.0;446.8
La Paila;2025-12-18;31.3;19.3;86.0;421.1
Bugalagrande;2025-12-19;27.7;19.9;91.0;272.6
La Paila;2025-12-19;26.3;20.0;94.0;214.2
Bugalagrande;2025-12-20;23.9;17.5;96.0;162.5
La Paila;2025-12-20;24.8;17.2;95.0;185.5
Bugalagrande;2025-12-21;30.7;15.9;83.0;529.7
La Paila;2025-12-21;30.1;16.0;84.0;501.3
Bugalagrande;2025-12-22;29.6;18.7;84.0;439.5
La Paila;2025-12-22;30.1;17.2;83.0;421.3
Bugalagrande;2025-12-23;31.7;19.7;85.0;467.5
La Paila;2025-12-23;31.5;19.7;85.0;397.3
Bugalagrande;2025-12-24;29.6;19.0;87.0;397.7
La Paila;2025-12-24;28.4;19.1;86.0;346.1
Bugalagrande;2025-12-25;20.6;17.4;100.0;29.7
La Paila;2025-12-25;20.7;16.9;99.0;34.3
Bugalagrande;2025-12-26;30.0;17.4;87.0;476.7
La Paila;2025-12-26;29.1;16.9;86.0;384.8
Bugalagrande;2025-12-27;31.2;17.5;82.0;518.1
La Paila;2025-12-27;30.3;17.1;82.0;447.6
Bugalagrande;2025-12-28;31.9;19.0;81.0;531.6
La Paila;2025-12-28;32.8;19.3;80.0;437.6
Bugalagrande;2025-12-29;32.2;17.5;80.0;558.3
La Paila;2025-12-29;31.5;17.2;81.0;464.9
Bugalagrande;2025-12-30;31.5;18.0;82.0;408.5
La Paila;2025-12-30;30.9;17.8;82.0;324.2
Bugalagrande;2025-12-31;33.1;17.5;80.0;518.7
La Paila;2025-12-31;32.7;17.2;79.0;469.8
Bugalagrande;2026-01-01;32.2;18.0;83.0;447.2
La Paila;2026-01-01;31.6;17.9;82.0;399.0
Bugalagrande;2026-01-02;27.7;18.8;89.0;246.1
La Paila;2026-01-02;27.5;18.6;87.0;218.2
Bugalagrande;2026-01-03;31.5;19.2;83.0;528.3
La Paila;2026-01-03;31.5;18.8;85.0;505.5
Bugalagrande;2026-01-04;29.1;19.2;88.0;370.8
La Paila;2026-01-04;30.1;19.1;88.0;450.7
Bugalagrande;2026-01-05;30.3;18.8;92.0;328.2
La Paila;2026-01-05;29.4;19.5;90.0;313.0
Bugalagrande;2026-01-06;31.0;19.2;88.0;460.8
La Paila;2026-01-06;30.6;20.0;88.0;403.1
Bugalagrande;2026-01-07;30.5;19.2;86.0;456.0
La Paila;2026-01-07;30.1;19.3;87.0;384.4
Bugalagrande;2026-01-08;31.5;18.7;86.0;478.3
La Paila;2026-01-08;30.8;18.6;84.0;395.1
Bugalagrande;2026-01-09;30.8;19.2;88.0;484.1
La Paila;2026-01-09;30.2;19.0;90.0;420.4
Bugalagrande;2026-01-10;30.8;19.2;90.0;426.5
La Paila;2026-01-10;28.9;18.3;88.0;365.6
Bugalagrande;2026-01-11;30.1;18.8;94.0;341.9
La Paila;2026-01-11;27.5;20.0;93.0;256.9
Bugalagrande;2026-01-12;26.8;19.2;94.0;279.5
La Paila;2026-01-12;26.2;19.3;90.0;208.8
Bugalagrande;2026-01-13;28.4;19.2;88.0;391.6
La Paila;2026-01-13;27.7;19.3;88.0;322.7
Bugalagrande;2026-01-14;31.4;19.2;85.0;485.9
La Paila;2026-01-14;30.9;19.3;85.0;501.0
Bugalagrande;2026-01-15;26.5;19.2;93.0;193.7
La Paila;2026-01-15;25.5;19.3;93.0;163.5
Bugalagrande;2026-01-16;29.8;19.2;87.0;363.5
La Paila;2026-01-16;29.4;19.3;87.0;345.8
Bugalagrande;2026-01-17;33.2;18.7;82.0;511.0
La Paila;2026-01-17;32.1;18.1;83.0;443.8
Bugalagrande;2026-01-18;33.6;18.0;82.0;547.3
La Paila;2026-01-18;33.0;17.9;82.0;492.9
Bugalagrande;2026-01-19;28.9;19.9;90.0;205.0
La Paila;2026-01-19;28.0;19.8;88.0;206.0
Bugalagrande;2026-01-20;33.4;19.2;80.0;546.4
La Paila;2026-01-20;32.5;20.0;80.0;438.0
Bugalagrande;2026-01-21;32.0;20.4;80.0;480.7
La Paila;2026-01-21;31.0;20.4;79.0;455.5
Bugalagrande;2026-01-22;26.5;18.7;93.0;163.3
La Paila;2026-01-22;26.7;19.1;92.0;172.0
Bugalagrande;2026-01-23;30.8;18.8;83.0;432.8
La Paila;2026-01-23;30.2;18.6;84.0;372.2
Bugalagrande;2026-01-24;31.7;19.4;82.0;484.7
La Paila;2026-01-24;30.8;19.5;81.0;411.0
Bugalagrande;2026-01-25;29.6;19.9;88.0;280.5
La Paila;2026-01-25;29.4;20.0;86.0;328.8
Bugalagrande;2026-01-26;31.5;19.2;86.0;475.6
La Paila;2026-01-26;31.1;19.3;87.0;478.9
Bugalagrande;2026-01-27;31.3;19.7;87.0;393.5
La Paila;2026-01-27;30.9;19.3;90.0;473.2
Bugalagrande;2026-01-28;29.3;19.5;88.0;358.9
La Paila;2026-01-28;30.2;20.0;88.0;460.2
Bugalagrande;2026-01-29;29.9;18.0;87.0;428.6
La Paila;2026-01-29;30.3;18.6;87.0;437.9
Bugalagrande;2026-01-30;31.2;18.1;82.0;372.3
La Paila;2026-01-30;30.3;18.5;81.0;392.4
Bugalagrande;2026-01-31;27.9;20.2;88.0;231.1
La Paila;2026-01-31;28.1;20.7;87.0;226.3
Bugalagrande;2026-02-01;27.5;19.5;95.0;177.5
La Paila;2026-02-01;27.7;19.8;93.0;224.9
Bugalagrande;2026-02-02;29.9;19.0;87.0;424.5
La Paila;2026-02-02;29.4;19.5;88.0;377.3
Bugalagrande;2026-02-03;32.0;18.5;85.0;462.3
La Paila;2026-02-03;31.5;19.7;85.0;462.7
Bugalagrande;2026-02-04;29.6;19.2;83.0;368.2
La Paila;2026-02-04;31.1;19.7;84.0;437.3
Bugalagrande;2026-02-05;31.7;18.5;83.0;444.4
La Paila;2026-02-05;31.3;17.9;79.0;480.2
Bugalagrande;2026-02-06;29.6;19.7;84.0;354.9
La Paila;2026-02-06;28.9;19.3;86.0;318.7
Bugalagrande;2026-02-07;31.5;18.5;82.0;473.0
La Paila;2026-02-07;31.6;18.8;86.0;500.0
Bugalagrande;2026-02-08;31.3;19.7;87.0;397.6
La Paila;2026-02-08;30.6;20.5;89.0;360.7
Bugalagrande;2026-02-09;32.9;19.2;80.0;547.3
La Paila;2026-02-09;32.0;19.3;82.0;514.3
Bugalagrande;2026-02-10;32.8;19.7;82.0;450.8
La Paila;2026-02-10;31.3;19.3;83.0;473.6
Bugalagrande;2026-02-11;32.5;19.5;78.0;582.8
La Paila;2026-02-11;32.3;19.3;78.0;549.4
Bugalagrande;2026-02-12;32.2;19.2;80.0;506.1
La Paila;2026-02-12;32.5;20.0;79.0;503.3
Bugalagrande;2026-02-13;23.0;18.5;98.0;95.5
La Paila;2026-02-13;23.1;19.3;97.0;104.5
Bugalagrande;2026-02-14;30.6;16.1;81.0;588.9
La Paila;2026-02-14;30.2;17.2;83.0;507.4
Bugalagrande;2026-02-15;29.2;19.0;91.0;390.2
La Paila;2026-02-15;28.4;19.3;88.0;353.7
Bugalagrande;2026-02-16;29.3;19.0;85.0;351.0
La Paila;2026-02-16;29.6;19.3;85.0;373.5
Bugalagrande;2026-02-17;32.3;19.5;82.0;547.2
La Paila;2026-02-17;32.1;19.3;84.0;488.2
Bugalagrande;2026-02-18;29.7;19.0;85.0;470.3
La Paila;2026-02-18;29.1;19.3;85.0;453.8
Bugalagrande;2026-02-19;32.2;19.5;88.0;555.8
La Paila;2026-02-19;30.9;19.5;82.0;527.9
Bugalagrande;2026-02-20;32.0;19.5;83.0;516.5
La Paila;2026-02-20;32.3;19.3;84.0;494.8
Bugalagrande;2026-02-21;31.3;19.2;86.0;460.5
La Paila;2026-02-21;30.2;19.3;87.0;473.2
Bugalagrande;2026-02-22;31.6;18.8;89.0;419.1
La Paila;2026-02-22;30.2;19.1;88.0;409.6
Bugalagrande;2026-02-23;29.6;19.5;88.0;445.9
La Paila;2026-02-23;28.7;19.5;87.0;381.4
Bugalagrande;2026-02-24;31.3;19.5;89.0;494.9
La Paila;2026-02-24;29.7;20.0;87.0;374.1
Bugalagrande;2026-02-25;29.2;19.5;87.0;401.9
La Paila;2026-02-25;30.2;20.0;85.0;458.3
Bugalagrande;2026-02-26;33.2;18.5;86.0;535.6
La Paila;2026-02-26;32.3;18.6;84.0;462.4
Bugalagrande;2026-02-27;32.3;19.2;83.0;449.9
La Paila;2026-02-27;32.3;19.3;81.0;511.1
Bugalagrande;2026-02-28;34.1;18.0;80.0;589.9
La Paila;2026-02-28;33.0;17.9;79.0;600.9
Bugalagrande;2026-03-01;33.9;19.2;79.0;581.3
La Paila;2026-03-01;33.7;18.6;82.0;560.3
Bugalagrande;2026-03-02;33.4;19.5;79.0;533.8
La Paila;2026-03-02;33.4;19.3;79.0;592.1
Bugalagrande;2026-03-03;33.4;19.9;80.0;471.1
La Paila;2026-03-03;32.7;19.3;80.0;415.6
Bugalagrande;2026-03-04;33.1;20.2;79.0;553.2
La Paila;2026-03-04;32.3;20.0;78.0;481.5
Bugalagrande;2026-03-05;30.6;19.9;90.0;329.7
La Paila;2026-03-05;29.7;20.4;85.0;398.9
Bugalagrande;2026-03-06;32.0;18.8;86.0;408.6
La Paila;2026-03-06;31.6;18.6;86.0;425.8
Bugalagrande;2026-03-07;32.7;18.0;80.0;550.9
La Paila;2026-03-07;32.3;18.3;80.0;558.8
Bugalagrande;2026-03-08;28.9;18.5;90.0;331.5
La Paila;2026-03-08;27.8;18.6;89.0;326.0
Bugalagrande;2026-03-09;32.0;18.0;81.0;588.2
La Paila;2026-03-09;30.9;19.3;81.0;536.2
Bugalagrande;2026-03-10;32.4;20.2;81.0;507.4
La Paila;2026-03-10;31.6;20.4;79.0;487.3
Bugalagrande;2026-03-11;31.3;20.0;86.0;418.9
La Paila;2026-03-11;30.6;20.7;85.0;421.8
Bugalagrande;2026-03-12;26.5;16.8;95.0;165.4
La Paila;2026-03-12;25.3;16.7;95.0;156.0
Bugalagrande;2026-03-13;32.4;15.4;81.0;610.4
La Paila;2026-03-13;32.3;15.4;82.0;564.3
Bugalagrande;2026-03-14;33.6;17.3;77.0;663.2
La Paila;2026-03-14;33.5;17.2;78.0;573.1
Bugalagrande;2026-03-15;34.1;18.0;76.0;660.4
La Paila;2026-03-15;34.0;17.6;77.0;550.7
Bugalagrande;2026-03-16;34.5;17.1;75.0;659.8
La Paila;2026-03-16;34.4;17.2;76.0;597.7
Bugalagrande;2026-03-17;32.7;18.2;78.0;450.8
La Paila;2026-03-17;32.0;18.3;77.0;491.8
Bugalagrande;2026-03-18;30.0;17.6;84.0;466.6
La Paila;2026-03-18;30.1;17.2;83.0;416.6
Bugalagrande;2026-03-19;32.7;15.4;76.0;651.2
La Paila;2026-03-19;33.0;15.4;76.0;602.5
Bugalagrande;2026-03-20;33.4;15.4;74.0;652.3
La Paila;2026-03-20;33.0;15.2;74.0;603.8
Bugalagrande;2026-03-21;32.7;15.9;74.0;629.8
La Paila;2026-03-21;32.3;16.4;75.0;617.4
Bugalagrande;2026-03-22;33.4;18.3;76.0;534.7
La Paila;2026-03-22;33.7;19.1;75.0;534.5
Bugalagrande;2026-03-23;32.9;20.6;80.0;486.5
La Paila;2026-03-23;32.8;20.7;82.0;527.1
Bugalagrande;2026-03-24;30.3;19.2;90.0;407.5
La Paila;2026-03-24;29.2;19.3;90.0;354.1
Bugalagrande;2026-03-25;31.5;18.7;82.0;528.2
La Paila;2026-03-25;30.2;19.0;85.0;379.2
Bugalagrande;2026-03-26;33.4;18.3;78.0;583.6
La Paila;2026-03-26;33.5;17.9;80.0;601.8
Bugalagrande;2026-03-27;28.4;18.5;90.0;323.8
La Paila;2026-03-27;28.0;19.3;89.0;281.0
Bugalagrande;2026-03-28;32.4;19.9;81.0;614.9
La Paila;2026-03-28;32.3;19.8;83.0;611.2
Bugalagrande;2026-03-29;32.5;18.3;81.0;527.7
La Paila;2026-03-29;32.3;18.6;83.0;533.4
Bugalagrande;2026-03-30;31.3;19.5;82.0;446.5
La Paila;2026-03-30;31.6;20.0;81.0;414.8
Bugalagrande;2026-03-31;32.2;18.1;81.0;552.6
La Paila;2026-03-31;33.0;17.2;80.0;620.0
Bugalagrande;2026-04-01;32.0;18.2;79.0;496.9
La Paila;2026-04-01;32.0;17.9;78.0;515.4
Bugalagrande;2026-04-02;32.5;16.8;77.0;634.1
La Paila;2026-04-02;32.3;17.2;77.0;571.4
Bugalagrande;2026-04-03;33.2;17.5;76.0;660.6
La Paila;2026-04-03;33.2;17.9;76.0;585.7
Bugalagrande;2026-04-04;33.4;18.2;77.0;530.1
La Paila;2026-04-04;32.8;18.3;77.0;443.5
Bugalagrande;2026-04-05;29.6;19.2;86.0;326.3
La Paila;2026-04-05;29.4;20.0;83.0;283.5
Bugalagrande;2026-04-06;33.4;19.4;80.0;567.8
La Paila;2026-04-06;33.0;19.8;77.0;485.4
Bugalagrande;2026-04-07;32.6;19.9;79.0;453.9
La Paila;2026-04-07;32.3;19.8;79.0;414.8
Bugalagrande;2026-04-08;31.8;20.4;81.0;399.9
La Paila;2026-04-08;31.6;20.7;84.0;357.4
Bugalagrande;2026-04-09;32.9;20.6;78.0;569.5
La Paila;2026-04-09;32.3;20.7;82.0;537.2
Bugalagrande;2026-04-10;33.4;18.9;83.0;516.2
La Paila;2026-04-10;33.4;18.6;85.0;525.1
Bugalagrande;2026-04-11;31.9;19.4;83.0;519.5
La Paila;2026-04-11;32.5;20.0;84.0;516.0
Bugalagrande;2026-04-12;34.3;18.8;77.0;613.1
La Paila;2026-04-12;34.3;19.0;77.0;598.7
Bugalagrande;2026-04-13;30.8;19.2;85.0;475.3
La Paila;2026-04-13;30.1;19.8;83.0;449.0
Bugalagrande;2026-04-14;32.2;19.5;81.0;534.3
La Paila;2026-04-14;32.3;20.0;80.0;552.7
Bugalagrande;2026-04-15;27.7;19.4;92.0;244.1
La Paila;2026-04-15;27.3;19.3;92.0;265.7
Bugalagrande;2026-04-16;30.1;19.4;88.0;541.2
La Paila;2026-04-16;30.9;19.1;89.0;518.0
Bugalagrande;2026-04-17;28.9;19.5;90.0;423.6
La Paila;2026-04-17;27.8;19.3;90.0;445.0
Bugalagrande;2026-04-18;32.0;18.2;80.0;568.8
La Paila;2026-04-18;30.6;18.5;83.0;533.5
Bugalagrande;2026-04-19;27.7;17.5;86.0;324.9
La Paila;2026-04-19;27.2;16.7;86.0;311.5
Bugalagrande;2026-04-20;32.7;16.1;78.0;590.8
La Paila;2026-04-20;32.1;16.0;80.0;600.6
Bugalagrande;2026-04-21;32.7;18.2;82.0;524.6
La Paila;2026-04-21;32.3;17.9;79.0;528.4
Bugalagrande;2026-04-22;31.8;16.4;79.0;573.3
La Paila;2026-04-22;30.9;16.4;78.0;626.4
Bugalagrande;2026-04-23;32.0;17.3;82.0;501.1
La Paila;2026-04-23;31.5;16.6;79.0;528.6
Bugalagrande;2026-04-24;31.2;17.8;80.0;472.9
La Paila;2026-04-24;30.6;17.2;80.0;475.2
Bugalagrande;2026-04-25;30.5;16.4;81.0;391.0
La Paila;2026-04-25;31.1;16.9;79.0;461.5
Bugalagrande;2026-04-26;32.7;18.2;76.0;562.9
La Paila;2026-04-26;33.5;17.6;74.0;632.2
Bugalagrande;2026-04-27;30.8;19.2;78.0;503.3
La Paila;2026-04-27;31.5;20.0;76.0;458.3
Bugalagrande;2026-04-28;32.2;19.9;82.0;510.7
La Paila;2026-04-28;31.6;20.7;81.0;452.3
Bugalagrande;2026-04-29;32.0;20.1;81.0;449.5
La Paila;2026-04-29;32.0;20.0;81.0;447.3
Bugalagrande;2026-04-30;33.1;19.4;80.0;507.7
La Paila;2026-04-30;33.0;19.3;79.0;479.8
Bugalagrande;2026-05-01;32.9;19.4;82.0;467.9
La Paila;2026-05-01;32.0;19.3;79.0;436.1
Bugalagrande;2026-05-02;29.6;20.6;91.0;290.2
La Paila;2026-05-02;28.9;20.7;90.0;321.9
Bugalagrande;2026-05-03;32.4;20.4;87.0;481.0
La Paila;2026-05-03;32.3;20.2;86.0;545.8
Bugalagrande;2026-05-04;29.4;20.4;92.0;421.3
La Paila;2026-05-04;29.6;20.5;92.0;401.7
Bugalagrande;2026-05-05;32.9;19.9;85.0;590.5
La Paila;2026-05-05;32.6;20.7;83.0;586.5
Bugalagrande;2026-05-06;32.4;19.7;83.0;527.0
La Paila;2026-05-06;33.3;20.5;81.0;533.6
Bugalagrande;2026-05-07;33.4;19.9;79.0;550.1
La Paila;2026-05-07;33.5;19.3;83.0;566.9
Bugalagrande;2026-05-08;30.6;20.9;86.0;417.7
La Paila;2026-05-08;31.6;20.7;86.0;436.9
Bugalagrande;2026-05-09;33.4;19.0;78.0;620.8
La Paila;2026-05-09;33.0;19.7;80.0;611.9
Bugalagrande;2026-05-10;32.2;19.4;82.0;379.8
La Paila;2026-05-10;31.6;19.3;84.0;425.8
Bugalagrande;2026-05-11;30.6;19.9;85.0;386.2
La Paila;2026-05-11;30.9;20.0;86.0;385.5
Bugalagrande;2026-05-12;31.8;19.4;85.0;513.7
La Paila;2026-05-12;31.3;19.3;85.0;511.4
Bugalagrande;2026-05-13;33.4;19.0;86.0;543.9
La Paila;2026-05-13;33.0;19.1;84.0;569.8
Bugalagrande;2026-05-14;32.7;20.6;85.0;406.6
La Paila;2026-05-14;33.0;20.7;83.0;527.3
Bugalagrande;2026-05-15;32.0;20.6;82.0;447.2
La Paila;2026-05-15;32.0;19.8;82.0;468.7
Bugalagrande;2026-05-16;30.5;19.9;87.0;326.8
La Paila;2026-05-16;30.1;20.0;84.0;341.7
Bugalagrande;2026-05-17;28.4;19.4;90.0;284.8
La Paila;2026-05-17;29.4;19.7;86.0;321.7
Bugalagrande;2026-05-18;31.5;19.4;85.0;398.3
La Paila;2026-05-18;33.0;19.7;81.0;493.7
Bugalagrande;2026-05-19;33.3;19.9;80.0;506.9
La Paila;2026-05-19;33.0;20.0;81.0;500.7
Bugalagrande;2026-05-20;33.3;18.9;82.0;471.4
La Paila;2026-05-20;33.5;18.8;79.0;475.9
Bugalagrande;2026-05-21;31.9;20.9;87.0;322.4
La Paila;2026-05-21;31.6;20.7;85.0;382.6
Bugalagrande;2026-05-22;32.4;20.1;85.0;539.3
La Paila;2026-05-22;31.6;20.5;85.0;458.6
Bugalagrande;2026-05-23;32.4;20.6;81.0;480.5
La Paila;2026-05-23;32.3;21.2;81.0;464.1
Bugalagrande;2026-05-24;34.1;20.1;78.0;596.0
La Paila;2026-05-24;34.3;20.7;78.0;593.8
Bugalagrande;2026-05-25;30.7;20.6;83.0;349.7
La Paila;2026-05-25;30.6;21.4;80.0;372.2
Bugalagrande;2026-05-26;33.6;20.1;77.0;507.4
La Paila;2026-05-26;34.2;20.7;77.0;498.1
Bugalagrande;2026-05-27;32.1;20.8;83.0;435.0
La Paila;2026-05-27;33.9;22.1;68.0;394.9
Bugalagrande;2026-05-28;30.5;21.1;87.0;367.7
La Paila;2026-05-28;31.3;21.2;80.0;337.3
Bugalagrande;2026-05-29;32.1;19.9;87.0;485.2
La Paila;2026-05-29;;;85.0;484.1
Bugalagrande;2026-05-30;30.0;20.1;90.0;383.9
La Paila;2026-05-30;29.7;20.0;89.0;345.8
Bugalagrande;2026-05-31;32.9;18.9;85.0;487.3
La Paila;2026-05-31;33.3;19.3;84.0;493.8
Bugalagrande;2026-06-01;32.9;19.2;82.0;591.5
La Paila;2026-06-01;34.0;19.1;81.0;584.1
Bugalagrande;2026-06-02;32.6;20.2;82.0;448.8
La Paila;2026-06-02;33.0;20.7;81.0;475.9
Bugalagrande;2026-06-03;27.2;19.9;95.0;205.0
La Paila;2026-06-03;29.6;20.7;92.0;236.3
Bugalagrande;2026-06-04;30.3;19.5;88.0;385.5
La Paila;2026-06-04;31.6;20.0;87.0;461.4
Bugalagrande;2026-06-05;28.9;20.1;94.0;330.7
La Paila;2026-06-05;30.9;20.7;89.0;388.7
Bugalagrande;2026-06-06;28.9;20.1;92.0;300.3
La Paila;2026-06-06;28.4;20.0;90.0;304.2
Bugalagrande;2026-06-07;29.6;19.2;89.0;381.8
La Paila;2026-06-07;30.2;19.3;90.0;318.0
Bugalagrande;2026-06-08;29.1;19.2;93.0;300.1
La Paila;2026-06-08;29.6;20.0;93.0;324.7
Bugalagrande;2026-06-09;30.5;19.2;87.0;506.3
La Paila;2026-06-09;31.6;18.6;86.0;476.3
Bugalagrande;2026-06-10;33.8;19.9;85.0;508.8
La Paila;2026-06-10;32.6;20.0;83.0;490.5
Bugalagrande;2026-06-11;34.1;18.8;81.0;579.4
La Paila;2026-06-11;34.4;18.6;80.0;584.8
Bugalagrande;2026-06-12;32.9;19.9;81.0;538.3
La Paila;2026-06-12;33.4;20.7;80.0;458.7
Bugalagrande;2026-06-13;30.7;19.9;87.0;350.3
La Paila;2026-06-13;31.6;20.0;85.0;355.8
Bugalagrande;2026-06-14;30.2;19.9;88.0;277.3
La Paila;2026-06-14;30.8;20.0;86.0;319.0
Bugalagrande;2026-06-15;31.4;19.4;85.0;339.8
La Paila;2026-06-15;31.6;20.0;84.0;358.3
Bugalagrande;2026-06-16;31.7;19.7;82.0;464.9
La Paila;2026-06-16;32.8;20.0;81.0;466.2
Bugalagrande;2026-06-17;32.5;18.7;79.0;549.2
La Paila;2026-06-17;33.0;19.3;77.0;566.7
Bugalagrande;2026-06-18;31.2;19.4;83.0;497.0
La Paila;2026-06-18;33.2;20.0;83.0;444.4
Bugalagrande;2026-06-19;32.4;18.2;84.0;427.7
La Paila;2026-06-19;32.3;18.1;82.0;496.6
Bugalagrande;2026-06-20;32.9;19.4;81.0;530.8
La Paila;2026-06-20;33.6;19.3;78.0;578.8
Bugalagrande;2026-06-21;32.4;19.9;82.0;438.9
La Paila;2026-06-21;33.7;20.0;84.0;459.1
Bugalagrande;2026-06-22;32.7;19.5;84.0;524.9
La Paila;2026-06-22;33.7;19.3;85.0;518.8
Bugalagrande;2026-06-23;30.8;19.4;85.0;388.9
La Paila;2026-06-23;30.3;19.3;85.0;398.7
Bugalagrande;2026-06-24;31.9;17.6;84.0;479.1
La Paila;2026-06-24;32.0;17.9;84.0;387.4
Bugalagrande;2026-06-25;33.1;18.9;79.0;537.2
La Paila;2026-06-25;34.4;19.3;79.0;521.5
Bugalagrande;2026-06-26;34.3;19.0;79.0;526.1
La Paila;2026-06-26;33.5;19.3;81.0;426.8
Bugalagrande;2026-06-27;35.9;19.4;74.0;584.1
La Paila;2026-06-27;36.0;19.3;73.0;589.1
Bugalagrande;2026-06-28;33.1;20.4;77.0;457.3
La Paila;2026-06-28;34.4;20.7;76.0;493.0
Bugalagrande;2026-06-29;34.3;19.4;76.0;510.7
La Paila;2026-06-29;34.2;19.3;77.0;504.3
Bugalagrande;2026-06-30;32.6;19.4;77.0;472.5
La Paila;2026-06-30;33.7;20.0;74.0;452.1
Bugalagrande;2026-07-01;31.0;20.1;83.0;328.5
La Paila;2026-07-01;31.3;20.0;82.0;329.4
Bugalagrande;2026-07-02;34.3;19.0;76.0;501.5
La Paila;2026-07-02;34.6;19.0;78.0;446.8
Bugalagrande;2026-07-03;31.7;20.1;81.0;387.6
La Paila;2026-07-03;31.6;20.0;79.0;449.3
Bugalagrande;2026-07-04;32.8;19.0;82.0;396.1
La Paila;2026-07-04;31.6;20.0;80.0;337.7
Bugalagrande;2026-07-05;34.1;18.9;78.0;561.0
La Paila;2026-07-05;32.3;19.3;79.0;490.0
Bugalagrande;2026-07-06;34.1;18.9;76.0;580.5
La Paila;2026-07-06;35.1;18.6;75.0;576.8
Bugalagrande;2026-07-07;36.6;18.7;74.0;572.9
La Paila;2026-07-07;36.3;18.6;73.0;555.0
Bugalagrande;2026-07-08;32.4;20.1;81.0;311.3
La Paila;2026-07-08;32.3;20.7;81.0;342.9
Bugalagrande;2026-07-09;31.7;19.4;81.0;323.7
La Paila;2026-07-09;31.8;20.0;80.0;320.8
Bugalagrande;2026-07-10;33.6;20.4;76.0;472.7
La Paila;2026-07-10;33.7;20.4;76.0;417.4
Bugalagrande;2026-07-11;32.4;17.3;77.0;405.2
La Paila;2026-07-11;32.2;17.8;76.0;391.1
Bugalagrande;2026-07-12;30.5;20.1;85.0;267.9
La Paila;2026-07-12;29.3;20.0;81.0;251.8
Bugalagrande;2026-07-13;34.7;19.0;76.0;467.3
La Paila;2026-07-13;35.6;19.1;75.0;499.2
Bugalagrande;2026-07-14;34.8;15.4;72.0;559.5
La Paila;2026-07-14;34.7;16.0;71.0;501.1
Bugalagrande;2026-07-15;35.9;18.2;71.0;574.4
La Paila;2026-07-15;35.6;18.6;72.0;523.1
Bugalagrande;2026-07-16;33.6;18.9;75.0;502.4
La Paila;2026-07-16;35.1;19.1;74.0;393.5
Bugalagrande;2026-07-17;32.4;18.0;79.0;304.8
La Paila;2026-07-17;33.0;18.1;77.0;315.0
Bugalagrande;2026-07-18;31.9;18.2;81.0;392.8
La Paila;2026-07-18;32.8;18.5;78.0;379.8
Bugalagrande;2026-07-19;30.0;20.1;89.0;279.7
La Paila;2026-07-19;29.7;20.0;90.0;229.3
Bugalagrande;2026-07-20;31.7;20.1;83.0;402.2
La Paila;2026-07-20;32.0;20.0;84.0;512.4
Bugalagrande;2026-07-21;33.1;20.1;78.0;546.3
La Paila;2026-07-21;33.0;18.8;80.0;564.8
Bugalagrande;2026-07-22;33.6;18.9;76.0;525.4
La Paila;2026-07-22;33.0;19.0;77.0;491.5
Bugalagrande;2026-07-23;31.5;20.1;83.0;371.5
La Paila;2026-07-23;32.3;20.0;85.0;489.0
Bugalagrande;2026-07-24;33.4;19.4;79.0;585.5
La Paila;2026-07-24;32.8;19.3;80.0;561.5
Bugalagrande;2026-07-25;33.4;15.5;74.0;508.6
La Paila;2026-07-25;33.3;17.2;77.0;472.2
Bugalagrande;2026-07-26;31.4;16.8;77.0;431.5
La Paila;2026-07-26;31.8;17.9;78.0;376.2
Bugalagrande;2026-07-27;32.4;18.2;75.0;481.4
La Paila;2026-07-27;33.4;18.6;76.0;451.0
Bugalagrande;2026-07-28;34.8;18.9;73.0;573.6
La Paila;2026-07-28;34.9;19.0;72.0;540.8
Bugalagrande;2026-07-29;34.6;16.8;72.0;551.1
La Paila;2026-07-29;35.6;17.9;72.0;562.1
Bugalagrande;2026-07-30;34.1;19.4;73.0;515.8
La Paila;2026-07-30;35.8;19.8;73.0;506.7
Bugalagrande;2026-07-31;33.6;18.2;71.0;479.1
La Paila;2026-07-31;35.1;18.6;73.0;484.6
Bugalagrande;2026-08-01;33.8;18.9;74.0;418.6
La Paila;2026-08-01;35.3;19.3;73.0;497.0
Bugalagrande;2026-08-02;35.9;16.1;69.0;604.2
La Paila;2026-08-02;35.8;17.4;68.0;557.0
Bugalagrande;2026-08-03;31.7;18.9;73.0;391.5
La Paila;2026-08-03;32.7;19.3;73.0;430.5
Bugalagrande;2026-08-04;34.0;18.7;71.0;459.3
La Paila;2026-08-04;34.4;19.8;70.0;465.0
Bugalagrande;2026-08-05;29.6;19.0;79.0;234.2
La Paila;2026-08-05;30.1;19.7;76.0;241.4
Bugalagrande;2026-08-06;31.4;19.5;81.0;350.0
La Paila;2026-08-06;32.8;20.0;75.0;376.1
Bugalagrande;2026-08-07;35.0;18.0;76.0;593.7
La Paila;2026-08-07;35.8;18.3;72.0;586.9
Bugalagrande;2026-08-08;34.1;17.1;75.0;538.7
La Paila;2026-08-08;34.4;18.6;70.0;511.2
Bugalagrande;2026-08-09;34.5;19.6;78.0;525.3
La Paila;2026-08-09;35.8;20.0;74.0;494.5
Bugalagrande;2026-08-10;36.2;16.8;73.0;632.5
La Paila;2026-08-10;37.0;17.2;70.0;604.5
Bugalagrande;2026-08-11;36.2;15.9;70.0;607.3
La Paila;2026-08-11;37.8;17.1;68.0;578.5
Bugalagrande;2026-08-12;34.3;18.2;71.0;493.4
La Paila;2026-08-12;35.4;18.5;69.0;433.8
Bugalagrande;2026-08-13;36.2;16.8;69.0;612.8
La Paila;2026-08-13;37.3;16.9;67.0;595.8
Bugalagrande;2026-08-14;34.3;18.9;72.0;540.0
La Paila;2026-08-14;35.1;20.0;69.0;453.6
Bugalagrande;2026-08-15;34.3;18.3;71.0;510.1
La Paila;2026-08-15;34.4;19.0;70.0;458.0
Bugalagrande;2026-08-16;30.5;19.5;86.0;309.8
La Paila;2026-08-16;30.4;21.4;86.0;239.7
Bugalagrande;2026-08-17;27.9;20.4;94.0;278.4
La Paila;2026-08-17;28.5;20.0;94.0;280.5
Bugalagrande;2026-08-18;33.1;19.4;80.0;601.8
La Paila;2026-08-18;34.2;19.3;80.0;594.5
Bugalagrande;2026-08-19;32.8;18.2;80.0;428.5
La Paila;2026-08-19;34.2;18.6;77.0;499.5
Bugalagrande;2026-08-20;35.5;19;74.0;618.2
La Paila;2026-08-20;36.8;19.3;71.0;523.2
Bugalagrande;2026-08-21;34.7;18.9;73.0;526.8
La Paila;2026-08-21;36.1;19.7;70.0;487.4
Bugalagrande;2026-08-22;32.8;20.6;77.0;367.2
La Paila;2026-08-22;34.4;20;74.0;458.1
Bugalagrande;2026-08-23;33.3;18.2;75.0;416.3
La Paila;2026-08-23;35.6;19.3;72.0;536.6
Bugalagrande;2026-08-24;33.4;19.4;75.0;474.3
La Paila;2026-08-24;34.4;20;72.0;407.5
Bugalagrande;2026-08-25;34.3;18.2;74.0;508.9
La Paila;2026-08-25;34.9;18.3;73.0;524.3
Bugalagrande;2026-08-26;33.1;19;76.0;411
La Paila;2026-08-26;35.1;19.3;74.0;470.6
Bugalagrande;2026-08-27;33.8;20.1;72.0;500.7
La Paila;2026-08-27;34.6;19.8;72.0;472.1
Bugalagrande;2026-08-28;33.8;19;74.0;417.7
La Paila;2026-08-28;34.4;19.7;72.0;477.5
Bugalagrande;2026-08-29;32.1;18.9;87.0;408.4
La Paila;2026-08-29;32.3;20;81.0;407.1
Bugalagrande;2026-08-30;31;20.2;81.0;449.2
La Paila;2026-08-30;31.8;21.4;77.0;404.8
Bugalagrande;2026-08-31;32.9;19.7;75.0;513
La Paila;2026-08-31;33.7;20;73.0;455.9
Bugalagrande;2026-09-01;34.1;18.9;75.0;510.5
La Paila;2026-09-01;35.6;19.3;76.0;501.8
Bugalagrande;2026-09-02;33.8;20.1;77.0;508.9
La Paila;2026-09-02;34.4;20;75.0;483
Bugalagrande;2026-09-03;34.8;19.4;73.0;529.7
La Paila;2026-09-03;35.6;20;73.0;515.9
Bugalagrande;2026-09-04;35.2;18.2;73.0;532.1
La Paila;2026-09-04;34.4;19.1;72.0;440.4
Bugalagrande;2026-09-05;36.7;18.9;73.0;507.8
La Paila;2026-09-05;35.8;19.3;71.0;488.9
Bugalagrande;2026-09-06;33.8;20.1;72.0;492.1
La Paila;2026-09-06;34;20.7;70.0;374.5
Bugalagrande;2026-09-07;32.4;17.5;74.0;466.4
La Paila;2026-09-07;31.5;18.6;73.0;337.2
Bugalagrande;2026-09-08;36.2;16.2;71.0;621.1
La Paila;2026-09-08;36.3;17.2;70.0;603.7
